"Dataset","Scenario","QTL_N","H2_nominal","Repetition","Fold","SplitID","TaskID","Model","Architecture","Learning_rate","L1","L2","Best_epoch","Epoch_Last","Epoch_Stopped_by_patience","Epoch_Hit_ceiling","Inner_RMSE","Inner_Correlation","Inner_MAE","N_train","N_test","N_pred_finite","N_zero_variance_markers","Genetic_Correlation","Genetic_RMSE","Genetic_MAE","Genetic_Bias","Genetic_Slope","Genetic_R2","Phenotype_Correlation","Phenotype_RMSE","Phenotype_MAE","Phenotype_Bias","Phenotype_Slope","Phenotype_R2","Epoch_selection_seconds","Final_fit_seconds","Predict_seconds","Status","Error"
"simulated","C1",8,0.7,1,1,"R01_F01","C1_R01_F01","ANN_0","64-32",0.000125,0,0,26,51,TRUE,FALSE,2.07525142364321,0.422560471613441,1.65289643705861,800,200,200,0,0.673068720024746,1.47685499745342,1.21527069396396,0.0686947232774371,1.06423001124328,0.450181779957534,0.537906356378364,1.98598225773854,1.61489854868874,0.199620723277437,1.00090942193452,0.28208979272597,0.92,0.28,0.0200000000000005,"ok",NA
"simulated","C1",8,0.7,1,1,"R01_F01","C1_R01_F01","ANN_L1","64-32",0.000125,0.01,0,575,600,TRUE,FALSE,1.92397120306557,0.525040976747405,1.54062716399686,800,200,200,0,0.701287274512341,1.42301589794161,1.15100252181451,0.0855405618211739,1.03012938087721,0.489538587615135,0.567453457560898,1.94225911121194,1.59936328639447,0.216466561821174,0.980930118657292,0.313352671951473,7.75,5.45,0,"ok",NA
"simulated","C1",8,0.7,1,1,"R01_F01","C1_R01_F01","ANN_L2","64-32",0.000125,0,1e-04,26,51,TRUE,FALSE,2.05143526246192,0.446483440049285,1.63462511156991,800,200,200,0,0.674598908902363,1.4739708528433,1.21066566321816,0.0632632203863424,1.06606367604477,0.452327158956629,0.537394309057697,1.98620511540117,1.61506652746058,0.194189220386343,0.99940744765448,0.281928662618276,0.740000000000002,0.259999999999998,0.0199999999999996,"ok",NA
"simulated","C1",8,0.7,1,1,"R01_F01","C1_R01_F01","ANN_L1_L2","64-32",0.000125,0.01,1e-05,569,594,TRUE,FALSE,1.9242635380235,0.526052731359195,1.54193278947481,800,200,200,0,0.701599136204092,1.42257283707315,1.15092322931901,0.0863569583623211,1.03309077660262,0.489856405944947,0.568447613064744,1.94068586768017,1.59694327615277,0.217282958362321,0.985035523420705,0.314464599758353,9.62,7.61000000000001,0.00999999999999801,"ok",NA
"simulated","C1",8,0.7,1,2,"R01_F02","C1_R01_F02","ANN_0","32-16",0.000125,0,0,47,72,TRUE,FALSE,2.1031072109568,0.439892037863894,1.67485075787876,800,200,200,0,0.572103217335861,1.63143661839025,1.33252846304954,0.178464882471225,0.80524150958552,0.299776410127502,0.436432332385756,2.03150772237701,1.59534538446976,0.194589882471225,0.692222371140969,0.144973880045388,1.04,0.41,0,"ok",NA
"simulated","C1",8,0.7,1,2,"R01_F02","C1_R01_F02","ANN_L1","32-16",0.000125,0.01,0,766,791,TRUE,FALSE,2.01897612975181,0.526710479461729,1.62165445432383,800,200,200,0,0.654928431578826,1.49398814873081,1.21704161411971,0.1764145293442,0.88017431482631,0.412793802774308,0.507856538326966,1.93161134165427,1.55304734022175,0.192539529344199,0.76911776710112,0.226995681005687,10.14,6.81,0,"ok",NA
"simulated","C1",8,0.7,1,2,"R01_F02","C1_R01_F02","ANN_L2","32-16",0.000125,0,0.01,43,68,TRUE,FALSE,2.11017216266791,0.428940853053794,1.68330479953267,800,200,200,0,0.57480690197116,1.61858016222698,1.32028191370429,0.156302586073035,0.833383400266439,0.310769080422032,0.439973924992002,2.01621202763462,1.58610484798537,0.172427586073035,0.718830936361021,0.157800790726162,0.93,0.390000000000001,0,"ok",NA
"simulated","C1",8,0.7,1,2,"R01_F02","C1_R01_F02","ANN_L1_L2","32-16",0.000125,0.01,0.001,825,850,TRUE,FALSE,2.02017830564839,0.524473826970341,1.6234454573719,800,200,200,0,0.655207327645766,1.49470969721476,1.2150695786053,0.167784461001159,0.869537444276168,0.412226462186016,0.509508358361134,1.93128328868613,1.55594978822626,0.183909461001159,0.761969880806868,0.227258223290454,10.36,7.91,0,"ok",NA
"simulated","C1",8,0.7,1,3,"R01_F03","C1_R01_F03","ANN_0","64-32",0.000125,0,0,43,68,TRUE,FALSE,2.05506043279664,0.44702489071105,1.63078102328037,800,200,200,0,0.585099860930431,1.64309888600831,1.34249955074478,-0.261672540403186,0.991241580157337,0.325200646076852,0.506361036145011,2.08272319403607,1.65412907897362,-0.363654540403186,1.01986837470986,0.232918152314081,0.920000000000002,0.440000000000005,0,"ok",NA
"simulated","C1",8,0.7,1,3,"R01_F03","C1_R01_F03","ANN_L1","64-32",0.000125,0.01,0,969,994,TRUE,FALSE,1.95457338176262,0.5140790323082,1.56574473802424,800,200,200,0,0.565319972236508,1.66692838261381,1.36345434035308,-0.222677926027689,0.93189036618249,0.305485786170505,0.514182786697063,2.0652584273503,1.67035641800941,-0.324659926027689,1.00767934186235,0.245729010106054,15.09,12.2,0,"ok",NA
"simulated","C1",8,0.7,1,3,"R01_F03","C1_R01_F03","ANN_L2","64-32",0.000125,0,0.01,45,70,TRUE,FALSE,2.03404147544266,0.453221498268707,1.62903267923739,800,200,200,0,0.591600360171862,1.63389323958689,1.33174389932913,-0.262589651756754,0.993369524534926,0.332740743262662,0.512222202765096,2.07480449292595,1.64829723330214,-0.364571651756755,1.02252781468159,0.238740091968728,1.13,0.420000000000002,0,"ok",NA
"simulated","C1",8,0.7,1,3,"R01_F03","C1_R01_F03","ANN_L1_L2","64-32",0.000125,0.01,0.001,878,903,TRUE,FALSE,1.95364287197859,0.514535862886607,1.56611386722562,800,200,200,0,0.564149280842733,1.66707181064167,1.37181650100063,-0.223585205009488,0.965628980936651,0.305366264431531,0.51436727256774,2.06584151737678,1.66935212790542,-0.325567205009488,1.04670406151394,0.245303039223454,12.86,9.42,0,"ok",NA
"simulated","C1",8,0.7,1,4,"R01_F04","C1_R01_F04","ANN_0","64-32",0.00025,0,0,18,43,TRUE,FALSE,2.01447329937819,0.496964436500483,1.62485435095827,800,200,200,0,0.567244963345166,1.6307242090401,1.29297524954767,-0.286270201274172,0.79089892790468,0.276994791892497,0.429033514753997,2.11010373298725,1.68520246446695,-0.403246201274171,0.700959220512878,0.118371522957944,0.560000000000002,0.210000000000008,0,"ok",NA
"simulated","C1",8,0.7,1,4,"R01_F04","C1_R01_F04","ANN_L1","64-32",0.00025,0.01,0,177,202,TRUE,FALSE,1.88952625837039,0.579079047505641,1.51940965286653,800,200,200,0,0.654812942692511,1.4642124923345,1.15359684635669,-0.0720333481978498,1.18301543261228,0.417107316343118,0.507949168630213,1.94664380093133,1.5396611216747,-0.18900934819785,1.07533703742614,0.249672299000113,2.92,1.88,0,"ok",NA
"simulated","C1",8,0.7,1,4,"R01_F04","C1_R01_F04","ANN_L2","64-32",0.00025,0,0.01,18,43,TRUE,FALSE,2.00008750543866,0.503980393304543,1.61079429282286,800,200,200,0,0.568629853376134,1.62565020156756,1.2906767290602,-0.279545164522148,0.798436158114273,0.281487061617299,0.432675520211607,2.1016539407994,1.67829558218556,-0.396521164522148,0.711908304945196,0.125418249233957,0.640000000000001,0.200000000000003,0,"ok",NA
"simulated","C1",8,0.7,1,4,"R01_F04","C1_R01_F04","ANN_L1_L2","64-32",0.00025,0.01,0.001,178,203,TRUE,FALSE,1.88963188146866,0.579252017965285,1.51922010552388,800,200,200,0,0.654302945600436,1.46527738416046,1.15418734052688,-0.0753269150723653,1.18369664076343,0.416259156154451,0.50816895386411,1.94675696674218,1.54044620343405,-0.192302915072365,1.07726081688605,0.249585057656047,2.87,1.84,0,"ok",NA
"simulated","C1",8,0.7,1,5,"R01_F05","C1_R01_F05","ANN_0","16",0.000125,0,0,29,54,TRUE,FALSE,2.0069957271433,0.49728768176882,1.61339314148924,800,200,200,0,0.561634653709415,1.55151834907426,1.20451407015704,0.0449155390322053,0.891207758997828,0.310154828885522,0.498935315499285,1.95974804326848,1.53935785440861,0.116816039032205,0.956373365193092,0.245738492132394,0.489999999999995,0.219999999999999,0,"ok",NA
"simulated","C1",8,0.7,1,5,"R01_F05","C1_R01_F05","ANN_L1","16",0.000125,0.01,0,63,88,TRUE,FALSE,1.9495711176892,0.534097962712583,1.54855560394428,800,200,200,0,0.635969217191693,1.4553470300382,1.1629385647258,0.0839177892376492,1.18002845081251,0.393024831703944,0.569295946871363,1.8823142637532,1.50750389417092,0.155818289237649,1.2760057763023,0.3041658606959,0.77000000000001,0.419999999999987,0,"ok",NA
"simulated","C1",8,0.7,1,5,"R01_F05","C1_R01_F05","ANN_L2","16",0.000125,0,0.001,30,55,TRUE,FALSE,2.02944276399822,0.489206437280371,1.62335953070395,800,200,200,0,0.563079170454852,1.55099832251614,1.2057427606097,0.0462210326644275,0.880601944992066,0.310617185892938,0.500457052748304,1.9582605394902,1.53858677012455,0.118121532664428,0.945442579090601,0.246883068900262,0.489999999999995,0.220000000000013,0,"ok",NA
"simulated","C1",8,0.7,1,5,"R01_F05","C1_R01_F05","ANN_L1_L2","16",0.000125,0.01,1e-05,64,89,TRUE,FALSE,1.94915438421335,0.534446598719029,1.5492227523402,800,200,200,0,0.63613664237471,1.45495023354985,1.16235385562969,0.0835467858194919,1.17884101964585,0.39335576690685,0.569303605213557,1.88208588762035,1.50730191619547,0.155447285819492,1.27440341436051,0.304334697826576,0.870000000000005,0.469999999999999,0,"ok",NA
"simulated","C1",8,0.7,2,1,"R02_F01","C1_R02_F01","ANN_0","32",0.000125,0,0,32,57,TRUE,FALSE,2.02372017806539,0.464016674209056,1.63533979537261,800,200,200,0,0.616008232556834,1.58832272309646,1.26340913477964,-0.0254755439461326,0.827721073745597,0.362863463859705,0.540951110960965,1.99934948017018,1.59113226925473,0.0748644560538673,0.863279946914903,0.28428493140194,0.620000000000005,0.299999999999997,0,"ok",NA
"simulated","C1",8,0.7,2,1,"R02_F01","C1_R02_F01","ANN_L1","32",0.000125,0.01,0,592,617,TRUE,FALSE,1.92205927873747,0.542914749257876,1.55990403218103,800,200,200,0,0.783775472872075,1.2561186273373,1.02209973239667,-0.0151286249610445,1.16820091098739,0.601511012629614,0.667040097965398,1.77921785484223,1.40652084665636,0.0852113750389555,1.18079349783258,0.433211553379566,7.21999999999998,4.76000000000002,0,"ok",NA
"simulated","C1",8,0.7,2,1,"R02_F01","C1_R02_F01","ANN_L2","32",0.000125,0,1e-05,32,57,TRUE,FALSE,2.03321569893788,0.462373948226767,1.62981613403019,800,200,200,0,0.616013865465394,1.58831186210212,1.263400013588,-0.025474911535825,0.827730035286152,0.362872177344134,0.540953601854484,1.99934489129373,1.5911226243628,0.0748650884641749,0.86328537453015,0.284288216794796,0.659999999999997,0.300000000000011,0,"ok",NA
"simulated","C1",8,0.7,2,1,"R02_F01","C1_R02_F01","ANN_L1_L2","32",0.000125,0.01,0.01,457,482,TRUE,FALSE,1.92036420485027,0.544560320430576,1.55928495037329,800,200,200,0,0.783971016226609,1.26838873219573,1.02332333751543,-0.0396541599096527,1.22360936115058,0.59368789379802,0.667864058963439,1.7859785343084,1.40384436009137,0.0606858400903472,1.23801810555199,0.428895999565118,7.05000000000001,4.29000000000002,0,"ok",NA
"simulated","C1",8,0.7,2,2,"R02_F02","C1_R02_F02","ANN_0","64-32",0.000125,0,0,44,69,TRUE,FALSE,2.06323223713042,0.445527631796989,1.65905985171982,800,200,200,0,0.573263637814464,1.67239326675856,1.3405086261083,0.0761508710723756,0.826175590509379,0.312658691073736,0.459478459527006,2.06299420305338,1.66268561187445,-0.00468662892762502,0.751559341282538,0.188046184247515,1.03,0.529999999999973,0,"ok",NA
"simulated","C1",8,0.7,2,2,"R02_F02","C1_R02_F02","ANN_L1","64-32",0.000125,0.01,0,602,627,TRUE,FALSE,1.9401865516411,0.5379059156064,1.54841581304334,800,200,200,0,0.707920894979608,1.42763977161607,1.16980106071003,-0.0226620811051222,1.06570287309604,0.499120910634975,0.581689453328776,1.86516083954789,1.52400485442247,-0.103499581105123,0.993854369898629,0.336306003914337,9.56,6.97,0,"ok",NA
"simulated","C1",8,0.7,2,2,"R02_F02","C1_R02_F02","ANN_L2","64-32",0.000125,0,1e-04,52,77,TRUE,FALSE,2.04329935340305,0.454912884380744,1.62993813950386,800,200,200,0,0.570216505650966,1.6843980379198,1.34139287321277,0.0825832194062987,0.798460785779183,0.302755529786272,0.461497547768435,2.06705457469965,1.66303513510919,0.00174571940629811,0.733437922805017,0.184846874573793,1.14000000000001,0.579999999999984,0,"ok",NA
"simulated","C1",8,0.7,2,2,"R02_F02","C1_R02_F02","ANN_L1_L2","64-32",0.000125,0.01,0.001,683,708,TRUE,FALSE,1.9393832334836,0.537647982262691,1.54762597323025,800,200,200,0,0.713031868587435,1.41571867528448,1.16006816500281,-0.0276683346395926,1.04064098819904,0.507450880583148,0.589403962746755,1.8529803805535,1.51788397829821,-0.108505834639593,0.976304283420182,0.34494622482965,11.38,7.45999999999998,0,"ok",NA
"simulated","C1",8,0.7,2,3,"R02_F03","C1_R02_F03","ANN_0","32-16",0.00025,0,0,10,35,TRUE,FALSE,2.00322075840554,0.488948987314764,1.60561274313974,800,200,200,0,0.52951417144531,1.66412596833374,1.34920924327307,-0.322437773054376,0.868736158078816,0.245664543030633,0.431332323343484,2.10546889109644,1.70061413513614,-0.310145773054376,0.849476051261575,0.162022929981498,0.610000000000014,0.129999999999995,0,"ok",NA
"simulated","C1",8,0.7,2,3,"R02_F03","C1_R02_F03","ANN_L1","32-16",0.00025,0.01,0,152,177,TRUE,FALSE,1.85619316649509,0.587650520046783,1.48235049238187,800,200,200,0,0.686576783843403,1.45062620939559,1.18387134866641,-0.221208314592445,1.34679259672882,0.426803980030735,0.564972967050586,1.93631430008926,1.5591132667022,-0.208916314592445,1.33035669420372,0.291261242838655,2.81,1.56,0,"ok",NA
"simulated","C1",8,0.7,2,3,"R02_F03","C1_R02_F03","ANN_L2","32-16",0.00025,0,0.001,10,35,TRUE,FALSE,2.04291732351277,0.466013263496476,1.6404809787577,800,200,200,0,0.529089675644433,1.66481027177673,1.35011513056919,-0.321918535859351,0.866336871345052,0.245044036540068,0.431168699412999,2.10579451503233,1.70100462456619,-0.309626535859351,0.84748800848323,0.16176371314571,0.419999999999987,0.109999999999985,0,"ok",NA
"simulated","C1",8,0.7,2,3,"R02_F03","C1_R02_F03","ANN_L1_L2","32-16",0.00025,0.01,1e-05,155,180,TRUE,FALSE,1.85642399605508,0.587689841705253,1.48367771102111,800,200,200,0,0.687531756886571,1.44791201337835,1.18135705371698,-0.220949190645856,1.3401724779837,0.428946931654136,0.565718725765604,1.93439295254509,1.55749311126509,-0.208657190645855,1.32372359846579,0.292667066125192,2.44,1.40000000000001,0,"ok",NA
"simulated","C1",8,0.7,2,4,"R02_F04","C1_R02_F04","ANN_0","64-32",0.000125,0,0,39,64,TRUE,FALSE,2.05996273793251,0.472594387054555,1.65502831264925,800,200,200,0,0.60585329538965,1.53694058991039,1.23412782111053,0.157550277933827,0.758030890610051,0.322538574589813,0.498193582614811,1.93996608780347,1.54259807510494,0.180376777933827,0.726888714107934,0.206297126792111,0.780000000000001,0.409999999999997,0,"ok",NA
"simulated","C1",8,0.7,2,4,"R02_F04","C1_R02_F04","ANN_L1","64-32",0.000125,0.01,0,805,830,TRUE,FALSE,1.92164501239647,0.57160874090197,1.54397190583659,800,200,200,0,0.6258342452651,1.48982403463849,1.17307523991525,0.168892944613279,0.815494032511391,0.363438507144676,0.515419842648502,1.90138866916461,1.52326142158039,0.19171944461328,0.783200516259268,0.237549806211019,10.98,7.16,0,"ok",NA
"simulated","C1",8,0.7,2,4,"R02_F04","C1_R02_F04","ANN_L2","64-32",0.000125,0,0.001,38,63,TRUE,FALSE,2.04644064375364,0.483166283530276,1.64165338548611,800,200,200,0,0.602132088247509,1.54147167354201,1.23770249713663,0.160150933463744,0.758712304951171,0.318538212806792,0.495688824929086,1.94219733582655,1.54234170934018,0.182977433463744,0.728357927157981,0.20447032538152,0.810000000000002,0.410000000000025,0,"ok",NA
"simulated","C1",8,0.7,2,4,"R02_F04","C1_R02_F04","ANN_L1_L2","64-32",0.000125,0.01,1e-04,791,816,TRUE,FALSE,1.92123024596398,0.571815413468688,1.54351271807172,800,200,200,0,0.632638345849534,1.4716800634856,1.1689374913298,0.158733039744966,0.84170172317595,0.378848949160264,0.523540558629783,1.88265137619132,1.50352082071196,0.181559539744966,0.812275592681905,0.252502940971469,10.85,6.88000000000002,0,"ok",NA
"simulated","C1",8,0.7,2,5,"R02_F05","C1_R02_F05","ANN_0","64-32",0.000125,0,0,49,74,TRUE,FALSE,2.01487156392046,0.484232860707533,1.61993271143938,800,200,200,0,0.549131769698637,1.63151290471688,1.29171028955142,-0.0531680506871307,0.747028548391048,0.266186654473717,0.456608550238557,2.07849433622248,1.65128076044608,-0.107795550687131,0.750034438485228,0.183137052221697,0.79000000000002,0.450000000000017,0,"ok",NA
"simulated","C1",8,0.7,2,5,"R02_F05","C1_R02_F05","ANN_L1","64-32",0.000125,0.01,0,562,587,TRUE,FALSE,1.91491908140511,0.55526414477021,1.5343527781145,800,200,200,0,0.627063643269035,1.48519586207735,1.18657886290734,0.0671385248914821,0.987597209933761,0.391904148787563,0.542390402180351,1.93246796592129,1.5347395721657,0.012511024891482,1.03147038974176,0.293883900851584,7.31999999999999,4.59,0,"ok",NA
"simulated","C1",8,0.7,2,5,"R02_F05","C1_R02_F05","ANN_L2","64-32",0.000125,0,0.01,51,76,TRUE,FALSE,2.03775802202078,0.476668350611705,1.62808452283583,800,200,200,0,0.550338552865933,1.63220233986559,1.29353672729322,-0.0545961182761935,0.742348879406045,0.26556634236317,0.461774103283952,2.07253202397336,1.64684689332226,-0.109223618276194,0.752114964682921,0.187816792106252,0.829999999999984,0.409999999999997,0,"ok",NA
"simulated","C1",8,0.7,2,5,"R02_F05","C1_R02_F05","ANN_L1_L2","64-32",0.000125,0.01,1e-05,521,546,TRUE,FALSE,1.91325738414694,0.557144270054225,1.53234115731221,800,200,200,0,0.626615218742913,1.48617102665531,1.19119236243673,0.0747698401254272,1.00047973848704,0.39110534746306,0.540563700919255,1.93551639995556,1.54188272656619,0.0201423401254272,1.04215130103968,0.291654372403761,6.18000000000001,4.27000000000004,0,"ok",NA
"simulated","C1",8,0.7,3,1,"R03_F01","C1_R03_F01","ANN_0","32",0.000125,0,0,22,47,TRUE,FALSE,1.98697050030944,0.496212642199645,1.5731603049658,800,200,200,0,0.655214822588857,1.55987583292873,1.28435421206401,-0.0280688771854605,0.960489446755793,0.428394926365065,0.519440689992813,2.04766460260091,1.69109715487413,-0.00299787718546064,0.881453300841354,0.264936690484221,0.71,0.17,0,"ok",NA
"simulated","C1",8,0.7,3,1,"R03_F01","C1_R03_F01","ANN_L1","32",0.000125,0.01,0,2019,2044,TRUE,FALSE,1.81246473491176,0.606475704372635,1.43622378777409,800,200,200,0,0.786005663808559,1.27599335734967,1.04590011836299,0.0063896676640784,0.979193761853027,0.61751637850815,0.618660149796631,1.88516218008245,1.53082800822048,0.0314606676640783,0.892174000202436,0.37697634432901,22.67,17.92,0.0200000000000031,"ok",NA
"simulated","C1",8,0.7,3,1,"R03_F01","C1_R03_F01","ANN_L2","32",0.000125,0,0.001,22,47,TRUE,FALSE,2.01058075808732,0.480534967720069,1.58412978169659,800,200,200,0,0.655326714227845,1.55968650108269,1.28409614361043,-0.0281981027730827,0.960334890580649,0.428533676480503,0.519492720599475,2.04761745066281,1.69123884381369,-0.00312710277308284,0.881249248911198,0.264970542962373,0.480000000000004,0.199999999999996,0,"ok",NA
"simulated","C1",8,0.7,3,1,"R03_F01","C1_R03_F01","ANN_L1_L2","32",0.000125,0.01,1e-04,1908,1933,TRUE,FALSE,1.81539158944612,0.605308214265677,1.43809533371846,800,200,200,0,0.784046099743681,1.2806920865021,1.04959488532153,0.00375614234419722,0.992982453730801,0.614694269880769,0.61701324925733,1.88614903072328,1.53141064007088,0.0288271423441971,0.90458404504644,0.376323888824374,22.38,14.39,0.0200000000000102,"ok",NA
"simulated","C1",8,0.7,3,2,"R03_F02","C1_R03_F02","ANN_0","64-32",0.000125,0,0,18,43,TRUE,FALSE,2.09742894609797,0.470857849622093,1.67689026088817,800,200,200,0,0.593310618473395,1.63616874387986,1.31392422202582,0.127218534160517,0.880971577630143,0.341611070396213,0.467093514409417,1.92145755447293,1.52954133917044,0.123924534160517,0.732355435282983,0.185649560750581,0.490000000000009,0.160000000000025,0,"ok",NA
"simulated","C1",8,0.7,3,2,"R03_F02","C1_R03_F02","ANN_L1","64-32",0.000125,0.01,0,412,437,TRUE,FALSE,1.9971626144015,0.545062060606681,1.61016277479329,800,200,200,0,0.723544326187695,1.40697725218381,1.13507228391153,0.0630189605242889,1.15469041268342,0.513144043635331,0.574237524627739,1.74468782523756,1.41493092668453,0.0597249605242893,0.967676695800162,0.328594019306794,5.16000000000003,3.44,0,"ok",NA
"simulated","C1",8,0.7,3,2,"R03_F02","C1_R03_F02","ANN_L2","64-32",0.000125,0,0.01,18,43,TRUE,FALSE,2.08078546701202,0.485562559491786,1.66376595134838,800,200,200,0,0.59301129480025,1.63638998254976,1.31439911171977,0.129304507361269,0.883476174980509,0.341433006929872,0.467685987984023,1.91985178492731,1.52855382622471,0.126010507361269,0.735740276494195,0.187010103661199,0.410000000000025,0.139999999999986,0,"ok",NA
"simulated","C1",8,0.7,3,2,"R03_F02","C1_R03_F02","ANN_L1_L2","64-32",0.000125,0.01,1e-04,413,438,TRUE,FALSE,1.99391116936323,0.550498479200802,1.60766879675052,800,200,200,0,0.723302937326928,1.40764588904877,1.13539054665608,0.0603739363602974,1.15658708679864,0.51268119721687,0.575515084026027,1.74257527741789,1.4124860956311,0.0570799363602978,0.971746794889762,0.330218973068838,4.85000000000002,3.82999999999998,0,"ok",NA
"simulated","C1",8,0.7,3,3,"R03_F03","C1_R03_F03","ANN_0","32",0.000125,0,0,27,52,TRUE,FALSE,2.01156788506102,0.496069492289705,1.59748817197445,800,200,200,0,0.595008164829594,1.54164181270835,1.20335562092671,0.0790935608427282,0.770568167470052,0.320861456653438,0.519775032628831,1.92702514044334,1.56370884952672,0.0765855608427285,0.802025052454877,0.252523718939525,0.379999999999995,0.170000000000016,0,"ok",NA
"simulated","C1",8,0.7,3,3,"R03_F03","C1_R03_F03","ANN_L1","32",0.000125,0.01,0,816,841,TRUE,FALSE,1.93690810428798,0.544610332734884,1.54830955111577,800,200,200,0,0.758306382089903,1.22311405054334,0.981780678600042,-0.042921779083506,1.06252987677578,0.572510622613869,0.66730465288061,1.66763130328245,1.35123984799707,-0.0454297790835057,1.11405074558935,0.440213098191098,7.65000000000003,5.13999999999999,0,"ok",NA
"simulated","C1",8,0.7,3,3,"R03_F03","C1_R03_F03","ANN_L2","32",0.000125,0,1e-05,27,52,TRUE,FALSE,2.03699431862632,0.473096180493755,1.61679526134265,800,200,200,0,0.595284133023584,1.54124466770217,1.20333203914674,0.0788602338749939,0.770680687146807,0.321211319686098,0.519980354066042,1.92674087268866,1.56335961344776,0.0763522338749942,0.802087015018891,0.25274423264975,0.399999999999977,0.21999999999997,0,"ok",NA
"simulated","C1",8,0.7,3,3,"R03_F03","C1_R03_F03","ANN_L1_L2","32",0.000125,0.01,0.001,894,919,TRUE,FALSE,1.9351832573305,0.545678655766373,1.54694802106903,800,200,200,0,0.758713455402581,1.22077636489727,0.977876595709802,-0.03898883903502,1.04502485382884,0.574143145414213,0.666307180778994,1.66739085230659,1.35155267923105,-0.0414968390350197,1.09347210396577,0.440374514689653,8.18000000000001,5.63999999999999,0,"ok",NA
"simulated","C1",8,0.7,3,4,"R03_F04","C1_R03_F04","ANN_0","32",0.000125,0,0,20,45,TRUE,FALSE,2.0089726263597,0.462909476466445,1.6086426563798,800,200,200,0,0.549014389482494,1.63851497802122,1.31264186696512,-0.0327238013051641,0.92993493483782,0.299426304468606,0.473410123168171,2.08283587537743,1.66725805781665,-0.00433280130516486,0.96843906286133,0.223875756900223,0.420000000000016,0.25,0,"ok",NA
"simulated","C1",8,0.7,3,4,"R03_F04","C1_R03_F04","ANN_L1","32",0.000125,0.01,0,734,759,TRUE,FALSE,1.93274737356211,0.53281060586176,1.55475590545336,800,200,200,0,0.676676311531322,1.4473040639758,1.18802302717485,-0.107729456753886,1.05997794798201,0.45339631078792,0.586025843923278,1.92216102146382,1.53102044576534,-0.079338456753887,1.10866043313528,0.339001182305257,9.21999999999997,5.69,0,"ok",NA
"simulated","C1",8,0.7,3,4,"R03_F04","C1_R03_F04","ANN_L2","32",0.000125,0,1e-04,20,45,TRUE,FALSE,2.04598076266446,0.445453337414966,1.65672192088628,800,200,200,0,0.54907247829616,1.63843078953289,1.31260446162289,-0.0329267265881975,0.930164630261653,0.299498294930635,0.473396322777792,2.0828515583565,1.66721084291753,-0.00453572658819823,0.96854755311759,0.223864069002744,0.549999999999955,0.129999999999995,0,"ok",NA
"simulated","C1",8,0.7,3,4,"R03_F04","C1_R03_F04","ANN_L1_L2","32",0.000125,0.01,0.001,591,616,TRUE,FALSE,1.91836733395759,0.543292019769256,1.54217911653483,800,200,200,0,0.672938547926309,1.45646790124655,1.19421965239666,-0.115969583004878,1.08672842775062,0.44645258004498,0.584000898688354,1.92854201667147,1.53426297618535,-0.0875785830048785,1.1390035014785,0.334605264165828,6.18000000000001,4.36000000000001,0,"ok",NA
"simulated","C1",8,0.7,3,5,"R03_F05","C1_R03_F05","ANN_0","32",0.000125,0,0,33,58,TRUE,FALSE,1.99295672913813,0.505600812322405,1.60380994071352,800,200,200,0,0.592398668720593,1.52117520368035,1.19805718057786,-0.199952591810381,0.73617951097102,0.293663052178165,0.483986134606159,2.07930547473224,1.6334279800445,-0.247619091810381,0.77393735655753,0.20295366591059,0.629999999999995,0.229999999999961,0.0200000000000387,"ok",NA
"simulated","C1",8,0.7,3,5,"R03_F05","C1_R03_F05","ANN_L1","32",0.000125,0.01,0,103,128,TRUE,FALSE,1.85989576891471,0.586258522172776,1.48832789565757,800,200,200,0,0.662729832264452,1.39373395301443,1.11889747120798,-0.279605680506246,1.15926710406397,0.407056640523496,0.568369334853846,1.96538435275608,1.51167053218212,-0.327272180506245,1.27932494398545,0.287898397983823,1.55000000000001,0.589999999999975,0,"ok",NA
"simulated","C1",8,0.7,3,5,"R03_F05","C1_R03_F05","ANN_L2","32",0.000125,0,0.01,33,58,TRUE,FALSE,1.98887618717843,0.495315422231019,1.58737427168302,800,200,200,0,0.593326843369947,1.51857214436312,1.19552539855092,-0.199113665594781,0.739121454756599,0.296078373984888,0.484605353493534,2.07764223708671,1.63209890166267,-0.24678016559478,0.77680722579147,0.204228271570133,0.980000000000018,0.259999999999991,0,"ok",NA
"simulated","C1",8,0.7,3,5,"R03_F05","C1_R03_F05","ANN_L1_L2","32",0.000125,0.01,0.01,103,128,TRUE,FALSE,1.85647613960753,0.588664413307242,1.48656687454737,800,200,200,0,0.662322358682542,1.39457945983532,1.12022850671388,-0.279586430801221,1.16141259670611,0.406337005729984,0.569050042616038,1.96492460607352,1.51067212180699,-0.327252930801221,1.28401711778016,0.288231511511745,1.38,1.06999999999999,0,"ok",NA
"simulated","C1",8,0.7,4,1,"R04_F01","C1_R04_F01","ANN_0","32",0.000125,0,0,21,46,TRUE,FALSE,2.02405292053205,0.502445916198621,1.62214424951489,800,200,200,0,0.541836638143604,1.65286932641251,1.31726586117705,0.0657969289406093,0.832524035906708,0.280566021790219,0.454015827326073,1.92829204454141,1.51886612283956,0.0413399289406091,0.765268405562812,0.186362852920701,0.420000000000016,0.170000000000016,0,"ok",NA
"simulated","C1",8,0.7,4,1,"R04_F01","C1_R04_F01","ANN_L1","32",0.000125,0.01,0,1247,1272,TRUE,FALSE,1.93805069829562,0.559454603616934,1.56040382633886,800,200,200,0,0.774393275108328,1.23917400808105,1.00117300587117,-0.00282391341225917,1.08956761741342,0.595630402482123,0.664087627469384,1.59890918160984,1.28142591064149,-0.0272809134122593,1.02502009883622,0.440586758351155,12.22,7.92000000000002,0,"ok",NA
"simulated","C1",8,0.7,4,1,"R04_F01","C1_R04_F01","ANN_L2","32",0.000125,0,0.001,21,46,TRUE,FALSE,2.04912560683417,0.488408420785037,1.65573295881025,800,200,200,0,0.541047627660782,1.65393721424149,1.31771635794211,0.0685071605443538,0.832440262469589,0.279636095920386,0.452943829220048,1.92959216221107,1.51947442067947,0.0440501605443536,0.764497915298102,0.185265321408901,0.480000000000018,0.110000000000014,0,"ok",NA
"simulated","C1",8,0.7,4,1,"R04_F01","C1_R04_F01","ANN_L1_L2","32",0.000125,0.01,1e-04,1358,1383,TRUE,FALSE,1.93683211110177,0.560253247024487,1.55891832527455,800,200,200,0,0.773948337289273,1.23861532959293,1.00266766196503,0.0122525002034746,1.07563316439169,0.595994938322684,0.667540845122435,1.59195470024366,1.27058346488362,-0.0122044997965256,1.01775778853277,0.445442529107635,13.93,9.44,0,"ok",NA
"simulated","C1",8,0.7,4,2,"R04_F02","C1_R04_F02","ANN_0","32",0.000125,0,0,32,57,TRUE,FALSE,2.01929317661357,0.459645423478634,1.60377669674409,800,200,200,0,0.642025680028086,1.57528496924964,1.28758743521608,-0.129459610154064,0.86798780555326,0.398600552563893,0.565062820063403,2.02422833298771,1.63659110215524,-0.121860610154064,0.919369837841713,0.314355217293668,0.479999999999961,0.20999999999998,0,"ok",NA
"simulated","C1",8,0.7,4,2,"R04_F02","C1_R04_F02","ANN_L1","32",0.000125,0.01,0,597,622,TRUE,FALSE,1.91037298486314,0.533364586983044,1.52936165668371,800,200,200,0,0.770204789468666,1.31729034474213,1.08592820013115,-0.0708494642826121,1.17012297714734,0.579459541707113,0.683162511958743,1.81711149597054,1.47729418473432,-0.0632504642826121,1.24905514898064,0.447485946677872,6.44999999999999,4.03999999999996,0,"ok",NA
"simulated","C1",8,0.7,4,2,"R04_F02","C1_R04_F02","ANN_L2","32",0.000125,0,0.01,31,56,TRUE,FALSE,2.04525164903598,0.435933528886721,1.63245927340421,800,200,200,0,0.640977208598356,1.57789608863677,1.29022871835818,-0.132643251918067,0.865144669673075,0.396605196502098,0.56418204277512,2.02617209839758,1.63951520267714,-0.125044251918067,0.916426634087724,0.313037804165272,0.480000000000018,0.189999999999998,0,"ok",NA
"simulated","C1",8,0.7,4,2,"R04_F02","C1_R04_F02","ANN_L1_L2","32",0.000125,0.01,0.01,640,665,TRUE,FALSE,1.89766873251717,0.543421263913344,1.51409658366811,800,200,200,0,0.771460875221895,1.31390542334531,1.08316523881322,-0.066516378568315,1.16918246457529,0.581618014190357,0.684574010387134,1.81382357056766,1.4741728739794,-0.058917378568315,1.24859355698738,0.449483602267893,5.94,4.47999999999996,0,"ok",NA
"simulated","C1",8,0.7,4,3,"R04_F03","C1_R04_F03","ANN_0","32",0.000125,0,0,13,38,TRUE,FALSE,1.99827406745914,0.469263293197418,1.61213769588721,800,200,200,0,0.580769198909156,1.58621951025754,1.26592674561114,0.181244805597563,1.06364959105966,0.32730241833129,0.47132076427176,2.18514813592824,1.72682164307213,0.188415305597563,1.10040644016422,0.214453381654217,0.379999999999995,0.0600000000000023,0,"ok",NA
"simulated","C1",8,0.7,4,3,"R04_F03","C1_R04_F03","ANN_L1","32",0.000125,0.01,0,716,741,TRUE,FALSE,1.91222102683452,0.531308164592743,1.55593822286426,800,200,200,0,0.757455088418503,1.27723720049075,1.0191573458205,-0.057608072559099,1.14319207772475,0.563849464377867,0.631470094193787,1.93210336617313,1.52558411496625,-0.0504375725590991,1.2149451021451,0.385855015381469,6.85999999999996,5.05000000000001,0,"ok",NA
"simulated","C1",8,0.7,4,3,"R04_F03","C1_R04_F03","ANN_L2","32",0.000125,0,0.01,13,38,TRUE,FALSE,2.00700502422898,0.469140517873221,1.61782652668332,800,200,200,0,0.580297116701014,1.58683382757347,1.26659150091783,0.180856790977269,1.06400134236598,0.32678126751625,0.471018773828628,2.18553298056765,1.72731285932348,0.188027290977269,1.1009599707415,0.214176658972058,0.339999999999975,0.0799999999999841,0,"ok",NA
"simulated","C1",8,0.7,4,3,"R04_F03","C1_R04_F03","ANN_L1_L2","32",0.000125,0.01,0.01,1106,1131,TRUE,FALSE,1.91218407536992,0.5314101750714,1.55521262381471,800,200,200,0,0.76197088630799,1.25759027115,0.996557074542897,-0.0613299593898598,1.06916411284578,0.577164317504846,0.633736238133605,1.91677444578007,1.51675156181171,-0.0541594593898598,1.13359020538554,0.395561364055521,9.83999999999997,6.80000000000001,0,"ok",NA
"simulated","C1",8,0.7,4,4,"R04_F04","C1_R04_F04","ANN_0","64-32",0.000125,0,0,41,66,TRUE,FALSE,2.10807038068611,0.454084263637892,1.6845681532152,800,200,200,0,0.608198428518328,1.56331446934395,1.2278968853565,-0.281634094684555,0.773604791501179,0.316027068883961,0.510730059835836,1.88850090063985,1.50336628147132,-0.204485594684555,0.733580380326801,0.21726320292236,0.769999999999982,0.330000000000041,0,"ok",NA
"simulated","C1",8,0.7,4,4,"R04_F04","C1_R04_F04","ANN_L1","64-32",0.000125,0.01,0,457,482,TRUE,FALSE,1.96145694611667,0.553150402144723,1.56563540087875,800,200,200,0,0.681006664938614,1.44306032204984,1.16664450614427,-0.393506226326499,1.09102528173648,0.417205840787523,0.574002757452562,1.77687295981753,1.46054879349641,-0.316357726326499,1.03843630050189,0.307062419969619,7.38,5.09999999999997,0,"ok",NA
"simulated","C1",8,0.7,4,4,"R04_F04","C1_R04_F04","ANN_L2","64-32",0.000125,0,0.01,42,67,TRUE,FALSE,2.121413839847,0.446941859877267,1.69494551830216,800,200,200,0,0.609274560227524,1.56319317072111,1.22641560854679,-0.287178389387586,0.773029870983305,0.31613320460723,0.512775959489118,1.88645012539685,1.50187532092999,-0.210029889387586,0.734671711362751,0.218962270865448,1.02999999999997,0.46999999999997,0,"ok",NA
"simulated","C1",8,0.7,4,4,"R04_F04","C1_R04_F04","ANN_L1_L2","64-32",0.000125,0.01,0.01,483,508,TRUE,FALSE,1.95074781829904,0.55576158971785,1.554725978898,800,200,200,0,0.683982880969823,1.43650465975421,1.16442587851235,-0.386592876308021,1.0949342297464,0.422488951068444,0.575624583125966,1.77332801764215,1.45416308978319,-0.309444376308021,1.04055385924795,0.309824545759736,8.28000000000003,6.13,0,"ok",NA
"simulated","C1",8,0.7,4,5,"R04_F05","C1_R04_F05","ANN_0","32",0.000125,0,0,32,57,TRUE,FALSE,2.0637765935414,0.480063093112933,1.63475549135732,800,200,200,0,0.584578890890012,1.61147433932038,1.28725775101334,0.0151698583721511,0.695562839621268,0.276203389310172,0.44816180591803,2.08591279793766,1.70374969788989,-0.0522976416278487,0.629935263908796,0.130986785035994,0.620000000000005,0.279999999999973,0,"ok",NA
"simulated","C1",8,0.7,4,5,"R04_F05","C1_R04_F05","ANN_L1","32",0.000125,0.01,0,85,110,TRUE,FALSE,1.92974595129915,0.559823402691968,1.54090327199531,800,200,200,0,0.649033930037178,1.44369144822024,1.18862009307073,-0.00509268331833212,1.07714524813741,0.419077063084778,0.496208020664485,1.94429661537264,1.55281526600815,-0.0725601833183319,0.972833427562983,0.244978839172048,1.36000000000001,0.660000000000025,0.0199999999999818,"ok",NA
"simulated","C1",8,0.7,4,5,"R04_F05","C1_R04_F05","ANN_L2","32",0.000125,0,1e-05,32,57,TRUE,FALSE,2.06085253085111,0.48445331594528,1.64667375438152,800,200,200,0,0.584588127919698,1.61145566302813,1.28725353850643,0.0152018114721941,0.695576290471709,0.276220166193764,0.448191080003657,2.08586041540184,1.70370922628889,-0.0522656885278057,0.629978639636182,0.131030430718914,0.899999999999977,0.420000000000016,0,"ok",NA
"simulated","C1",8,0.7,4,5,"R04_F05","C1_R04_F05","ANN_L1_L2","32",0.000125,0.01,0.001,90,115,TRUE,FALSE,1.91610341446022,0.566525830835636,1.53799334160584,800,200,200,0,0.652373247811524,1.43868494539113,1.18611321430163,-0.0112894705249298,1.08221370537166,0.423099182075861,0.499466160600938,1.9402601636781,1.54898097376145,-0.0787569705249296,0.978792859415579,0.248110504302183,1.81,1.00999999999999,0,"ok",NA
"simulated","C1",8,0.7,5,1,"R05_F01","C1_R05_F01","ANN_0","64-32",0.000125,0,0,51,76,TRUE,FALSE,2.05892714989056,0.475358149003293,1.65450483398689,800,200,200,0,0.556842092976116,1.66207238403909,1.36262838893848,-0.070414982217659,0.747188301048645,0.27327119565525,0.467748073526395,2.07205504474886,1.61412520970984,-0.110929982217659,0.74103179758247,0.189745553006667,1.30000000000001,0.800000000000011,0,"ok",NA
"simulated","C1",8,0.7,5,1,"R05_F01","C1_R05_F01","ANN_L1","64-32",0.000125,0.01,0,400,425,TRUE,FALSE,1.9507979150795,0.537091815592468,1.57309506945014,800,200,200,0,0.571563068904276,1.63133423561192,1.29333080035602,-0.150677211434385,1.33758459424796,0.299902691723798,0.50076610525563,2.02701089722545,1.56937974597764,-0.191192211434384,1.38362644651083,0.224590685770536,8.42000000000002,5.52999999999997,0,"ok",NA
"simulated","C1",8,0.7,5,1,"R05_F01","C1_R05_F01","ANN_L2","64-32",0.000125,0,0.01,66,91,TRUE,FALSE,2.08043583847177,0.455279686242436,1.67642852525282,800,200,200,0,0.561033409411166,1.67003300082019,1.36702467486913,-0.0941502529790972,0.72314851810414,0.266293083375539,0.471250517194795,2.07924463042723,1.62456041673552,-0.134665252979097,0.717162291863333,0.184112980440692,1.71999999999991,0.889999999999986,0,"ok",NA
"simulated","C1",8,0.7,5,1,"R05_F01","C1_R05_F01","ANN_L1_L2","64-32",0.000125,0.01,0.001,403,428,TRUE,FALSE,1.94964797039075,0.53729111786543,1.57184524586533,800,200,200,0,0.568893305767808,1.6336964979509,1.29598357700155,-0.153699726356474,1.32588293897572,0.297873664347777,0.496289969428858,2.03100919378968,1.57272561284267,-0.194214726356473,1.36564143978159,0.221528665628778,8.03999999999996,6.62,0.0199999999999818,"ok",NA
"simulated","C1",8,0.7,5,2,"R05_F02","C1_R05_F02","ANN_0","64-32",0.000125,0,0,37,62,TRUE,FALSE,2.02584690386855,0.467264011399973,1.62259504930997,800,200,200,0,0.550394533466484,1.55943452053487,1.2472558780641,0.0895151028192491,0.838031133342527,0.289276342673047,0.408652887661947,2.1182001753857,1.70213004297526,0.13705310281925,0.772336588838427,0.148923711185253,0.980000000000018,0.42999999999995,0.00999999999999091,"ok",NA
"simulated","C1",8,0.7,5,2,"R05_F02","C1_R05_F02","ANN_L1","64-32",0.000125,0.01,0,918,943,TRUE,FALSE,1.95963929357146,0.526959172037525,1.57759365101845,800,200,200,0,0.672948801521241,1.37068948618521,1.09292960013585,0.0741882730208723,0.973218448465064,0.450908593024723,0.524512714174304,1.96008103726434,1.54710611444077,0.121726273020873,0.941565040132291,0.271243324342991,17.08,12.36,0,"ok",NA
"simulated","C1",8,0.7,5,2,"R05_F02","C1_R05_F02","ANN_L2","64-32",0.000125,0,0.001,38,63,TRUE,FALSE,2.03109617225007,0.471894490586781,1.63207436286799,800,200,200,0,0.55118461846932,1.55959071520874,1.24976046319042,0.0842056235948876,0.830814891916145,0.289133961819075,0.411285309831569,2.11600373171903,1.69952534358157,0.131743623594888,0.769513736668728,0.150687823897622,1.28999999999996,0.580000000000041,0.0199999999999818,"ok",NA
"simulated","C1",8,0.7,5,2,"R05_F02","C1_R05_F02","ANN_L1_L2","64-32",0.000125,0.01,1e-05,954,979,TRUE,FALSE,1.94016734280199,0.532147961355135,1.56532577007699,800,200,200,0,0.676092314215822,1.36565428516319,1.08530852275425,0.0737581443801608,0.965732603790016,0.454935336424238,0.527429282966521,1.95629883319218,1.54367461610508,0.121296144380161,0.935149679185617,0.274053052213583,14.9699999999999,10,0,"ok",NA
"simulated","C1",8,0.7,5,3,"R05_F03","C1_R05_F03","ANN_0","16",0.000125,0,0,34,59,TRUE,FALSE,2.05389140714402,0.439492820050405,1.64522159939764,800,200,200,0,0.52163064218522,1.78905806822842,1.42523473803898,0.205934987156714,0.822676885799781,0.249513188149792,0.466374037788082,2.14483990918547,1.72588825428559,0.216549487156714,0.855795010158237,0.203206857818711,0.5,0.220000000000027,0,"ok",NA
"simulated","C1",8,0.7,5,3,"R05_F03","C1_R05_F03","ANN_L1","16",0.000125,0.01,0,58,83,TRUE,FALSE,1.93474584189565,0.522225930237715,1.55644827663373,800,200,200,0,0.588671336113678,1.69613730466541,1.35685409000265,0.244215830511082,1.1670881314465,0.325446805562473,0.51485781502233,2.08476900361342,1.66626064557435,0.254830330511082,1.18764667224222,0.247213700943783,0.92999999999995,0.379999999999995,0,"ok",NA
"simulated","C1",8,0.7,5,3,"R05_F03","C1_R05_F03","ANN_L2","16",0.000125,0,0.01,41,66,TRUE,FALSE,2.04383942775324,0.446980090076841,1.62928958278601,800,200,200,0,0.521863837792826,1.79275308174139,1.42441534898469,0.180522611063781,0.794183690347203,0.246409965716284,0.468334180887391,2.14416196324978,1.72665941954872,0.191137111063781,0.829256337950827,0.20371048263371,0.780000000000086,0.360000000000014,0,"ok",NA
"simulated","C1",8,0.7,5,3,"R05_F03","C1_R05_F03","ANN_L1_L2","16",0.000125,0.01,1e-04,59,84,TRUE,FALSE,1.93559464227451,0.521725187989495,1.55666843663828,800,200,200,0,0.589702712359078,1.69436734658778,1.35583746607556,0.241654889961708,1.16811366712692,0.326853894392972,0.515723375814,2.08333195800744,1.66566253636012,0.252269389961708,1.18860617052596,0.248251144803889,0.960000000000036,0.5,0,"ok",NA
"simulated","C1",8,0.7,5,4,"R05_F04","C1_R05_F04","ANN_0","64-32",0.000125,0,0,30,55,TRUE,FALSE,2.05794466892861,0.446897339284398,1.64234479570512,800,200,200,0,0.623294346733565,1.5492811484385,1.24685118122337,-0.123604905875182,0.97998952721097,0.384415555774208,0.557891681973148,1.92367507747545,1.57628002198965,-0.118002905875183,1.02754608852742,0.308417100990716,0.669999999999959,0.379999999999995,0,"ok",NA
"simulated","C1",8,0.7,5,4,"R05_F04","C1_R05_F04","ANN_L1","64-32",0.000125,0.01,0,400,425,TRUE,FALSE,1.97802760844221,0.5099793491575,1.58649789442166,800,200,200,0,0.677808364903964,1.49152238096512,1.21363920163118,-0.158326116926029,1.29255701816454,0.429459191919608,0.591494608340072,1.90073363051839,1.57684179998635,-0.152724116926029,1.32134660620729,0.324814158257371,7.15999999999997,3.84000000000003,0,"ok",NA
"simulated","C1",8,0.7,5,4,"R05_F04","C1_R05_F04","ANN_L2","64-32",0.000125,0,0.001,30,55,TRUE,FALSE,2.087106987153,0.437944186598007,1.64715476397664,800,200,200,0,0.623387705584384,1.54891113586877,1.24763245465974,-0.120646117603289,0.979530332318091,0.38470955894188,0.556601197169317,1.92543133891287,1.57821002465196,-0.115044117603289,1.02453540189426,0.307153732931744,0.789999999999964,0.280000000000086,0,"ok",NA
"simulated","C1",8,0.7,5,4,"R05_F04","C1_R05_F04","ANN_L1_L2","64-32",0.000125,0.01,1e-04,457,482,TRUE,FALSE,1.96271153423458,0.519633900211052,1.56908539917622,800,200,200,0,0.679934443493665,1.47924396477378,1.20705261410875,-0.16659351537385,1.23186817877128,0.438814067363244,0.59252416276154,1.89127857863174,1.57234857173704,-0.16099151537385,1.25755340579633,0.331514769973166,6.07000000000005,4.53999999999996,0,"ok",NA
"simulated","C1",8,0.7,5,5,"R05_F05","C1_R05_F05","ANN_0","64-32",0.001,0,0,6,31,TRUE,FALSE,2.09051192082299,0.469580499165152,1.68252163476138,800,200,200,0,0.629379245889752,1.46152007501481,1.1876656655351,-0.164042437603893,0.819580555909444,0.368972640829684,0.476235211681323,1.88957332433725,1.54536753884338,-0.187288437603893,0.702528872744798,0.178061685576478,0.379999999999995,0.0599999999999454,0,"ok",NA
"simulated","C1",8,0.7,5,5,"R05_F05","C1_R05_F05","ANN_L1","64-32",0.001,0.01,0,129,154,TRUE,FALSE,1.9680026646497,0.553134533229174,1.6049953948475,800,200,200,0,0.757954856538058,1.21454825664079,0.963235625228212,-0.15134294081489,0.927502535450451,0.564219122649787,0.607912199555879,1.68078689419177,1.36910297567866,-0.17458894081489,0.842705969565909,0.349665141774836,3,1.68999999999994,0,"ok",NA
"simulated","C1",8,0.7,5,5,"R05_F05","C1_R05_F05","ANN_L2","64-32",0.001,0,0.01,6,31,TRUE,FALSE,2.11200958695903,0.461518996366105,1.70021531851051,800,200,200,0,0.631168456551606,1.45582647875236,1.18307532165475,-0.16501635514788,0.831114086052158,0.373879609770623,0.479741745029806,1.8808305324585,1.53539666681643,-0.18826235514788,0.715626333357868,0.185650077237408,0.600000000000023,0.0900000000000318,0,"ok",NA
"simulated","C1",8,0.7,5,5,"R05_F05","C1_R05_F05","ANN_L1_L2","64-32",0.001,0.01,0.001,147,172,TRUE,FALSE,1.94732792867992,0.563183101830697,1.57749490099179,800,200,200,0,0.755818932178292,1.23085359850702,0.969749701486218,-0.155645419409331,0.874965634766347,0.552439842109984,0.609052964863792,1.69320509722364,1.37148445377018,-0.178891419409332,0.798714810348236,0.340019868641883,2.47000000000003,1.29999999999995,0,"ok",NA
"simulated","C2",40,0.7,1,1,"R01_F01","C2_R01_F01","ANN_0","32",0.00025,0,0,3,28,TRUE,FALSE,0.82083794408933,0.646822171821606,0.651832869102864,800,200,200,0,0.759003411647758,0.597091878324648,0.474628860774618,0.0353175152729904,0.896251331707798,0.56685118557571,0.680983985721702,0.822366641640705,0.643813544580303,0.0400695152729912,0.994157551548439,0.462446973496012,0.25,0,0,"ok",NA
"simulated","C2",40,0.7,1,1,"R01_F01","C2_R01_F01","ANN_L1","32",0.00025,0.01,0,6,31,TRUE,FALSE,0.818203586828308,0.637933614688502,0.653478825235617,800,200,200,0,0.766888214587644,0.594541672099908,0.464897086068004,0.0574143461969841,0.868133773208848,0.570543280224934,0.68463686135979,0.82059324495061,0.632051261441076,0.062166346196985,0.958179990426173,0.464762891581915,0.399999999999977,0.0399999999999636,0,"ok",NA
"simulated","C2",40,0.7,1,1,"R01_F01","C2_R01_F01","ANN_L2","32",0.00025,0,0.01,3,28,TRUE,FALSE,0.833196479471034,0.626339986963921,0.666652987666083,800,200,200,0,0.759094881946258,0.597007303298896,0.474599988513734,0.0356200249296608,0.896322231402271,0.566973883535553,0.681051806737699,0.822310535720338,0.643699376404193,0.0403720249296617,0.994215398383063,0.462520320047154,0.269999999999982,0.0299999999999727,0,"ok",NA
"simulated","C2",40,0.7,1,1,"R01_F01","C2_R01_F01","ANN_L1_L2","32",0.00025,0.01,1e-04,6,31,TRUE,FALSE,0.818201415643518,0.637940636954766,0.653496340491232,800,200,200,0,0.766885591479067,0.594541068023322,0.464897759645163,0.05741880677126,0.868156662096234,0.570544152912685,0.684634776975369,0.820594891538414,0.632048893913865,0.0621708067712608,0.958205613673362,0.464760743585244,0.219999999999914,0.0499999999999545,0,"ok",NA
"simulated","C2",40,0.7,1,2,"R01_F02","C2_R01_F02","ANN_0","64-32",0.000125,0,0,13,38,TRUE,FALSE,0.821630587719618,0.646925905266608,0.643066206194989,800,200,200,0,0.773086392577867,0.644877198421953,0.524951281186295,0.0189127627583151,0.807964837513091,0.563524803341228,0.685478465306722,0.80990974570309,0.650244335673055,0.0673132627583156,0.788955055014165,0.432336795200101,0.559999999999945,0.110000000000014,0,"ok",NA
"simulated","C2",40,0.7,1,2,"R01_F02","C2_R01_F02","ANN_L1","64-32",0.000125,1e-04,0,13,38,TRUE,FALSE,0.822766455997583,0.642330361558411,0.645724516316449,800,200,200,0,0.773144341953738,0.644627487236511,0.524727838075804,0.0182764714065787,0.808491230870175,0.563862764233009,0.685504693890439,0.809693802370661,0.649972640843357,0.0666769714065792,0.78944009576746,0.432639462856214,0.509999999999991,0.1400000000001,0,"ok",NA
"simulated","C2",40,0.7,1,2,"R01_F02","C2_R01_F02","ANN_L2","64-32",0.000125,0,1e-04,13,38,TRUE,FALSE,0.823075277894533,0.642221480310338,0.645881947240072,800,200,200,0,0.773027861082118,0.644942003734041,0.525012428825086,0.0188593905015858,0.807954585820742,0.563437073979208,0.685429997059943,0.809951065436551,0.65021551764264,0.0672598905015863,0.788948992923311,0.432278871978975,0.420000000000073,0.110000000000014,0,"ok",NA
"simulated","C2",40,0.7,1,2,"R01_F02","C2_R01_F02","ANN_L1_L2","64-32",0.000125,1e-04,0.001,13,38,TRUE,FALSE,0.822769838277525,0.642413703604148,0.645765907582326,800,200,200,0,0.77317447170604,0.644568894833897,0.524613859619543,0.0183816156555368,0.808582090284446,0.563942044647383,0.685517101078595,0.80967046441273,0.649971516513025,0.0667821156555373,0.789512336524765,0.432672168665458,0.449999999999932,0.139999999999986,0,"ok",NA
"simulated","C2",40,0.7,1,3,"R01_F03","C2_R01_F03","ANN_0","64-32",0.000125,0,0,13,38,TRUE,FALSE,0.816408097896844,0.643650163147394,0.650942301068906,800,200,200,0,0.76078061445786,0.655643345568934,0.519749210126488,0.0605669621047279,1.0351243164897,0.574489551610011,0.655142830760269,0.844685121908518,0.650486408846191,0.0491099621047273,0.989832052666527,0.427230730933133,0.389999999999986,0.0900000000000318,0,"ok",NA
"simulated","C2",40,0.7,1,3,"R01_F03","C2_R01_F03","ANN_L1","64-32",0.000125,0.001,0,14,39,TRUE,FALSE,0.814080855037788,0.648983702374805,0.651147549101471,800,200,200,0,0.762213776796497,0.657115504866477,0.517680438419971,0.0699423847518663,1.08481035430706,0.572576552912801,0.655263647647465,0.845505529392169,0.651903320866691,0.0584853847518657,1.03558451919805,0.426117576736992,0.490000000000009,0.120000000000005,0,"ok",NA
"simulated","C2",40,0.7,1,3,"R01_F03","C2_R01_F03","ANN_L2","64-32",0.000125,0,0.01,13,38,TRUE,FALSE,0.817490169951964,0.646407772917559,0.654483818810936,800,200,200,0,0.760989676842143,0.655527581623596,0.519564949053668,0.0612117412899109,1.03750088854647,0.574639799210093,0.655359354432128,0.84449998203117,0.650419863516913,0.0497547412899103,0.992159880545679,0.427481784984332,0.399999999999977,0.0900000000000318,0,"ok",NA
"simulated","C2",40,0.7,1,3,"R01_F03","C2_R01_F03","ANN_L1_L2","64-32",0.000125,0.001,0.01,14,39,TRUE,FALSE,0.814025586245968,0.649562110544531,0.651109359021867,800,200,200,0,0.762367022715689,0.657782889844696,0.518061302694271,0.0699204441765802,1.09830550668234,0.571707905489902,0.655195380627418,0.845863650901895,0.652687905492553,0.0584634441765796,1.04814733122816,0.425631327605486,0.710000000000036,0.159999999999968,0,"ok",NA
"simulated","C2",40,0.7,1,4,"R01_F04","C2_R01_F04","ANN_0","64-32",0.000125,0,0,30,55,TRUE,FALSE,0.813934024306718,0.669193286067781,0.646367446888776,800,200,200,0,0.692732208446482,0.69142308811603,0.552638690473297,0.0774335021683336,0.828651470603877,0.452492421715699,0.551986833093812,0.887956919253342,0.716677490338536,0.0412220021683345,0.730118433081776,0.261466785891341,0.669999999999959,0.319999999999936,0,"ok",NA
"simulated","C2",40,0.7,1,4,"R01_F04","C2_R01_F04","ANN_L1","64-32",0.000125,0.001,0,88,113,TRUE,FALSE,0.8083574983861,0.667708888699038,0.638370512980653,800,200,200,0,0.68344187642182,0.695015604582794,0.55780548477481,0.0730889853997915,0.851588042773566,0.446788128813198,0.535596848349497,0.895172782523004,0.721658449594179,0.0368774853997924,0.737945097291582,0.249414831773073,2.41999999999996,0.940000000000055,0,"ok",NA
"simulated","C2",40,0.7,1,4,"R01_F04","C2_R01_F04","ANN_L2","64-32",0.000125,0,0.01,31,56,TRUE,FALSE,0.81091085526142,0.669050761655304,0.63931847777428,800,200,200,0,0.691486867452136,0.691914651352745,0.5521537347583,0.0736612520824246,0.829413248687002,0.45171365030417,0.550446027651521,0.888685359013469,0.717027006170374,0.0374497520824255,0.730062167693996,0.260254570272177,1.04999999999995,0.389999999999986,0,"ok",NA
"simulated","C2",40,0.7,1,4,"R01_F04","C2_R01_F04","ANN_L1_L2","64-32",0.000125,0.001,1e-05,85,110,TRUE,FALSE,0.808352268149992,0.667714921107707,0.638382270684338,800,200,200,0,0.684388893053739,0.69367737267193,0.556428270430139,0.0724571220277296,0.855056352683384,0.448916463880671,0.536702806513105,0.893752734542697,0.720552591973744,0.0362456220277305,0.741453161519903,0.251794308807086,1.67999999999995,1.08000000000004,0,"ok",NA
"simulated","C2",40,0.7,1,5,"R01_F05","C2_R01_F05","ANN_0","64-32",0.000125,0,0,10,35,TRUE,FALSE,0.8369870627684,0.646226558202129,0.657769613402327,800,200,200,0,0.714259054128406,0.727914077944156,0.59286329476729,-0.286272007368198,1.21661018780505,0.401412137620715,0.607311274316927,0.860057854585683,0.682849941950383,-0.291745507368198,1.11616714474206,0.282241062681132,0.569999999999936,0.139999999999986,0,"ok",NA
"simulated","C2",40,0.7,1,5,"R01_F05","C2_R01_F05","ANN_L1","64-32",0.000125,0.001,0,11,36,TRUE,FALSE,0.826473119203828,0.657354255245232,0.654640601447498,800,200,200,0,0.720185642785572,0.723205865487973,0.587817930283134,-0.283484844386212,1.23476245478868,0.409130533175559,0.612592897818906,0.85596261583072,0.681201237846239,-0.288958344386212,1.13326926370859,0.289060129824554,0.559999999999945,0.190000000000055,0,"ok",NA
"simulated","C2",40,0.7,1,5,"R01_F05","C2_R01_F05","ANN_L2","64-32",0.000125,0,1e-04,10,35,TRUE,FALSE,0.827971445224579,0.657404298575524,0.654392094517129,800,200,200,0,0.714220624485778,0.727847555292125,0.592831084049068,-0.28603489325805,1.21653477378322,0.401521540182818,0.607291619785562,0.859989928783624,0.682814071088216,-0.291508393258051,1.11612188766394,0.282354432789845,0.840000000000032,0.159999999999968,0,"ok",NA
"simulated","C2",40,0.7,1,5,"R01_F05","C2_R01_F05","ANN_L1_L2","64-32",0.000125,0.001,1e-04,11,36,TRUE,FALSE,0.82621303978463,0.657295465555347,0.654066392876651,800,200,200,0,0.720094642096626,0.723329633618192,0.587862059559458,-0.283537301611076,1.23508964247352,0.40892827522844,0.612477456205477,0.856073790919367,0.68128518384809,-0.289010801611077,1.1334991651824,0.288875439665122,0.659999999999968,0.139999999999986,0,"ok",NA
"simulated","C2",40,0.7,2,1,"R02_F01","C2_R02_F01","ANN_0","64-32",0.000125,0,0,22,47,TRUE,FALSE,0.827456617226502,0.645084212745932,0.658473628095346,800,200,200,0,0.752591108571471,0.631094014501587,0.511555166454786,0.0146289012173582,0.871836514392312,0.55391381799347,0.655749803675916,0.815781461891916,0.630053914638861,0.0531779012173581,0.858035761742157,0.415753909257209,0.75,0.370000000000005,0.0199999999999818,"ok",NA
"simulated","C2",40,0.7,2,1,"R02_F01","C2_R02_F01","ANN_L1","64-32",0.000125,0.001,0,23,48,TRUE,FALSE,0.82284658628691,0.652312074441595,0.655235223626248,800,200,200,0,0.756019901485364,0.622450018301746,0.50310573000087,0.0281933868296196,0.917463492323529,0.566050076247364,0.656895886599501,0.811182035211774,0.62416297913498,0.0667423868296194,0.900416313413674,0.422323369070986,0.960000000000036,0.269999999999982,0,"ok",NA
"simulated","C2",40,0.7,2,1,"R02_F01","C2_R02_F01","ANN_L2","64-32",0.000125,0,0.01,22,47,TRUE,FALSE,0.825273255818616,0.651062378988164,0.657569524128056,800,200,200,0,0.753366731156642,0.629769403882233,0.510545918932665,0.0161920969054357,0.875471298956497,0.555784443817135,0.655760359940501,0.815515710484716,0.629401776239534,0.0547410969054356,0.860739798727139,0.416134498761506,0.580000000000041,0.309999999999945,0.0200000000000955,"ok",NA
"simulated","C2",40,0.7,2,1,"R02_F01","C2_R02_F01","ANN_L1_L2","64-32",0.000125,0.001,0.01,24,49,TRUE,FALSE,0.822116066797026,0.652588006422848,0.654447641930016,800,200,200,0,0.755507675023938,0.621815951576585,0.502545483710209,0.0255231305676081,0.931069512056836,0.566933723302623,0.655945625406597,0.810875229156763,0.624963664502272,0.064072130567608,0.913066300106109,0.422760265263401,0.75,0.340000000000032,0,"ok",NA
"simulated","C2",40,0.7,2,2,"R02_F02","C2_R02_F02","ANN_0","32-16",0.000125,0,0,23,48,TRUE,FALSE,0.837101849311437,0.647282386304724,0.655701390713413,800,200,200,0,0.715477366038386,0.660013277501498,0.521585015722188,-0.136571506561488,0.967238500049892,0.489460888116852,0.645957094851406,0.819485408658682,0.671326065037555,-0.148446506561488,0.998071502477566,0.397488266118444,0.700000000000045,0.190000000000055,0,"ok",NA
"simulated","C2",40,0.7,2,2,"R02_F02","C2_R02_F02","ANN_L1","32-16",0.000125,1e-05,0,23,48,TRUE,FALSE,0.842619544729451,0.635196259515125,0.657915948871113,800,200,200,0,0.715096180733766,0.66056825751877,0.522325176299508,-0.137463978735865,0.966501534931277,0.488601941367506,0.645367700159946,0.820166493960876,0.67172041326006,-0.149338978735864,0.996932198242192,0.396486338785416,0.67999999999995,0.259999999999991,0,"ok",NA
"simulated","C2",40,0.7,2,2,"R02_F02","C2_R02_F02","ANN_L2","32-16",0.000125,0,0.01,23,48,TRUE,FALSE,0.841634091329606,0.635370198459083,0.657310201712967,800,200,200,0,0.7141406146348,0.661196825418847,0.522745482928175,-0.136144002408615,0.965644530197179,0.487628230208099,0.644542892893279,0.820651631032004,0.672551626811614,-0.148019002408615,0.99610629183318,0.395772158322332,0.580000000000041,0.220000000000027,0.00999999999999091,"ok",NA
"simulated","C2",40,0.7,2,2,"R02_F02","C2_R02_F02","ANN_L1_L2","32-16",0.000125,1e-04,0.001,23,48,TRUE,FALSE,0.841954734313417,0.635453877481966,0.657437383744512,800,200,200,0,0.714730572246505,0.660645853094794,0.521963082739114,-0.136201687039405,0.966425580638041,0.488481788583355,0.644789494621005,0.820445325439019,0.672133760020937,-0.148076687039405,0.996470206370738,0.396075916725357,0.580000000000041,0.189999999999941,0,"ok",NA
"simulated","C2",40,0.7,2,3,"R02_F03","C2_R02_F03","ANN_0","4",0.000125,0,0,34,59,TRUE,FALSE,0.827947043558939,0.644556707691958,0.659617695370626,800,200,200,0,0.733446845124677,0.660804306849596,0.519923277651345,-0.111598674897449,0.821300924315992,0.498164195126694,0.631639375210564,0.849517264835645,0.684289829378009,-0.0942666748974493,0.811303106474737,0.369623841040717,0.5,0.200000000000045,0,"ok",NA
"simulated","C2",40,0.7,2,3,"R02_F03","C2_R02_F03","ANN_L1","4",0.000125,0.01,0,37,62,TRUE,FALSE,0.881167826144211,0.59951004696013,0.691303961344977,800,200,200,0,0.727109572143165,0.670377693294935,0.524960862556254,-0.160657907587988,0.853779931227957,0.483518198116653,0.63009986702858,0.851648183962362,0.682912493541933,-0.143325907587988,0.848663931564695,0.366457418404047,0.689999999999941,0.279999999999973,0,"ok",NA
"simulated","C2",40,0.7,2,3,"R02_F03","C2_R02_F03","ANN_L2","4",0.000125,0,1e-04,34,59,TRUE,FALSE,0.886542270628857,0.606461132663599,0.69571881437654,800,200,200,0,0.733447190676386,0.660803569672281,0.519922814757747,-0.111601434936614,0.821304799318179,0.498165314797863,0.631639725686924,0.849516548777198,0.684289567616973,-0.0942694349366135,0.811307002239777,0.369624903728909,0.509999999999991,0.25,0,"ok",NA
"simulated","C2",40,0.7,2,3,"R02_F03","C2_R02_F03","ANN_L1_L2","4",0.000125,0.01,0.01,37,62,TRUE,FALSE,0.880510218459602,0.599617273132293,0.691342886755097,800,200,200,0,0.72709154419535,0.670378739821288,0.524969209532606,-0.160906840569382,0.854247338942407,0.483516585556318,0.630089877110531,0.851636060739191,0.68302924393639,-0.143574840569382,0.849136129454924,0.366475455249738,0.5,0.25,0,"ok",NA
"simulated","C2",40,0.7,2,4,"R02_F04","C2_R02_F04","ANN_0","16-8",5e-04,0,0,17,42,TRUE,FALSE,0.824511762315216,0.64318963076882,0.647440783103844,800,200,200,0,0.694397551241225,0.745058997586069,0.586903840045152,0.112757843922105,0.743389860584913,0.411247768787442,0.611275182742706,0.898032364967092,0.724351122385736,0.0989353439221059,0.731158699165255,0.314823677486245,0.459999999999923,0.139999999999986,0,"ok",NA
"simulated","C2",40,0.7,2,4,"R02_F04","C2_R02_F04","ANN_L1","16-8",5e-04,0.001,0,17,42,TRUE,FALSE,0.851129943759457,0.627275948681946,0.670203532042262,800,200,200,0,0.693353007885733,0.741292760634906,0.584304825091618,0.121857288408526,0.760259517761053,0.417184952394232,0.609418841627578,0.895492616513229,0.718491883608181,0.108034788408527,0.746603074393505,0.318693726842906,0.549999999999955,0.159999999999968,0,"ok",NA
"simulated","C2",40,0.7,2,4,"R02_F04","C2_R02_F04","ANN_L2","16-8",5e-04,0,0.01,17,42,TRUE,FALSE,0.853386643709697,0.623672582882557,0.671958022015222,800,200,200,0,0.697354235538602,0.740838786583597,0.582067130625637,0.115135237174461,0.749461111039464,0.417898575691125,0.614184237283191,0.894165787407876,0.721337253624033,0.101312737174461,0.73749785339034,0.320711180200153,0.440000000000055,0.139999999999986,0,"ok",NA
"simulated","C2",40,0.7,2,4,"R02_F04","C2_R02_F04","ANN_L1_L2","16-8",5e-04,0.001,0.01,17,42,TRUE,FALSE,0.850715061252726,0.627301205916567,0.670084966314734,800,200,200,0,0.692826907891725,0.740682141088009,0.583577655729192,0.121055088011338,0.762981147338284,0.418144712712191,0.607663980010727,0.896319244914354,0.71906771737744,0.107232588011339,0.747685552977444,0.317435319920018,0.549999999999955,0.139999999999986,0,"ok",NA
"simulated","C2",40,0.7,2,5,"R02_F05","C2_R02_F05","ANN_0","32",0.000125,0,0,5,30,TRUE,FALSE,0.831195714597456,0.640332834320106,0.657915909458372,800,200,200,0,0.787804494302034,0.627316467355545,0.486575428948182,0.0689826913488706,1.13509022588443,0.607094096429685,0.671814528192313,0.811240319212426,0.60898696617785,0.0388096913488707,1.05682094744322,0.448768471895272,0.259999999999991,0.0299999999999727,0,"ok",NA
"simulated","C2",40,0.7,2,5,"R02_F05","C2_R02_F05","ANN_L1","32",0.000125,0.01,0,7,32,TRUE,FALSE,0.853114384669378,0.612316894369668,0.677038736121866,800,200,200,0,0.773601838589061,0.664225723032889,0.518221347925391,0.0613405337794799,1.32019535745937,0.559499345006514,0.666214401647066,0.827639898283997,0.618979714756621,0.03116753377948,1.2412944574272,0.426256428926431,0.269999999999982,0.0499999999999545,0,"ok",NA
"simulated","C2",40,0.7,2,5,"R02_F05","C2_R02_F05","ANN_L2","32",0.000125,0,1e-05,5,30,TRUE,FALSE,0.862383789852946,0.617112925917734,0.674208642400781,800,200,200,0,0.787804526488896,0.627316468275663,0.486575450340659,0.0689827567236411,1.13509059344149,0.607094095277093,0.671814645505475,0.811240222150371,0.608986854026991,0.0388097567236413,1.0568214310213,0.448768603801097,0.25,0.0299999999999727,0,"ok",NA
"simulated","C2",40,0.7,2,5,"R02_F05","C2_R02_F05","ANN_L1_L2","32",0.000125,0.01,0.01,7,32,TRUE,FALSE,0.852949241181941,0.612422967252035,0.676788672769265,800,200,200,0,0.773322378574057,0.66524694840569,0.519110797389982,0.0618671705058076,1.32549426075012,0.558143792984985,0.66597222649169,0.828287172027372,0.619403524331635,0.0316941705058078,1.24627385141529,0.425358660782562,0.360000000000014,0.0399999999999636,0,"ok",NA
"simulated","C2",40,0.7,3,1,"R03_F01","C2_R03_F01","ANN_0","32-16",0.000125,0,0,12,37,TRUE,FALSE,0.833642815789291,0.65039962632528,0.659565813039342,800,200,200,0,0.709639668996152,0.664064776367539,0.543162690316611,-0.212435407885355,1.19756640597374,0.431727362420064,0.610365733941112,0.814451283908558,0.651605191940276,-0.237318407885354,1.14466296142246,0.307827169525052,0.469999999999914,0.120000000000005,0,"ok",NA
"simulated","C2",40,0.7,3,1,"R03_F01","C2_R03_F01","ANN_L1","32-16",0.000125,0.001,0,12,37,TRUE,FALSE,0.848107956415844,0.641873511491935,0.673338561011059,800,200,200,0,0.708485626999031,0.665974812148075,0.543951991671387,-0.205572819576465,1.24186405398921,0.428453639444089,0.610397173424252,0.81449581403874,0.650828955424966,-0.230455819576465,1.18899846022937,0.307751478346291,0.439999999999941,0.0900000000000318,0,"ok",NA
"simulated","C2",40,0.7,3,1,"R03_F01","C2_R03_F01","ANN_L2","32-16",0.000125,0,1e-04,12,37,TRUE,FALSE,0.851918442975705,0.63738537666703,0.675484520303857,800,200,200,0,0.709685891549482,0.664012955252123,0.543118513157465,-0.212375033784716,1.19763701113656,0.431816050674468,0.610404351097944,0.814409164411107,0.651558897861603,-0.237258033784715,1.14472831120206,0.307898759363496,0.449999999999932,0.139999999999986,0,"ok",NA
"simulated","C2",40,0.7,3,1,"R03_F01","C2_R03_F01","ANN_L1_L2","32-16",0.000125,0.001,1e-04,12,37,TRUE,FALSE,0.848203960114242,0.641668542337812,0.673617263460675,800,200,200,0,0.708473221340903,0.66600222007097,0.543994419240074,-0.205568691003567,1.24211894513995,0.428406594959414,0.610434355779712,0.814485251783954,0.650814303911492,-0.230451691003567,1.18933576890305,0.307769432171778,0.480000000000018,0.139999999999986,0,"ok",NA
"simulated","C2",40,0.7,3,2,"R03_F02","C2_R03_F02","ANN_0","64-32",0.00025,0,0,17,42,TRUE,FALSE,0.79870224579626,0.643333720198902,0.636943943541791,800,200,200,0,0.784603233057352,0.694564958849937,0.552906182622794,0.0620816807160396,0.920757072843845,0.607910118489023,0.715912795714334,0.856758747984685,0.682048780392088,0.10091068071604,0.919246193093224,0.501662577593126,0.530000000000086,0.219999999999914,0,"ok",NA
"simulated","C2",40,0.7,3,2,"R03_F02","C2_R03_F02","ANN_L1","64-32",0.00025,0.001,0,17,42,TRUE,FALSE,0.808173387228781,0.631604734040256,0.638905567027046,800,200,200,0,0.787107725407498,0.684971174757053,0.550288348967196,0.0298596326358943,0.984829667807622,0.618666914113104,0.715564783818902,0.850767432108661,0.670331735317406,0.0686886326358948,0.979608741754994,0.508607957316028,0.590000000000032,0.219999999999914,0,"ok",NA
"simulated","C2",40,0.7,3,2,"R03_F02","C2_R03_F02","ANN_L2","64-32",0.00025,0,0.01,13,38,TRUE,FALSE,0.809886476614152,0.629800028009033,0.63876921665578,800,200,200,0,0.789525314266788,0.684425173876103,0.545927317330467,0.028312085388327,0.930998539064974,0.619274604554824,0.717834026058442,0.850471784166349,0.672376827685865,0.0671410853883275,0.926155106808709,0.508949422675508,0.639999999999986,0.139999999999986,0,"ok",NA
"simulated","C2",40,0.7,3,2,"R03_F02","C2_R03_F02","ANN_L1_L2","64-32",0.00025,0.001,0.01,17,42,TRUE,FALSE,0.807722464168308,0.632473757971927,0.639069564293626,800,200,200,0,0.78777421077648,0.683785260726369,0.549711676737945,0.027160150377771,1.00199400516507,0.619986201097555,0.716104466723146,0.849697373956847,0.669304549342997,0.0659891503777715,0.996589923160974,0.509843282895433,0.629999999999995,0.210000000000036,0,"ok",NA
"simulated","C2",40,0.7,3,3,"R03_F03","C2_R03_F03","ANN_0","32-16",0.000125,0,0,55,80,TRUE,FALSE,0.834036819006994,0.647090504147732,0.661455537519154,800,200,200,0,0.66029259282196,0.68263240645427,0.541643395819021,0.0213936058756365,0.792223692013489,0.405412810723204,0.55175604907027,0.858075832967297,0.678024814251413,0.0256596058756364,0.751206827413583,0.270389557990121,1.17000000000007,0.590000000000032,0,"ok",NA
"simulated","C2",40,0.7,3,3,"R03_F03","C2_R03_F03","ANN_L1","32-16",0.000125,0.001,0,65,90,TRUE,FALSE,0.846465645593615,0.652702598558935,0.664572536651139,800,200,200,0,0.661153689829219,0.681641891132696,0.543726907862284,0.0259185537765114,0.794819517803522,0.407137078212066,0.554573633361539,0.855480936673634,0.678223267992125,0.0301845537765112,0.756530318372429,0.274795697079788,1.26999999999998,0.75,0,"ok",NA
"simulated","C2",40,0.7,3,3,"R03_F03","C2_R03_F03","ANN_L2","32-16",0.000125,0,0.01,55,80,TRUE,FALSE,0.849166602655359,0.651157874010161,0.667980912199731,800,200,200,0,0.661119899784324,0.681751449708609,0.541381301996881,0.017504704647861,0.793110293330488,0.406946484182706,0.552540970003335,0.857310996953364,0.676715527843351,0.0217707046478609,0.752174948456127,0.271689638059758,1.15999999999997,0.689999999999941,0,"ok",NA
"simulated","C2",40,0.7,3,3,"R03_F03","C2_R03_F03","ANN_L1_L2","32-16",0.000125,0.001,1e-04,64,89,TRUE,FALSE,0.844883644400766,0.652713057854092,0.663128072274879,800,200,200,0,0.661869690821714,0.680812995826495,0.542765444425601,0.0272501968741393,0.796641490542249,0.408578076802583,0.555912839575081,0.8541855614457,0.677309922351807,0.0315161968741391,0.759273347013309,0.276990253187521,1.38999999999999,0.690000000000055,0,"ok",NA
"simulated","C2",40,0.7,3,4,"R03_F04","C2_R03_F04","ANN_0","64-32",0.000125,0,0,29,54,TRUE,FALSE,0.838195635300962,0.63523604768166,0.666782889201361,800,200,200,0,0.745430792530516,0.635144370998136,0.498577841657206,0.0645854389035474,0.943702917074639,0.549026462373938,0.622844679699873,0.850310316443648,0.661857400841305,0.0725939389035469,0.899249847589077,0.37853631163355,0.730000000000018,0.410000000000082,0,"ok",NA
"simulated","C2",40,0.7,3,4,"R03_F04","C2_R03_F04","ANN_L1","64-32",0.000125,0.001,0,30,55,TRUE,FALSE,0.841669326981892,0.636837766498062,0.66683605817389,800,200,200,0,0.742117193058877,0.638447904063399,0.504811918344866,0.0711556303572929,0.964301134148688,0.544323026511406,0.621755496914863,0.8504189236155,0.66137037553799,0.0791641303572925,0.92136659599261,0.37837754671497,1.05999999999995,0.379999999999995,0,"ok",NA
"simulated","C2",40,0.7,3,4,"R03_F04","C2_R03_F04","ANN_L2","64-32",0.000125,0,1e-05,29,54,TRUE,FALSE,0.846827025940778,0.633296465654804,0.67205789506638,800,200,200,0,0.746176500683345,0.634151292166887,0.498179962468245,0.0636385155520526,0.945969225920932,0.550435597603022,0.62365380867804,0.849371965949354,0.661458554533264,0.0716470155520521,0.901678396786099,0.379907173501566,0.850000000000023,0.310000000000059,0,"ok",NA
"simulated","C2",40,0.7,3,4,"R03_F04","C2_R03_F04","ANN_L1_L2","64-32",0.000125,0.001,0.01,30,55,TRUE,FALSE,0.841547490800068,0.636933867115093,0.666356700270206,800,200,200,0,0.742100254230758,0.638458761971089,0.505037101936304,0.0720056872575431,0.967813313817863,0.544307527234,0.622645946515634,0.849504194224096,0.660311317566926,0.0800141872575426,0.926067881749466,0.379714089222314,0.75,0.330000000000041,0,"ok",NA
"simulated","C2",40,0.7,3,5,"R03_F05","C2_R03_F05","ANN_0","32",0.000125,0,0,7,32,TRUE,FALSE,0.837957131805183,0.639330195685745,0.665433212877014,800,200,200,0,0.801029607808575,0.577714683731227,0.461958996375202,-0.148022805343279,1.01161303473807,0.616379431546073,0.694728334030704,0.788417449495506,0.62265164472603,-0.174232805343279,1.00554770216526,0.456068900313949,0.330000000000041,0.0600000000000591,0,"ok",NA
"simulated","C2",40,0.7,3,5,"R03_F05","C2_R03_F05","ANN_L1","32",0.000125,0.01,0,12,37,TRUE,FALSE,0.838031336249693,0.634449726564255,0.661868385129469,800,200,200,0,0.801698542975261,0.572759471053582,0.473031036542457,-0.109042730483751,1.10814877745973,0.622932040307969,0.710388063498537,0.769113484840386,0.610131694586061,-0.13525273048375,1.12539362665708,0.482378523623015,0.410000000000082,0.0999999999999091,0,"ok",NA
"simulated","C2",40,0.7,3,5,"R03_F05","C2_R03_F05","ANN_L2","32",0.000125,0,0.01,7,32,TRUE,FALSE,0.839769578587151,0.629732778505929,0.663387081168425,800,200,200,0,0.800903239214648,0.577838596186258,0.462059278992763,-0.147909535510529,1.0116617348076,0.616214850427947,0.694737043660368,0.788384509959071,0.622647679700821,-0.174119535510529,1.00576738469833,0.456114349495753,0.389999999999986,0.0900000000000318,0,"ok",NA
"simulated","C2",40,0.7,3,5,"R03_F05","C2_R03_F05","ANN_L1_L2","32",0.000125,0.01,1e-05,12,37,TRUE,FALSE,0.838022729677443,0.634461005378324,0.661861738263836,800,200,200,0,0.801698448686238,0.572759972899325,0.473031668166382,-0.109042912426754,1.10815333315965,0.622931379541826,0.710388081718264,0.769113813688709,0.610132211683006,-0.135252912426754,1.12539841447575,0.48237808098615,0.449999999999932,0.1099999999999,0,"ok",NA
"simulated","C2",40,0.7,4,1,"R04_F01","C2_R04_F01","ANN_0","64-32",0.000125,0,0,23,48,TRUE,FALSE,0.818834527915867,0.66032483687368,0.650293956477048,800,200,200,0,0.729914461588495,0.63596953840696,0.508231018130766,0.0333554707969307,0.919035148982899,0.527339946913114,0.642613603120529,0.797272105494205,0.623733222445645,-0.00931652920306881,0.906730345024402,0.408502048428685,0.600000000000023,0.25,0,"ok",NA
"simulated","C2",40,0.7,4,1,"R04_F01","C2_R04_F01","ANN_L1","64-32",0.000125,0.001,0,26,51,TRUE,FALSE,0.825855686958991,0.655231420810627,0.658211366771541,800,200,200,0,0.728984299803459,0.633991777664646,0.510888284569518,0.029278215352126,0.983962165537208,0.530275165947025,0.641216962271872,0.795859212206691,0.623037019916905,-0.0133937846478735,0.969914181491919,0.410596648156852,0.860000000000014,0.450000000000045,0.0199999999999818,"ok",NA
"simulated","C2",40,0.7,4,1,"R04_F01","C2_R04_F01","ANN_L2","64-32",0.000125,0,0.01,23,48,TRUE,FALSE,0.832874361248593,0.648223292630744,0.663673769941245,800,200,200,0,0.730241551191751,0.635337074544893,0.507421351675786,0.0330348837389087,0.923128114259995,0.528279588635882,0.643077918523328,0.796587427967571,0.623024602847009,-0.00963711626109081,0.911018332959473,0.409517539767233,0.990000000000009,0.379999999999995,0,"ok",NA
"simulated","C2",40,0.7,4,1,"R04_F01","C2_R04_F01","ANN_L1_L2","64-32",0.000125,0.001,0.01,26,51,TRUE,FALSE,0.824477897431988,0.656282848556149,0.657384647781894,800,200,200,0,0.727979430704291,0.634831266740378,0.51228756679788,0.0266961369359997,0.987079401542511,0.529030386590226,0.639420805037469,0.797427027739938,0.624382513028888,-0.0159758630639998,0.971600715768719,0.408272151776002,0.939999999999941,0.3900000000001,0,"ok",NA
"simulated","C2",40,0.7,4,2,"R04_F02","C2_R04_F02","ANN_0","64-32",0.000125,0,0,23,48,TRUE,FALSE,0.807204496438341,0.655777256610041,0.639812445941192,800,200,200,0,0.763821105973404,0.653383543422778,0.525272436409948,-0.00482881998575948,0.842466636568065,0.562999150952285,0.635109986374795,0.881993886601413,0.687179298973978,0.0239746800142395,0.790402052877487,0.374538008340388,0.720000000000027,0.279999999999973,0,"ok",NA
"simulated","C2",40,0.7,4,2,"R04_F02","C2_R04_F02","ANN_L1","64-32",0.000125,0.001,0,30,55,TRUE,FALSE,0.801936804616968,0.661283860551865,0.632853818319764,800,200,200,0,0.761581283712782,0.641811047642577,0.527364440989685,-0.0312540385101658,0.967270328565529,0.578342068468054,0.630562287173281,0.868819769181847,0.68548897144109,-0.00245053851016678,0.903644600365459,0.393083195853251,0.710000000000036,0.299999999999955,0,"ok",NA
"simulated","C2",40,0.7,4,2,"R04_F02","C2_R04_F02","ANN_L2","64-32",0.000125,0,0.01,23,48,TRUE,FALSE,0.802266995635058,0.661564649655341,0.634871753396967,800,200,200,0,0.763960450388081,0.652415075343077,0.524324691471749,-0.00480340460254482,0.846071069813989,0.564293666923972,0.635348465894466,0.880954098715474,0.686645078832909,0.0240000953974542,0.793936953498058,0.376011860852188,0.689999999999941,0.289999999999964,0.0200000000000955,"ok",NA
"simulated","C2",40,0.7,4,2,"R04_F02","C2_R04_F02","ANN_L1_L2","64-32",0.000125,0.001,1e-05,30,55,TRUE,FALSE,0.802149211182157,0.661098674118149,0.633079489236404,800,200,200,0,0.761582340007269,0.641814715916674,0.527351355903069,-0.0312173660771119,0.967061963275242,0.578337248478451,0.630604036730834,0.868792533456153,0.685460666221352,-0.00241386607711291,0.903508505378315,0.393121246461892,0.779999999999973,0.329999999999927,0,"ok",NA
"simulated","C2",40,0.7,4,3,"R04_F03","C2_R04_F03","ANN_0","64-32",0.00025,0,0,9,34,TRUE,FALSE,0.845447549313193,0.647755436105371,0.661658129710869,800,200,200,0,0.701389665791668,0.65276726406276,0.524866798959628,0.0431439819740164,0.724186747059214,0.418046399737038,0.588631231282556,0.798901229402434,0.64628171618724,0.0381999819740167,0.654396843248118,0.24812709329434,0.42999999999995,0.110000000000014,0,"ok",NA
"simulated","C2",40,0.7,4,3,"R04_F03","C2_R04_F03","ANN_L1","64-32",0.00025,1e-04,0,9,34,TRUE,FALSE,0.852140307604493,0.648598890315584,0.668479887133262,800,200,200,0,0.701555259935271,0.651918868275458,0.524122276103197,0.0424957727422924,0.725929338598259,0.419558136503741,0.589182518571858,0.797702599604617,0.644837722023401,0.0375517727422927,0.65643087690629,0.250381542698789,0.639999999999986,0.110000000000014,0,"ok",NA
"simulated","C2",40,0.7,4,3,"R04_F03","C2_R04_F03","ANN_L2","64-32",0.00025,0,0.01,9,34,TRUE,FALSE,0.852004022491483,0.648682834087481,0.668413811866761,800,200,200,0,0.70193370289076,0.651349255414433,0.523681252456167,0.0427457251008736,0.726764266918069,0.420572013304023,0.58929203828051,0.797430306102801,0.644722854990608,0.0378017251008739,0.656953648642815,0.250893215589461,0.610000000000014,0.110000000000014,0,"ok",NA
"simulated","C2",40,0.7,4,3,"R04_F03","C2_R04_F03","ANN_L1_L2","64-32",0.00025,1e-04,0.001,9,34,TRUE,FALSE,0.852030487409279,0.648663165704492,0.668208702279355,800,200,200,0,0.701608555915949,0.651847965498996,0.524307939060471,0.0419586288229733,0.72592958158204,0.419684387495057,0.589493991411395,0.797402198123222,0.64447271851393,0.0370146288229736,0.656728230053003,0.250946023983992,0.699999999999932,0.159999999999968,0,"ok",NA
"simulated","C2",40,0.7,4,4,"R04_F04","C2_R04_F04","ANN_0","64-32",0.000125,0,0,9,34,TRUE,FALSE,0.824036168242427,0.632254720012483,0.653138973342547,800,200,200,0,0.794676290488288,0.669127458409172,0.530781210668529,-0.140578245226326,1.40918951029883,0.558789541564833,0.700479494683558,0.863636130861165,0.693570117925043,-0.151610745226325,1.41219480960693,0.431344002979067,0.67999999999995,0.1400000000001,0,"ok",NA
"simulated","C2",40,0.7,4,4,"R04_F04","C2_R04_F04","ANN_L1","64-32",0.000125,0.001,0,10,35,TRUE,FALSE,0.816736848121166,0.642347506620378,0.64758064732338,800,200,200,0,0.793698511140384,0.664101348577056,0.525677526656205,-0.138970672624089,1.36770480664154,0.565392898269419,0.699229102301669,0.859998399872397,0.690095655852643,-0.150003172624088,1.36986049582004,0.436124397975303,0.549999999999955,0.149999999999977,0,"ok",NA
"simulated","C2",40,0.7,4,4,"R04_F04","C2_R04_F04","ANN_L2","64-32",0.000125,0,0.001,9,34,TRUE,FALSE,0.818279268650014,0.639709564565942,0.647931350776453,800,200,200,0,0.794561299460638,0.669143034113882,0.530690541666852,-0.140557141150473,1.40842598723899,0.558769000653792,0.700308351122299,0.863700233230299,0.693596441680918,-0.151589641150472,1.41128902882466,0.431259584210238,0.629999999999995,0.120000000000005,0,"ok",NA
"simulated","C2",40,0.7,4,4,"R04_F04","C2_R04_F04","ANN_L1_L2","64-32",0.000125,0.001,1e-04,10,35,TRUE,FALSE,0.816551124375825,0.642541746974937,0.647542793576128,800,200,200,0,0.793654832382689,0.664164176059522,0.52573739998624,-0.139022755566549,1.36772494412717,0.565310662141657,0.699254230250822,0.859998178212902,0.690110422240035,-0.150055255566548,1.37000528799204,0.43612468864646,0.57000000000005,0.139999999999986,0,"ok",NA
"simulated","C2",40,0.7,4,5,"R04_F05","C2_R04_F05","ANN_0","32-16",0.000125,0,0,18,43,TRUE,FALSE,0.83789381132268,0.629453078423915,0.662485765093719,800,200,200,0,0.755038364151717,0.649107797449678,0.522143759032757,-0.0180643713144181,1.26964584837035,0.544016331381723,0.657001618983059,0.85016888542777,0.663590131762215,0.0117911286855821,1.27380909601876,0.411593593233318,0.669999999999959,0.280000000000086,0.0199999999999818,"ok",NA
"simulated","C2",40,0.7,4,5,"R04_F05","C2_R04_F05","ANN_L1","32-16",0.000125,0.001,0,19,44,TRUE,FALSE,0.838373568398955,0.633995508361702,0.670142183492052,800,200,200,0,0.75442286737679,0.652674618098301,0.525032326658136,-0.0117523456719696,1.29808787231471,0.538991340141454,0.659032454685067,0.85128905033428,0.66658894798206,0.0181031543280307,1.30743581973475,0.410042027573307,0.710000000000036,0.25,0.00999999999999091,"ok",NA
"simulated","C2",40,0.7,4,5,"R04_F05","C2_R04_F05","ANN_L2","32-16",0.000125,0,0.001,18,43,TRUE,FALSE,0.843232959055677,0.630468368242172,0.674140272799849,800,200,200,0,0.755177769552617,0.649000797306183,0.521963900807795,-0.0182940383463954,1.26992317190003,0.544166649393066,0.657235373749278,0.849995074289847,0.663344567794278,0.0115614616536048,1.27430535725042,0.411834159865466,0.829999999999927,0.210000000000036,0,"ok",NA
"simulated","C2",40,0.7,4,5,"R04_F05","C2_R04_F05","ANN_L1_L2","32-16",0.000125,0.001,1e-05,19,44,TRUE,FALSE,0.838171008604294,0.633841785488294,0.670279026689361,800,200,200,0,0.754420373642771,0.65267811002101,0.525035084248726,-0.0117527016508398,1.29809663714319,0.538986407175257,0.659030228298711,0.851291795758331,0.66659185354787,0.0181027983491605,1.30744455252622,0.410038222314875,0.75,0.280000000000086,0,"ok",NA
"simulated","C2",40,0.7,5,1,"R05_F01","C2_R05_F01","ANN_0","32-16",0.000125,0,0,42,67,TRUE,FALSE,0.807713691734094,0.655770379503508,0.644141150018867,800,200,200,0,0.704138072632304,0.74185148265449,0.594592270061681,-0.215167392919558,1.47450972863712,0.393437608467904,0.600237227383416,0.921851496084396,0.729231815387786,-0.200629892919557,1.44618622723943,0.292477079386669,1.37,0.540000000000077,0,"ok",NA
"simulated","C2",40,0.7,5,1,"R05_F01","C2_R05_F01","ANN_L1","32-16",0.000125,0.001,0,75,100,TRUE,FALSE,0.827750325684312,0.634108411827618,0.658618009385002,800,200,200,0,0.728361921930621,0.678180316805715,0.54698963147656,-0.113450602717408,1.2646779352365,0.493088781046756,0.629880914439778,0.868584173454414,0.686563452741377,-0.0989131027174076,1.25835342735919,0.371880310224363,1.4899999999999,0.829999999999927,0,"ok",NA
"simulated","C2",40,0.7,5,1,"R05_F01","C2_R05_F01","ANN_L2","32-16",0.000125,0,0.01,42,67,TRUE,FALSE,0.828328277050483,0.63335078346883,0.659204752980752,800,200,200,0,0.703613879806319,0.742574642485051,0.59485397717352,-0.214158293702468,1.48132549856957,0.392254473133328,0.600944940461853,0.921789954947003,0.728488786761246,-0.199620793702467,1.45566775665487,0.292571542132711,0.889999999999986,0.490000000000009,0,"ok",NA
"simulated","C2",40,0.7,5,1,"R05_F01","C2_R05_F01","ANN_L1_L2","32-16",0.000125,0.001,0.001,76,101,TRUE,FALSE,0.826531936781554,0.634815156673495,0.657829834601412,800,200,200,0,0.72802009073135,0.677133359249991,0.54663450813286,-0.111122754855384,1.25404331267108,0.494652686296772,0.629380279798915,0.867965653044704,0.685601692302097,-0.0965852548553831,1.24736565510788,0.372774562116633,1.34999999999991,0.779999999999973,0,"ok",NA
"simulated","C2",40,0.7,5,2,"R05_F02","C2_R05_F02","ANN_0","64-32",5e-04,0,0,2,27,TRUE,FALSE,0.806719871321161,0.65793396220342,0.641662454987739,800,200,200,0,0.724023692256621,0.722020397551656,0.562512310661359,0.0724182101652528,1.82770273058204,0.410774111862632,0.626014838334197,0.894485056404396,0.670889600608835,0.0898332101652526,1.80516159100459,0.30693859188226,0.32000000000005,0.0300000000000864,0,"ok",NA
"simulated","C2",40,0.7,5,2,"R05_F02","C2_R05_F02","ANN_L1","64-32",5e-04,1e-05,0,2,27,TRUE,FALSE,0.830408867144366,0.644892182285345,0.665066493531875,800,200,200,0,0.724022564717014,0.722006765171421,0.562479372127871,0.0724837188402633,1.82746158152559,0.410796361858747,0.626018121196446,0.894473872764635,0.670871603028919,0.0898987188402631,1.80493569205524,0.306955922301836,0.309999999999945,0.0199999999999818,0,"ok",NA
"simulated","C2",40,0.7,5,2,"R05_F02","C2_R05_F02","ANN_L2","64-32",5e-04,0,0.001,2,27,TRUE,FALSE,0.83036340324167,0.644977804740201,0.664940806416596,800,200,200,0,0.723952570490005,0.722043195063604,0.562493955758418,0.0722802046366172,1.82754734379095,0.410736902120803,0.625987638255898,0.894485032706028,0.670903241301403,0.089695204636617,1.80510701172491,0.306938628606013,0.299999999999955,0.0299999999999727,0,"ok",NA
"simulated","C2",40,0.7,5,2,"R05_F02","C2_R05_F02","ANN_L1_L2","64-32",5e-04,1e-05,0.001,2,27,TRUE,FALSE,0.830351615009769,0.644882624496034,0.664966480149667,800,200,200,0,0.723876232326551,0.722051012911415,0.562470229301809,0.072324802761849,1.8269675423429,0.410724141681564,0.625879263065503,0.894511548351334,0.670913083748526,0.0897398027618488,1.80441218519665,0.30689753850119,0.399999999999977,0.0500000000000682,0,"ok",NA
"simulated","C2",40,0.7,5,3,"R05_F03","C2_R05_F03","ANN_0","64-32",0.000125,0,0,14,39,TRUE,FALSE,0.838501417506349,0.64256527109198,0.655371792721391,800,200,200,0,0.793781292744018,0.592975175547642,0.471063382077911,-0.0967778126133808,1.09363377032098,0.615220802453591,0.706619403601747,0.760332668084321,0.624009167153645,-0.114913812613381,1.07888055400203,0.484875324768986,0.620000000000005,0.139999999999986,0,"ok",NA
"simulated","C2",40,0.7,5,3,"R05_F03","C2_R05_F03","ANN_L1","64-32",0.000125,0.001,0,17,42,TRUE,FALSE,0.838294113163723,0.632648426586896,0.656876328783718,800,200,200,0,0.79432255191729,0.58937863032315,0.47007046109951,-0.086972177473303,1.07132461076293,0.619874214815673,0.70606380759883,0.758532259240928,0.623073089452489,-0.105108177473303,1.0553217594913,0.487311987068231,0.590000000000032,0.149999999999977,0,"ok",NA
"simulated","C2",40,0.7,5,3,"R05_F03","C2_R05_F03","ANN_L2","64-32",0.000125,0,0.001,14,39,TRUE,FALSE,0.839732558291743,0.631585580097129,0.657123655385579,800,200,200,0,0.793176626938641,0.593578691231574,0.47157893490961,-0.0956550823787529,1.09438114199417,0.614437166091658,0.70601934223264,0.760815702964681,0.624344569265807,-0.113791082378753,1.07952336270346,0.484220605501293,0.469999999999914,0.110000000000014,0,"ok",NA
"simulated","C2",40,0.7,5,3,"R05_F03","C2_R05_F03","ANN_L1_L2","64-32",0.000125,0.001,1e-04,17,42,TRUE,FALSE,0.838239958580613,0.632717361456604,0.656897525053513,800,200,200,0,0.794217440436087,0.589494412382815,0.470173307225341,-0.0869252068148241,1.0712161661597,0.619724850495087,0.705913103656365,0.758676051749097,0.623166804440592,-0.105061206814824,1.05512933082276,0.487117591426157,0.720000000000027,0.149999999999977,0,"ok",NA
"simulated","C2",40,0.7,5,4,"R05_F04","C2_R05_F04","ANN_0","64-32",0.000125,0,0,12,37,TRUE,FALSE,0.827617766161265,0.64310219494386,0.645887076423379,800,200,200,0,0.762946859347496,0.641458878753928,0.53340031264309,-0.0462685336304778,1.14079408159512,0.570989562734937,0.65846993410587,0.826835313509288,0.663835934645695,-0.0575255336304777,1.09844925549125,0.427327812663729,0.439999999999941,0.129999999999995,0,"ok",NA
"simulated","C2",40,0.7,5,4,"R05_F04","C2_R05_F04","ANN_L1","64-32",0.000125,0.001,0,13,38,TRUE,FALSE,0.823679521057389,0.647966978293828,0.643159998831667,800,200,200,0,0.761942661836404,0.642772936367925,0.536444993341324,-0.0370386547595469,1.15016640777737,0.569230067689236,0.659711118473064,0.825685875302956,0.661250956005088,-0.0482956547595468,1.11102356704218,0.428918924561955,0.569999999999936,0.139999999999986,0,"ok",NA
"simulated","C2",40,0.7,5,4,"R05_F04","C2_R05_F04","ANN_L2","64-32",0.000125,0,1e-04,12,37,TRUE,FALSE,0.82402636455743,0.649589039856635,0.646240830624969,800,200,200,0,0.76296571417486,0.641429876466084,0.533411068844077,-0.0463916124013169,1.14059155151364,0.571028355565857,0.658460772637192,0.826841494816223,0.663776514260875,-0.0576486124013168,1.09821182247946,0.427319250194912,0.470000000000027,0.129999999999995,0,"ok",NA
"simulated","C2",40,0.7,5,4,"R05_F04","C2_R05_F04","ANN_L1_L2","64-32",0.000125,0.001,0.001,13,38,TRUE,FALSE,0.823609728445095,0.648007757178324,0.643103063914073,800,200,200,0,0.762095832064685,0.642693150265435,0.536521247641254,-0.036716047456408,1.15144824604343,0.569337002250165,0.659838742160544,0.825609451617544,0.66122184339268,-0.0479730474564079,1.11225336098433,0.429024635709395,0.439999999999941,0.180000000000064,0.00999999999999091,"ok",NA
"simulated","C2",40,0.7,5,5,"R05_F05","C2_R05_F05","ANN_0","64-32",0.000125,0,0,20,45,TRUE,FALSE,0.816446205641709,0.66998340093148,0.648797320370396,800,200,200,0,0.753168125024417,0.618254815134776,0.493008471384232,-0.0688255274717488,0.886855490172555,0.552483259026059,0.639889650652038,0.79646995174948,0.636734194658918,-0.0713745274717484,0.829524068133654,0.387244656964354,0.629999999999995,0.200000000000045,0,"ok",NA
"simulated","C2",40,0.7,5,5,"R05_F05","C2_R05_F05","ANN_L1","64-32",0.000125,0.001,0,21,46,TRUE,FALSE,0.83537676509029,0.65074203292406,0.660617188005198,800,200,200,0,0.758397057198698,0.60847389988312,0.488571050549269,-0.0762573619725811,0.94664753896626,0.566530864402365,0.643902092207402,0.787090984484097,0.632508627658733,-0.0788063619725808,0.88485984137325,0.401590897727026,0.629999999999995,0.299999999999955,0,"ok",NA
"simulated","C2",40,0.7,5,5,"R05_F05","C2_R05_F05","ANN_L2","64-32",0.000125,0,1e-04,19,44,TRUE,FALSE,0.837052524565898,0.652674390469523,0.661933379810212,800,200,200,0,0.754761311137791,0.618004985354441,0.49438140355592,-0.0825240235765026,0.889191688861771,0.552844858862217,0.641044932793243,0.796589405062381,0.638121777012618,-0.0850730235765022,0.831452061264558,0.387060843012685,0.779999999999973,0.220000000000027,0,"ok",NA
"simulated","C2",40,0.7,5,5,"R05_F05","C2_R05_F05","ANN_L1_L2","64-32",0.000125,0.001,0.01,21,46,TRUE,FALSE,0.83444250633333,0.651511822006079,0.659845904545319,800,200,200,0,0.758519914378036,0.608410814686648,0.488947930714334,-0.080353453743099,0.956808944001267,0.56662074194035,0.644667958497127,0.785984894017362,0.632356095431929,-0.0829024537430987,0.895276742359749,0.40327159167372,0.680000000000064,0.330000000000041,0,"ok",NA
"simulated","C3",80,0.5,1,1,"R01_F01","C3_R01_F01","ANN_0","64-32",0.000125,0,0,13,38,TRUE,FALSE,0.750253485858163,0.601216399078534,0.604396198912171,800,200,200,0,0.815296032197168,0.389124090094265,0.307370766755698,0.0530553813305193,0.871899551657307,0.643736375973747,0.563587521729807,0.762876717752723,0.622431174810056,-0.0229111186694801,0.847004466223207,0.306641961271007,0.730000000000018,0.210000000000036,0,"ok",NA
"simulated","C3",80,0.5,1,1,"R01_F01","C3_R01_F01","ANN_L1","64-32",0.000125,0.001,0,14,39,TRUE,FALSE,0.753133796851515,0.604131723331648,0.607605441980865,800,200,200,0,0.814548366697238,0.386833209802895,0.303363184036582,0.0538103083496791,0.896952128337187,0.647918871298499,0.563168187102679,0.761204972087136,0.622287014649105,-0.0221561916503202,0.871492606988104,0.309677440635055,0.669999999999959,0.149999999999977,0.0199999999999818,"ok",NA
"simulated","C3",80,0.5,1,1,"R01_F01","C3_R01_F01","ANN_L2","64-32",0.000125,0,0.01,13,38,TRUE,FALSE,0.753225190017184,0.604888636641552,0.607533683332607,800,200,200,0,0.815191125334303,0.389122932087693,0.307171130966082,0.0537111925579096,0.873210358269454,0.643738496402755,0.563412709210018,0.762864268952304,0.622566381935912,-0.0222553074420897,0.848123859467549,0.30666458984314,0.600000000000023,0.159999999999968,0,"ok",NA
"simulated","C3",80,0.5,1,1,"R01_F01","C3_R01_F01","ANN_L1_L2","64-32",0.000125,1e-04,0.01,13,38,TRUE,FALSE,0.753087433875423,0.605056043330121,0.607291445671711,800,200,200,0,0.815664838356018,0.388475682550795,0.306554774038138,0.0544720048713091,0.875698328598841,0.644922689353814,0.563491466987075,0.76261943455429,0.622449267778224,-0.0214944951286902,0.850165210582377,0.307109557904777,0.5,0.139999999999986,0,"ok",NA
"simulated","C3",80,0.5,1,2,"R01_F02","C3_R01_F02","ANN_0","64-32",0.000125,0,0,12,37,TRUE,FALSE,0.76592881085224,0.586835272268393,0.627370609136256,800,200,200,0,0.77930194452083,0.516626464951956,0.409625823959744,0.203396895884203,0.838564871116587,0.508642624762414,0.546981957026428,0.827040980126805,0.671768710497979,0.272048395884204,0.722680912493839,0.16475692789777,0.550000000000068,0.110000000000014,0,"ok",NA
"simulated","C3",80,0.5,1,2,"R01_F02","C3_R01_F02","ANN_L1","64-32",0.000125,0.001,0,13,38,TRUE,FALSE,0.765250559854621,0.58277319644562,0.625181606986037,800,200,200,0,0.778561925076672,0.511741445893161,0.406698167351341,0.193614024898993,0.848725071481085,0.517890861929647,0.540847152783441,0.82643551525085,0.670072793587963,0.262265524898994,0.723920868836608,0.165979419270107,0.529999999999973,0.1400000000001,0,"ok",NA
"simulated","C3",80,0.5,1,2,"R01_F02","C3_R01_F02","ANN_L2","64-32",0.000125,0,1e-05,12,37,TRUE,FALSE,0.768298996223505,0.58097596400575,0.627581456384373,800,200,200,0,0.779332084040995,0.516634434158834,0.409629788549649,0.203398718299002,0.838387521379004,0.508627465806995,0.546982087737376,0.827080859633466,0.671794048914312,0.272050218299003,0.722500301228542,0.164676375940776,0.549999999999955,0.129999999999995,0,"ok",NA
"simulated","C3",80,0.5,1,2,"R01_F02","C3_R01_F02","ANN_L1_L2","64-32",0.000125,0.001,0.01,14,39,TRUE,FALSE,0.764709013705255,0.582412865550585,0.624944154031811,800,200,200,0,0.781898482424849,0.504633949735938,0.401611382511495,0.180297621870367,0.84576624635565,0.531189738531211,0.541848478087267,0.822769391492748,0.668639463450332,0.248949121870368,0.719648649708684,0.173362550074969,0.539999999999964,0.159999999999968,0,"ok",NA
"simulated","C3",80,0.5,1,3,"R01_F03","C3_R01_F03","ANN_0","64-32",0.000125,0,0,11,36,TRUE,FALSE,0.759043463847509,0.594506935150723,0.61314838625856,800,200,200,0,0.817896075982703,0.422607358099224,0.336546630101577,-0.0688580251335068,1.18487393708711,0.64319590198,0.600820904412276,0.712580578190936,0.585878204211091,-0.103308025133506,1.08327611648332,0.345087220879459,0.519999999999982,0.110000000000014,0.00999999999999091,"ok",NA
"simulated","C3",80,0.5,1,3,"R01_F03","C3_R01_F03","ANN_L1","64-32",0.000125,0.001,0,12,37,TRUE,FALSE,0.771576243450364,0.591013190267499,0.62286219229601,800,200,200,0,0.815210457492447,0.427916556292653,0.342187010491879,-0.0654322524708692,1.22142368875001,0.634174559045876,0.595816863209127,0.716109531786365,0.588162555998264,-0.0998822524708686,1.11103949789154,0.338584434487104,0.509999999999991,0.110000000000014,0,"ok",NA
"simulated","C3",80,0.5,1,3,"R01_F03","C3_R01_F03","ANN_L2","64-32",0.000125,0,1e-04,11,36,TRUE,FALSE,0.772816275136583,0.591581658730256,0.623234020910043,800,200,200,0,0.817652249916205,0.422786884769632,0.336631269820307,-0.068763661302456,1.18447044029074,0.642892691654042,0.600784592382579,0.712587635332746,0.585810343949037,-0.103213661302455,1.08316467602343,0.345074248773895,0.470000000000027,0.120000000000005,0,"ok",NA
"simulated","C3",80,0.5,1,3,"R01_F03","C3_R01_F03","ANN_L1_L2","64-32",0.000125,0.001,0.001,12,37,TRUE,FALSE,0.771916458846675,0.590860806991857,0.623137793835084,800,200,200,0,0.815216476449749,0.428028338570265,0.342295145510949,-0.0652413648597035,1.22297205246779,0.633983408965341,0.595696320373965,0.716196592644684,0.588290302172182,-0.0996913648597029,1.11221465373193,0.338423601808225,0.659999999999968,0.190000000000055,0,"ok",NA
"simulated","C3",80,0.5,1,4,"R01_F04","C3_R01_F04","ANN_0","64-32",0.00025,0,0,4,29,TRUE,FALSE,0.751923548679313,0.570617839950733,0.608125068511008,800,200,200,0,0.805223183382326,0.492927905732027,0.390196859731441,0.222533068098563,1.51713392975393,0.463760186597107,0.668343466813044,0.841355495777905,0.673973814261951,0.234823068098562,1.87395366802615,0.29457908088069,0.370000000000005,0.0599999999999454,0,"ok",NA
"simulated","C3",80,0.5,1,4,"R01_F04","C3_R01_F04","ANN_L1","64-32",0.00025,1e-04,0,4,29,TRUE,FALSE,0.743411267461979,0.57995294482214,0.601941246863628,800,200,200,0,0.805324587722618,0.492892036025801,0.390305307945848,0.22244384037883,1.51793527164762,0.463838226669523,0.668431453853904,0.841346503255293,0.67384925068853,0.23473384037883,1.87495419641789,0.294594160070635,0.379999999999995,0.07000000000005,0,"ok",NA
"simulated","C3",80,0.5,1,4,"R01_F04","C3_R01_F04","ANN_L2","64-32",0.00025,0,0.01,4,29,TRUE,FALSE,0.743475578364249,0.57988752205272,0.60197011660362,800,200,200,0,0.805493256605953,0.49289340523346,0.390247281816881,0.222320997429515,1.51982761034325,0.463835247851557,0.668640801870972,0.84136079390652,0.673866786646682,0.234610997429515,1.87748634364536,0.294570196592078,0.370000000000005,0.0299999999999727,0,"ok",NA
"simulated","C3",80,0.5,1,4,"R01_F04","C3_R01_F04","ANN_L1_L2","64-32",0.00025,1e-04,1e-04,4,29,TRUE,FALSE,0.74333300709548,0.580053474225334,0.601887376121485,800,200,200,0,0.805313636137815,0.492931712711139,0.39030982454789,0.222498980225619,1.51802165477336,0.463751903594145,0.668502521956789,0.841341023781292,0.67385996050726,0.234788980225619,1.87528575663551,0.294603348295363,0.32000000000005,0.0399999999999636,0,"ok",NA
"simulated","C3",80,0.5,1,5,"R01_F05","C3_R01_F05","ANN_0","32-16",5e-04,0,0,11,36,TRUE,FALSE,0.753938075450322,0.590108116526136,0.618121719224416,800,200,200,0,0.77247035967213,0.44908026001173,0.360568640987558,-0.0284863876590322,1.01199317836695,0.594997035126461,0.582664130548909,0.771297838525322,0.62227086203371,0.000993612340967545,1.0264308625118,0.339271279901969,0.469999999999914,0.0900000000000318,0.0199999999999818,"ok",NA
"simulated","C3",80,0.5,1,5,"R01_F05","C3_R01_F05","ANN_L1","32-16",5e-04,0.001,0,26,51,TRUE,FALSE,0.75509454877351,0.586747293982939,0.616412191118668,800,200,200,0,0.757191921080911,0.461092153144176,0.370911213864753,-0.00421209352925445,0.979049188078227,0.573041430598072,0.587748466433501,0.768192698812127,0.61759164309464,0.0252679064707453,1.02189365446695,0.344580578190707,0.639999999999986,0.279999999999973,0,"ok",NA
"simulated","C3",80,0.5,1,5,"R01_F05","C3_R01_F05","ANN_L2","32-16",5e-04,0,1e-05,11,36,TRUE,FALSE,0.75654953623375,0.586274085126851,0.617541769750827,800,200,200,0,0.772311378893511,0.449161136446319,0.361149786884759,-0.0273258446324115,1.01403003598092,0.594851145190018,0.583150434989867,0.771001546155122,0.621754068067554,0.00215415536758826,1.02956707881339,0.339778817371072,0.590000000000032,0.110000000000014,0,"ok",NA
"simulated","C3",80,0.5,1,5,"R01_F05","C3_R01_F05","ANN_L1_L2","32-16",5e-04,0.001,0.001,26,51,TRUE,FALSE,0.754851258156008,0.587008910858731,0.616210673821251,800,200,200,0,0.756842694958273,0.461296358827924,0.372074051739374,-0.00425242720310905,0.986247378512423,0.572663169235317,0.586012374292571,0.769429138407449,0.618186067971131,0.0252275727968907,1.0268397748655,0.342469028049396,0.67999999999995,0.379999999999995,0,"ok",NA
"simulated","C3",80,0.5,2,1,"R02_F01","C3_R02_F01","ANN_0","32",0.000125,0,0,23,48,TRUE,FALSE,0.748557407947825,0.60967117455332,0.610851158549378,800,200,200,0,0.793601927068617,0.420556047913185,0.331960434835143,0.0528733440595274,0.966898019024097,0.623108659157772,0.55809241499708,0.759661990225616,0.616486030027155,0.0972918440595284,0.89864695161945,0.295957087977473,0.480000000000018,0.139999999999986,0,"ok",NA
"simulated","C3",80,0.5,2,1,"R02_F01","C3_R02_F01","ANN_L1","32",0.000125,0.01,0,31,56,TRUE,FALSE,0.754014312113559,0.597728043607173,0.611799748037934,800,200,200,0,0.822369433302298,0.407775501418895,0.317376572657673,0.0649642187817586,1.21779023058822,0.645667772251768,0.583959064935933,0.745983402702672,0.609485916872194,0.10938271878176,1.14285980652962,0.321083026328144,0.579999999999927,0.219999999999914,0,"ok",NA
"simulated","C3",80,0.5,2,1,"R02_F01","C3_R02_F01","ANN_L2","32",0.000125,0,0.01,23,48,TRUE,FALSE,0.757750944837133,0.596844424438467,0.61822372941223,800,200,200,0,0.793913859644127,0.420278264268905,0.331893237733168,0.0530837825679546,0.968015265457657,0.623606379614327,0.558133478783754,0.759629473568152,0.616243641515007,0.0975022825679557,0.899398015330631,0.296017358551873,0.470000000000027,0.159999999999968,0,"ok",NA
"simulated","C3",80,0.5,2,1,"R02_F01","C3_R02_F01","ANN_L1_L2","32",0.000125,0.01,1e-05,31,56,TRUE,FALSE,0.754014806432795,0.597727600377347,0.611801194817417,800,200,200,0,0.822369559613433,0.407775900209464,0.317374970845131,0.06496692806354,1.21779111357452,0.6456670792017,0.583964255570126,0.74598090916466,0.609482852294311,0.109385428063541,1.14287061818761,0.321087565041594,0.480000000000018,0.400000000000091,0,"ok",NA
"simulated","C3",80,0.5,2,2,"R02_F02","C3_R02_F02","ANN_0","32-16",0.000125,0,0,68,93,TRUE,FALSE,0.747556224462603,0.615704222531578,0.607895706468794,800,200,200,0,0.70806900941863,0.508517732623789,0.406386674415849,-0.0652977876058991,0.754754330341419,0.439179592116297,0.49751315689494,0.791194790717999,0.647382629568862,-0.0354397876058989,0.688870358463409,0.195413684275879,1.12,0.720000000000027,0,"ok",NA
"simulated","C3",80,0.5,2,2,"R02_F02","C3_R02_F02","ANN_L1","32-16",0.000125,0.001,0,95,120,TRUE,FALSE,0.765359962843029,0.591935246709121,0.61766580556465,800,200,200,0,0.694990940002619,0.516584809630689,0.412043481926257,-0.0646857025246193,0.751715081527605,0.421244850741438,0.479948629589439,0.801138196480407,0.652979651813293,-0.034827702524619,0.674328906751889,0.175063194877454,1.54999999999995,0.970000000000027,0,"ok",NA
"simulated","C3",80,0.5,2,2,"R02_F02","C3_R02_F02","ANN_L2","32-16",0.000125,0,1e-05,67,92,TRUE,FALSE,0.769262171039924,0.589663720570257,0.622391458458785,800,200,200,0,0.707558150025008,0.508315021947052,0.406285158228306,-0.0635793579388925,0.755833278259847,0.439626623234807,0.497328488630317,0.79090890850119,0.647344270605956,-0.0337213579388923,0.690096953521569,0.195995021176154,1.27999999999997,0.620000000000005,0,"ok",NA
"simulated","C3",80,0.5,2,2,"R02_F02","C3_R02_F02","ANN_L1_L2","32-16",0.000125,0.001,0.01,87,112,TRUE,FALSE,0.764426135082706,0.592655441061139,0.616877605150181,800,200,200,0,0.701060499263094,0.508234275839966,0.404977020847699,-0.0634393833567214,0.771828462482793,0.439804640302584,0.483783939800969,0.795725607247185,0.65122527957638,-0.0335813833567212,0.691862257903798,0.186172291641746,1.42000000000007,0.850000000000023,0.00999999999999091,"ok",NA
"simulated","C3",80,0.5,2,3,"R02_F03","C3_R02_F03","ANN_0","16",0.000125,0,0,15,40,TRUE,FALSE,0.776401444553764,0.582087326546159,0.632221515714687,800,200,200,0,0.804846455356633,0.430046007724358,0.335561889918552,0.0797923237215407,0.88288698634435,0.623415407330384,0.598646879585778,0.764899501411203,0.613493634458131,0.0656788237215417,0.88756311570857,0.34781834845603,0.329999999999927,0.100000000000023,0,"ok",NA
"simulated","C3",80,0.5,2,3,"R02_F03","C3_R02_F03","ANN_L1","16",0.000125,0.01,0,37,62,TRUE,FALSE,0.776690942976673,0.557669474885923,0.633704482729251,800,200,200,0,0.811178031017407,0.412782429168145,0.325316825707746,0.0129332447850479,1.09151797025847,0.653043433020067,0.584213885099083,0.769398455741145,0.608732995998557,-0.00118025521495113,1.06248553911407,0.340123835913778,0.549999999999955,0.210000000000036,0,"ok",NA
"simulated","C3",80,0.5,2,3,"R02_F03","C3_R02_F03","ANN_L2","16",0.000125,0,0.01,15,40,TRUE,FALSE,0.779151995321507,0.558406422582849,0.636890373985129,800,200,200,0,0.805048245984599,0.429817263798684,0.335499296544212,0.0796833804264713,0.883095722024957,0.623815915773516,0.598803293410054,0.764767266792829,0.613506880491237,0.0655698804264723,0.887782329057512,0.348043825233149,0.379999999999995,0.139999999999986,0,"ok",NA
"simulated","C3",80,0.5,2,3,"R02_F03","C3_R02_F03","ANN_L1_L2","16",0.000125,0.01,0.01,36,61,TRUE,FALSE,0.776435187879262,0.558254207991855,0.633599430324394,800,200,200,0,0.811119463109322,0.413017042899494,0.32547860473899,0.0118691135245439,1.09528235396033,0.652648920550648,0.58398026215347,0.769629505252838,0.608525080102754,-0.00224438647545512,1.06580040317248,0.33972745623106,0.57000000000005,0.279999999999973,0,"ok",NA
"simulated","C3",80,0.5,2,4,"R02_F04","C3_R02_F04","ANN_0","8",0.000125,0,0,46,71,TRUE,FALSE,0.757385323450757,0.590250488362447,0.621092869655931,800,200,200,0,0.75170251601937,0.469934391961615,0.381847910614423,0.0293301341413619,0.855471136612365,0.547164320738748,0.584340148931855,0.763945228815747,0.603288296123061,0.0455496341413617,0.89143626094385,0.334021512944056,0.680000000000064,0.3599999999999,0,"ok",NA
"simulated","C3",80,0.5,2,4,"R02_F04","C3_R02_F04","ANN_L1","8",0.000125,0.001,0,46,71,TRUE,FALSE,0.776418511353517,0.566846120222463,0.635157577032579,800,200,200,0,0.751731211253814,0.4694080386349,0.381679580607638,0.0305555689689705,0.859873092058756,0.548178156229971,0.585868552146586,0.762609155865904,0.603021058801671,0.0467750689689704,0.898332630984588,0.336348951406667,0.659999999999968,0.340000000000032,0,"ok",NA
"simulated","C3",80,0.5,2,4,"R02_F04","C3_R02_F04","ANN_L2","8",0.000125,0,1e-05,46,71,TRUE,FALSE,0.776220236324574,0.56603269132533,0.634578733356504,800,200,200,0,0.751703112631316,0.469933911600106,0.381846899234642,0.0293323386090388,0.855472361615275,0.547165246505079,0.58434006340207,0.763945390416408,0.60328889002297,0.0455518386090387,0.891436699451594,0.334021231189367,0.610000000000014,0.290000000000077,0,"ok",NA
"simulated","C3",80,0.5,2,4,"R02_F04","C3_R02_F04","ANN_L1_L2","8",0.000125,1e-05,0.001,46,71,TRUE,FALSE,0.776065621302421,0.566564998405399,0.634602193939594,800,200,200,0,0.751195364742895,0.470413005666148,0.382218022350849,0.0291549323462947,0.854693462110846,0.546241452637021,0.584012962428254,0.764193408660372,0.603582182675287,0.0453744323462945,0.890728156253837,0.333588735099444,0.639999999999986,0.379999999999995,0,"ok",NA
"simulated","C3",80,0.5,2,5,"R02_F05","C3_R02_F05","ANN_0","64-32",0.00025,0,0,6,31,TRUE,FALSE,0.74970079170087,0.591092004284156,0.600855562597699,800,200,200,0,0.843397024499927,0.389303365839395,0.310765583543416,-0.0295290650522613,1.06529821699968,0.706960029578972,0.638543796498868,0.772510860806834,0.647459294284852,-0.105906565052262,1.11131707331769,0.392224189848396,0.360000000000014,0.0699999999999363,0,"ok",NA
"simulated","C3",80,0.5,2,5,"R02_F05","C3_R02_F05","ANN_L1","64-32",0.00025,1e-04,0,6,31,TRUE,FALSE,0.746738538027623,0.589405165834598,0.5995263689466,800,200,200,0,0.843408151858495,0.389345726743192,0.310959461327309,-0.0289731839497915,1.06716807068046,0.706896253539764,0.638390502651815,0.77262846933521,0.647367151156321,-0.105350683949792,1.11298575714058,0.392039117862128,0.389999999999986,0.07000000000005,0,"ok",NA
"simulated","C3",80,0.5,2,5,"R02_F05","C3_R02_F05","ANN_L2","64-32",0.00025,0,0.01,6,31,TRUE,FALSE,0.746542055542468,0.589611074226309,0.599559245085252,800,200,200,0,0.843181961165627,0.389662425418239,0.310976138637747,-0.0292486978760645,1.06800406259,0.706419231117199,0.638506814852714,0.772631258159329,0.647560079531615,-0.105626197876065,1.11435943803191,0.392034728950514,0.410000000000082,0.0600000000000591,0,"ok",NA
"simulated","C3",80,0.5,2,5,"R02_F05","C3_R02_F05","ANN_L1_L2","64-32",0.00025,0.001,0.001,6,31,TRUE,FALSE,0.745543004186145,0.589692676748221,0.599207592405975,800,200,200,0,0.841347356856426,0.397071371722175,0.318548417176607,-0.0167070636099882,1.15095532525355,0.695148948691657,0.633054475425992,0.779345726148116,0.654715955799363,-0.0930845636099886,1.19325256391115,0.381421901405785,0.370000000000005,0.0900000000000318,0,"ok",NA
"simulated","C3",80,0.5,3,1,"R03_F01","C3_R03_F01","ANN_0","64-32",5e-04,0,0,3,28,TRUE,FALSE,0.751828880167233,0.614378292303445,0.615221199421192,800,200,200,0,0.797313740150739,0.446255955748519,0.339049012696711,-0.161731103699971,0.800000706263003,0.534886636903974,0.531203808803277,0.81637172749453,0.660525420456975,-0.22993260369997,0.734461603458715,0.18026573264488,0.440000000000055,0.0399999999999636,0,"ok",NA
"simulated","C3",80,0.5,3,1,"R03_F01","C3_R03_F01","ANN_L1","64-32",5e-04,1e-04,0,3,28,TRUE,FALSE,0.751821408829628,0.609879535581693,0.612971537589139,800,200,200,0,0.797463005017856,0.445988281230144,0.338789378291555,-0.160959214394765,0.799504419673286,0.535444440806342,0.531172510821362,0.816289198804141,0.660145736411578,-0.229160714394765,0.733825348454232,0.180431461500385,0.350000000000023,0.0499999999999545,0,"ok",NA
"simulated","C3",80,0.5,3,1,"R03_F01","C3_R03_F01","ANN_L2","64-32",5e-04,0,0.001,3,28,TRUE,FALSE,0.752306086089592,0.609585471857386,0.613523350649829,800,200,200,0,0.79711587923206,0.446494602659472,0.339271821059859,-0.161468719289358,0.799197929570973,0.53438904109419,0.53091116698757,0.816613517294426,0.660651172847107,-0.229670219289357,0.733502407683816,0.179780089329834,0.409999999999968,0.0399999999999636,0,"ok",NA
"simulated","C3",80,0.5,3,1,"R03_F01","C3_R03_F01","ANN_L1_L2","64-32",5e-04,1e-04,1e-05,3,28,TRUE,FALSE,0.751982218724386,0.609675562738833,0.613223160472282,800,200,200,0,0.797495080275515,0.446012183284727,0.338817509839222,-0.161080538138493,0.799491426717147,0.535394645193558,0.531101592307379,0.816382238689154,0.660210288222774,-0.229282038138492,0.733685939085431,0.180244623530968,0.350000000000023,0.0299999999999727,0,"ok",NA
"simulated","C3",80,0.5,3,2,"R03_F02","C3_R03_F02","ANN_0","32",0.000125,0,0,8,33,TRUE,FALSE,0.766116464757064,0.583344991534378,0.621990454613745,800,200,200,0,0.801319940224151,0.505263307048711,0.403700137142701,-0.133505997035336,0.817142738314444,0.580683494964274,0.629501744170092,0.787920624270523,0.626252806238557,-0.164282497035336,0.799615719184809,0.342816646021412,0.299999999999955,0.07000000000005,0,"ok",NA
"simulated","C3",80,0.5,3,2,"R03_F02","C3_R03_F02","ANN_L1","32",0.000125,0.01,0,13,38,TRUE,FALSE,0.757766871066156,0.576635426131189,0.615004889205408,800,200,200,0,0.800416184347313,0.473969485656415,0.380016737615825,-0.073979939096609,0.968894693580383,0.631016282713272,0.633215693770463,0.76007517790573,0.6078376184714,-0.104756439096608,0.954783259016214,0.388446132390349,0.339999999999918,0.0800000000000409,0.00999999999999091,"ok",NA
"simulated","C3",80,0.5,3,2,"R03_F02","C3_R03_F02","ANN_L2","32",0.000125,0,0.01,8,33,TRUE,FALSE,0.764895379608879,0.585509056193278,0.628779201655062,800,200,200,0,0.801249200618539,0.505061970735846,0.403552916037852,-0.133321440318561,0.817984697475808,0.581017605189133,0.629410438395693,0.787802311163641,0.626158858482274,-0.164097940318561,0.800394177540804,0.343013994750033,0.280000000000086,0.0500000000000682,0,"ok",NA
"simulated","C3",80,0.5,3,2,"R03_F02","C3_R03_F02","ANN_L1_L2","32",0.000125,0.01,1e-05,13,38,TRUE,FALSE,0.757913621861925,0.576398727691525,0.615147339343845,800,200,200,0,0.80041599599213,0.473969551060147,0.380016651815832,-0.0739798206502599,0.968898587003735,0.631016180880074,0.633215622825582,0.760075114919477,0.607837524613129,-0.104756320650259,0.954787213442512,0.388446233747389,0.439999999999941,0.139999999999986,0,"ok",NA
"simulated","C3",80,0.5,3,3,"R03_F03","C3_R03_F03","ANN_0","64-32",0.000125,0,0,29,54,TRUE,FALSE,0.756051430598397,0.611108767422641,0.615748222721124,800,200,200,0,0.749058967491122,0.448754333838746,0.348764070648698,0.0724709068412341,0.842487751159152,0.529198232173134,0.493089311493796,0.766692423662454,0.614490259864907,0.112068406841235,0.722329560510412,0.189899886582005,0.889999999999986,0.389999999999986,0,"ok",NA
"simulated","C3",80,0.5,3,3,"R03_F03","C3_R03_F03","ANN_L1","64-32",0.000125,1e-05,0,29,54,TRUE,FALSE,0.752598329014392,0.618207321344271,0.615106811763675,800,200,200,0,0.749459545686129,0.448868414617144,0.348615406935077,0.0733194817484257,0.840714077330035,0.528958830545085,0.493698227622983,0.766748017115852,0.61443588947159,0.112916981748426,0.721313240079162,0.189782400366361,0.870000000000005,0.389999999999986,0.0200000000000955,"ok",NA
"simulated","C3",80,0.5,3,3,"R03_F03","C3_R03_F03","ANN_L2","64-32",0.000125,0,0.001,28,53,TRUE,FALSE,0.752510294596812,0.618168103269538,0.615126340740027,800,200,200,0,0.752141576404466,0.448021858519581,0.34785946470959,0.0696647046661461,0.830283983616532,0.530733901956924,0.497205334801201,0.765967510302458,0.612660880458204,0.109262204666147,0.71486668153745,0.191431073669011,0.680000000000064,0.279999999999973,0,"ok",NA
"simulated","C3",80,0.5,3,3,"R03_F03","C3_R03_F03","ANN_L1_L2","64-32",0.000125,1e-05,0.01,29,54,TRUE,FALSE,0.752188719063135,0.618361096008938,0.614850395920061,800,200,200,0,0.751426386618518,0.44650229353465,0.346721004720211,0.072432964880207,0.846859661346944,0.533911742649405,0.495729125086166,0.764736087113863,0.613097442151133,0.112030464880207,0.727665278112753,0.194028808275389,0.629999999999995,0.279999999999973,0,"ok",NA
"simulated","C3",80,0.5,3,4,"R03_F04","C3_R03_F04","ANN_0","64-32",0.000125,0,0,17,42,TRUE,FALSE,0.775446481255001,0.576476370839674,0.635494552770077,800,200,200,0,0.82828951722651,0.402217529966996,0.320088694234957,0.0249444025787014,0.85735365656544,0.665786317028154,0.660714217293176,0.676953581128108,0.549318005273038,0.0359449025787012,0.878780357902113,0.426620293937513,0.5,0.189999999999941,0,"ok",NA
"simulated","C3",80,0.5,3,4,"R03_F04","C3_R03_F04","ANN_L1","64-32",0.000125,0.001,0,18,43,TRUE,FALSE,0.787213709745377,0.56610630546688,0.637409416190635,800,200,200,0,0.827702542563199,0.396295812199335,0.315637486085041,0.0192609210137177,0.898356669370571,0.675554912353346,0.659171057382937,0.67494773040663,0.547065400547112,0.0302614210137175,0.919308947403101,0.43001317109605,0.810000000000059,0.220000000000027,0,"ok",NA
"simulated","C3",80,0.5,3,4,"R03_F04","C3_R03_F04","ANN_L2","64-32",0.000125,0,1e-05,17,42,TRUE,FALSE,0.787574427726668,0.567644841352792,0.636890720130175,800,200,200,0,0.828522429133862,0.401808047697992,0.319643473161461,0.0243986111065806,0.85815932909486,0.66646647094409,0.660764279723918,0.676827318338281,0.549076799017602,0.0353991111065805,0.879425522286398,0.426834163165107,0.669999999999959,0.150000000000091,0.0199999999999818,"ok",NA
"simulated","C3",80,0.5,3,4,"R03_F04","C3_R03_F04","ANN_L1_L2","64-32",0.000125,0.001,0.001,18,43,TRUE,FALSE,0.784682598750879,0.568035262560228,0.63471530529423,800,200,200,0,0.82768649321431,0.396240526820498,0.315678939188937,0.0194388241575497,0.899041578999831,0.675645429678394,0.658987403398661,0.675073340528869,0.547105268739957,0.0304393241575495,0.919771338492869,0.429800998288673,0.660000000000082,0.240000000000009,0,"ok",NA
"simulated","C3",80,0.5,3,5,"R03_F05","C3_R03_F05","ANN_0","64-32",0.00025,0,0,6,31,TRUE,FALSE,0.748057916693417,0.577353985586665,0.604020484354325,800,200,200,0,0.840983554596499,0.374360469186261,0.302315427318021,-0.0169753253594301,1.08242628661248,0.702540526460898,0.642578583351966,0.790756876127101,0.654609000887077,0.03140967464057,1.22776300880236,0.397747165781978,0.459999999999923,0.0800000000000409,0,"ok",NA
"simulated","C3",80,0.5,3,5,"R03_F05","C3_R03_F05","ANN_L1","64-32",0.00025,0.001,0,6,31,TRUE,FALSE,0.750924599096833,0.57022882489834,0.603250430967503,800,200,200,0,0.842483872932662,0.381049567999437,0.3076372864781,-0.0176637337253759,1.18501254122638,0.691815504214382,0.639323677498655,0.800966096006685,0.661132184906845,0.0307212662746242,1.33493343215703,0.382095774820133,0.439999999999941,0.0799999999999272,0,"ok",NA
"simulated","C3",80,0.5,3,5,"R03_F05","C3_R03_F05","ANN_L2","64-32",0.00025,0,0.001,6,31,TRUE,FALSE,0.750964321415101,0.572464320283431,0.603770420285757,800,200,200,0,0.840996205887078,0.374394066042342,0.302381846953266,-0.0169425058243062,1.08325961471313,0.702487133261636,0.642692250886087,0.790742015630267,0.654591138642958,0.0314424941756939,1.22890709002179,0.39776980154402,0.450000000000045,0.0799999999999272,0,"ok",NA
"simulated","C3",80,0.5,3,5,"R03_F05","C3_R03_F05","ANN_L1_L2","64-32",0.00025,1e-05,1e-04,6,31,TRUE,FALSE,0.750541168347073,0.572784902410438,0.603184507881938,800,200,200,0,0.841030132229232,0.374338565811777,0.302368886944885,-0.0169224346680321,1.08293504213983,0.702575333424645,0.642386411623027,0.790924944222687,0.654572330527496,0.031462565331968,1.22790471593041,0.39749113198297,0.539999999999964,0.139999999999986,0,"ok",NA
"simulated","C3",80,0.5,4,1,"R04_F01","C3_R04_F01","ANN_0","64-32",0.000125,0,0,13,38,TRUE,FALSE,0.749800115782095,0.612337349392045,0.615890967397775,800,200,200,0,0.804929814170512,0.415143146084639,0.330104151303663,-0.170204209359847,0.987827476829965,0.57665268719073,0.557480476046244,0.797772765265746,0.634539861774469,-0.247138209359846,0.97961343351902,0.237472497407446,0.730000000000018,0.169999999999959,0.00999999999999091,"ok",NA
"simulated","C3",80,0.5,4,1,"R04_F01","C3_R04_F01","ANN_L1","64-32",0.000125,0.001,0,13,38,TRUE,FALSE,0.755905656668706,0.598335991165447,0.612082196882297,800,200,200,0,0.799978857235343,0.416750825993603,0.334231448535859,-0.163442032836084,1.04072359715895,0.573367435671079,0.554733247636404,0.797402044297473,0.634925117121743,-0.240376032836084,1.03333959304828,0.238181018092211,0.719999999999914,0.17999999999995,0,"ok",NA
"simulated","C3",80,0.5,4,1,"R04_F01","C3_R04_F01","ANN_L2","64-32",0.000125,0,0.01,13,38,TRUE,FALSE,0.757595561957156,0.597618414276464,0.615412162120217,800,200,200,0,0.805174373561804,0.414565164127035,0.329872179968785,-0.169319540872565,0.991125027080753,0.577830674968762,0.558061242218444,0.797134868742236,0.634183039375729,-0.246253540872565,0.983608655081516,0.238691438932568,0.720000000000027,0.159999999999968,0,"ok",NA
"simulated","C3",80,0.5,4,1,"R04_F01","C3_R04_F01","ANN_L1_L2","64-32",0.000125,0.001,0.001,13,38,TRUE,FALSE,0.755505709494226,0.598794703383142,0.611625978420965,800,200,200,0,0.800022750030731,0.41674728169169,0.334263509428027,-0.163452796578029,1.04188155111221,0.573374692324647,0.55458545703231,0.797499035049769,0.635001294714188,-0.240386796578028,1.03415698370436,0.237995681497184,0.580000000000041,0.120000000000005,0,"ok",NA
"simulated","C3",80,0.5,4,2,"R04_F02","C3_R04_F02","ANN_0","64-32",0.000125,0,0,12,37,TRUE,FALSE,0.763528714322095,0.56604832699982,0.626365202539715,800,200,200,0,0.833725509989998,0.417949676297257,0.335987960642881,-0.110402249744579,1.02459047564349,0.67179705649164,0.654921310377949,0.740516278927942,0.591931245283952,-0.116567749744579,1.06604806699432,0.412723227158012,0.560000000000059,0.149999999999977,0,"ok",NA
"simulated","C3",80,0.5,4,2,"R04_F02","C3_R04_F02","ANN_L1","64-32",0.000125,1e-05,0,12,37,TRUE,FALSE,0.762870270996256,0.568499776796595,0.622917091410177,800,200,200,0,0.833725089153746,0.41791962743664,0.33616157726486,-0.110273921850852,1.02475717319044,0.671844247675363,0.655055732556921,0.740397102321809,0.59170933787837,-0.116439421850852,1.06644088914108,0.412912241289561,0.5,0.110000000000014,0,"ok",NA
"simulated","C3",80,0.5,4,2,"R04_F02","C3_R04_F02","ANN_L2","64-32",0.000125,0,0.001,12,37,TRUE,FALSE,0.762728328389565,0.568717025195134,0.622764227039777,800,200,200,0,0.833646165979461,0.418000795730865,0.336138137590323,-0.110273179715641,1.02464030714324,0.671716766564104,0.654802425651096,0.740592574089531,0.591926153250266,-0.116438679715641,1.06600784065884,0.412602207037996,0.519999999999982,0.149999999999977,0,"ok",NA
"simulated","C3",80,0.5,4,2,"R04_F02","C3_R04_F02","ANN_L1_L2","64-32",0.000125,0.001,0.01,14,39,TRUE,FALSE,0.762724878433446,0.568946342045063,0.623348687723657,800,200,200,0,0.834623322983225,0.41323798273728,0.331703906641067,-0.0946336485950266,1.03061438049217,0.679155239899941,0.653809606421119,0.739213381725564,0.590963959915508,-0.100799148595026,1.06934395648252,0.414787970788289,0.5,0.159999999999968,0,"ok",NA
"simulated","C3",80,0.5,4,3,"R04_F03","C3_R04_F03","ANN_0","64-32",0.000125,0,0,11,36,TRUE,FALSE,0.776900965219301,0.596582234421048,0.635319012023487,800,200,200,0,0.754232179319301,0.405683940496182,0.324073126832938,0.0820563255921196,0.945193382721116,0.548481085804923,0.535865822949921,0.704276320621491,0.583531141883699,0.141411825592121,0.90701198001232,0.254060182261763,0.489999999999895,0.129999999999995,0,"ok",NA
"simulated","C3",80,0.5,4,3,"R04_F03","C3_R04_F03","ANN_L1","64-32",0.000125,0.001,0,34,59,TRUE,FALSE,0.776489679645225,0.590258969012565,0.626467086366532,800,200,200,0,0.751138250219598,0.401604305383337,0.317659261179102,-0.0101579777995033,0.903685038467287,0.557516545771595,0.562525907330524,0.677354493340732,0.556517197223953,0.0491975222004977,0.914073444987009,0.309999113044852,0.709999999999923,0.330000000000041,0,"ok",NA
"simulated","C3",80,0.5,4,3,"R04_F03","C3_R04_F03","ANN_L2","64-32",0.000125,0,1e-04,11,36,TRUE,FALSE,0.780554240889665,0.590009638188223,0.632867520610278,800,200,200,0,0.754351305077425,0.405597394762886,0.323956858951157,0.0820089463977902,0.945087831102908,0.548673712938594,0.536013722361871,0.704192557808851,0.583404759960995,0.141364446397791,0.907017743109282,0.254237607796962,0.470000000000027,0.07000000000005,0.0199999999999818,"ok",NA
"simulated","C3",80,0.5,4,3,"R04_F03","C3_R04_F03","ANN_L1_L2","64-32",0.000125,0.001,1e-04,34,59,TRUE,FALSE,0.776454725469248,0.590309239138298,0.626437528156925,800,200,200,0,0.751409170756325,0.401386448930394,0.317458175704584,-0.0101587101061521,0.904213001297829,0.557996479518692,0.562681207008791,0.677253504767315,0.556294783297385,0.0491967898938489,0.914530125162721,0.310204845822484,0.769999999999982,0.460000000000036,0.0199999999999818,"ok",NA
"simulated","C3",80,0.5,4,4,"R04_F04","C3_R04_F04","ANN_0","32-16",0.001,0,0,5,30,TRUE,FALSE,0.75590800177038,0.560325055785354,0.62272057147886,800,200,200,0,0.838998354439931,0.437329473295922,0.349132718643786,-0.0171568225655935,0.828217528177344,0.673132714770021,0.689736969720773,0.754612874511344,0.617768101572664,-0.00661432256559323,0.924869204208588,0.47255719587739,0.350000000000023,0.0600000000000591,0,"ok",NA
"simulated","C3",80,0.5,4,4,"R04_F04","C3_R04_F04","ANN_L1","32-16",0.001,0.01,0,23,48,TRUE,FALSE,0.778755803929419,0.5208368779135,0.631278209508325,800,200,200,0,0.831870619394138,0.485586475561336,0.395822642040409,-0.0956172166780104,1.51208146206911,0.597016627935578,0.685309035055929,0.81525540898696,0.648558473900666,-0.0850747166780101,1.69207405480584,0.384377720662387,0.620000000000005,0.25,0,"ok",NA
"simulated","C3",80,0.5,4,4,"R04_F04","C3_R04_F04","ANN_L2","32-16",0.001,0,0.001,5,30,TRUE,FALSE,0.778652414281588,0.538051586918495,0.633098852888799,800,200,200,0,0.838414998451876,0.437820142190612,0.349692504616353,-0.0148126458523987,0.828392863627524,0.672398835203932,0.689768101268126,0.754508890813831,0.617394821213984,-0.00427014585239839,0.92575042894862,0.472702546363902,0.290000000000077,0.0399999999999636,0,"ok",NA
"simulated","C3",80,0.5,4,4,"R04_F04","C3_R04_F04","ANN_L1_L2","32-16",0.001,0.01,1e-04,23,48,TRUE,FALSE,0.778055546709619,0.520995114380947,0.63062032206002,800,200,200,0,0.831629513982725,0.485897200900586,0.395996899355031,-0.0959604644787026,1.51231787861149,0.596500727207943,0.685811860883934,0.815088803707818,0.648251716914041,-0.0854179644787023,1.69407131991664,0.384629311612655,0.57000000000005,0.220000000000027,0,"ok",NA
"simulated","C3",80,0.5,4,5,"R04_F05","C3_R04_F05","ANN_0","64-32",0.000125,0,0,21,46,TRUE,FALSE,0.74047490989475,0.620693779138443,0.602582272158,800,200,200,0,0.784169260610356,0.469623715511947,0.385737727358245,0.0659774403047723,0.807504709425703,0.571520574359353,0.521655789708099,0.806735767669491,0.668210823987694,0.079183940304772,0.676199102598172,0.202038494912565,0.569999999999936,0.210000000000036,0,"ok",NA
"simulated","C3",80,0.5,4,5,"R04_F05","C3_R04_F05","ANN_L1","64-32",0.000125,1e-04,0,20,45,TRUE,FALSE,0.750362568379044,0.609332246080188,0.613474660471319,800,200,200,0,0.785858120797668,0.469826906213331,0.384841289956841,0.058036186101475,0.797374879987169,0.571149716300866,0.522300386490502,0.808449984732588,0.669247366035075,0.0712426861014747,0.667104791442648,0.198643746414956,0.539999999999964,0.230000000000018,0,"ok",NA
"simulated","C3",80,0.5,4,5,"R04_F05","C3_R04_F05","ANN_L2","64-32",0.000125,0,0.01,20,45,TRUE,FALSE,0.750505284195704,0.609104863706651,0.613553535298098,800,200,200,0,0.785724301728568,0.469665209391657,0.385057468917038,0.0586980458554252,0.798683186103635,0.5714448539108,0.521887751302109,0.80846270307365,0.669399053968708,0.0719045458554248,0.66778516750622,0.198618532728257,0.579999999999927,0.210000000000036,0,"ok",NA
"simulated","C3",80,0.5,4,5,"R04_F05","C3_R04_F05","ANN_L1_L2","64-32",0.000125,1e-04,0.01,20,45,TRUE,FALSE,0.750280121201506,0.609382560577068,0.613162453402976,800,200,200,0,0.785524868122535,0.469571014022068,0.384862884638721,0.0591902703587116,0.799874789904413,0.571616737463184,0.52151533535308,0.808443846615068,0.669166242850035,0.0723967703587113,0.668473911156408,0.198655914886178,0.559999999999945,0.200000000000045,0,"ok",NA
"simulated","C3",80,0.5,5,1,"R05_F01","C3_R05_F01","ANN_0","64-32",0.000125,0,0,23,48,TRUE,FALSE,0.768335710821275,0.570228208583098,0.626706702047202,800,200,200,0,0.777531278697004,0.447824772747354,0.369603091436471,0.0548303803583212,1.07791371236289,0.595329934061876,0.643920446882393,0.747557733733257,0.6105869119184,0.0663258803583216,1.22012919001991,0.396385891642933,0.639999999999986,0.220000000000027,0,"ok",NA
"simulated","C3",80,0.5,5,1,"R05_F01","C3_R05_F01","ANN_L1","64-32",0.000125,0.001,0,26,51,TRUE,FALSE,0.769768082922928,0.567211021787955,0.625303754721701,800,200,200,0,0.78609225410852,0.444965314761905,0.36677745170279,0.0609747462903543,1.14539911464343,0.600481246970851,0.643895335610966,0.752222783453334,0.611781579315941,0.0724702462903547,1.28234853173598,0.388828813918513,0.620000000000005,0.309999999999945,0,"ok",NA
"simulated","C3",80,0.5,5,1,"R05_F01","C3_R05_F01","ANN_L2","64-32",0.000125,0,1e-04,23,48,TRUE,FALSE,0.768848751622387,0.570658141859689,0.624537368842708,800,200,200,0,0.777501675384394,0.44792160488838,0.369849165426962,0.0550581033572155,1.07895506513939,0.595154913349631,0.644514101584307,0.747266638805337,0.61039271061535,0.0665536033572159,1.22248044878948,0.396855888239502,0.57000000000005,0.259999999999991,0,"ok",NA
"simulated","C3",80,0.5,5,1,"R05_F01","C3_R05_F01","ANN_L1_L2","64-32",0.000125,0.001,1e-04,26,51,TRUE,FALSE,0.769777830881094,0.567223728421773,0.625338534417197,800,200,200,0,0.78596156096519,0.445077340525816,0.366639549089924,0.0609490583910416,1.14544400834392,0.600280053637259,0.643744227966073,0.752331674330349,0.611749238343629,0.0724445583910421,1.28231103606994,0.38865185628085,0.639999999999986,0.289999999999964,0,"ok",NA
"simulated","C3",80,0.5,5,2,"R05_F02","C3_R05_F02","ANN_0","64-32",0.000125,0,0,7,32,TRUE,FALSE,0.764357080742238,0.589033321006742,0.620823458829874,800,200,200,0,0.804553110836946,0.481523107284206,0.367991049206447,0.171153266069913,1.59949448254398,0.492222279886775,0.582664886989366,0.768964039243549,0.626109535609987,0.224748766069913,1.50779208713081,0.23570280300414,0.3900000000001,0.0600000000000591,0,"ok",NA
"simulated","C3",80,0.5,5,2,"R05_F02","C3_R05_F02","ANN_L1","64-32",0.000125,0.001,0,8,33,TRUE,FALSE,0.775361665386617,0.576613066025398,0.634106718267999,800,200,200,0,0.799933999159407,0.476335944959294,0.3634287973221,0.165411954027814,1.53045276446421,0.50310333029783,0.587579430203176,0.762425110913271,0.619989107679335,0.219007454027814,1.46327833629176,0.248646023483224,0.370000000000005,0.100000000000023,0,"ok",NA
"simulated","C3",80,0.5,5,2,"R05_F02","C3_R05_F02","ANN_L2","64-32",0.000125,0,0.01,7,32,TRUE,FALSE,0.776040087971628,0.576750750719866,0.635188653791295,800,200,200,0,0.804391981013559,0.481824715513504,0.368218236558568,0.171378856409022,1.60078300703621,0.491585974378499,0.582229152040722,0.769275938678354,0.626344059606616,0.224974356409022,1.50818030252516,0.235082664227745,0.5,0.0599999999999454,0,"ok",NA
"simulated","C3",80,0.5,5,2,"R05_F02","C3_R05_F02","ANN_L1_L2","64-32",0.000125,0.001,0.01,8,33,TRUE,FALSE,0.774740048799028,0.576778661405223,0.633372891019137,800,200,200,0,0.799638090262591,0.479145720276788,0.365635605605738,0.16655515136539,1.5549571549784,0.497223925986378,0.587542817501344,0.764010782407194,0.62096104089656,0.22015065136539,1.48716467201834,0.245517481448133,0.399999999999977,0.0399999999999636,0,"ok",NA
"simulated","C3",80,0.5,5,3,"R05_F03","C3_R05_F03","ANN_0","64-32",0.000125,0,0,9,34,TRUE,FALSE,0.749031812878716,0.603207317459858,0.612391701301973,800,200,200,0,0.789523367301104,0.502192067642831,0.411403128741565,-0.209673584935113,1.43209769164853,0.475098458564196,0.620641396241426,0.787623656417258,0.624755585517509,-0.183061584935112,1.53023745760495,0.301196954532903,0.439999999999941,0.110000000000014,0,"ok",NA
"simulated","C3",80,0.5,5,3,"R05_F03","C3_R05_F03","ANN_L1","64-32",0.000125,0.001,0,25,50,TRUE,FALSE,0.754725134877183,0.59132727003906,0.614840268488764,800,200,200,0,0.813712930074017,0.409920929773275,0.334226428298646,-0.0509730984103948,0.910134414762069,0.65026561167128,0.619399466297206,0.740977832126834,0.607265592591625,-0.0243610984103938,0.941706523860139,0.381517072128506,0.720000000000027,0.25,0,"ok",NA
"simulated","C3",80,0.5,5,3,"R05_F03","C3_R05_F03","ANN_L2","64-32",0.000125,0,1e-05,9,34,TRUE,FALSE,0.759322035030893,0.591698315766294,0.617535822567652,800,200,200,0,0.78947390938437,0.50223686221956,0.411445471090848,-0.209748715682988,1.43186361676838,0.475004813950773,0.620601056982603,0.787649653118154,0.624772497256726,-0.183136715682987,1.52998374109242,0.30115082368496,0.519999999999982,0.0800000000000409,0,"ok",NA
"simulated","C3",80,0.5,5,3,"R05_F03","C3_R05_F03","ANN_L1_L2","64-32",0.000125,0.001,1e-05,25,50,TRUE,FALSE,0.754816714796297,0.591193694257954,0.614982449151523,800,200,200,0,0.813692478741804,0.409970705269476,0.334264962247262,-0.0511076499259856,0.909986360873768,0.650180672072608,0.619379435833743,0.741002215187546,0.607267493504861,-0.0244956499259847,0.941546549832114,0.381476367118855,0.620000000000005,0.349999999999909,0,"ok",NA
"simulated","C3",80,0.5,5,4,"R05_F04","C3_R05_F04","ANN_0","64-32",0.00025,0,0,13,38,TRUE,FALSE,0.752288412237444,0.606823359537908,0.60509726998164,800,200,200,0,0.80355434259215,0.429086765606176,0.339712322709571,-0.0469951286316117,0.899683328436002,0.633272718270769,0.541704264474843,0.794735512747247,0.649270021584572,-0.133029128631611,0.785861992320029,0.250659855554047,0.480000000000018,0.129999999999995,0,"ok",NA
"simulated","C3",80,0.5,5,4,"R05_F04","C3_R05_F04","ANN_L1","64-32",0.00025,0.001,0,34,59,TRUE,FALSE,0.751516212018577,0.612588337299905,0.603922876978773,800,200,200,0,0.762372596963931,0.461393274552596,0.367102476243658,-0.00270378671870645,0.913386273595374,0.575971058752548,0.505887896375862,0.806945811917962,0.658731980973398,-0.088737786718706,0.785328036316427,0.227457281007712,0.840000000000032,0.360000000000014,0,"ok",NA
"simulated","C3",80,0.5,5,4,"R05_F04","C3_R05_F04","ANN_L2","64-32",0.00025,0,0.001,13,38,TRUE,FALSE,0.753079029183248,0.610971920269507,0.604194618284204,800,200,200,0,0.80368032328577,0.428970521124879,0.339813357670907,-0.0471266476556612,0.899814758145061,0.633471392532386,0.541534259546254,0.794882965625687,0.649460710107941,-0.133160647655661,0.785606961766459,0.250381769046852,0.480000000000018,0.139999999999986,0,"ok",NA
"simulated","C3",80,0.5,5,4,"R05_F04","C3_R05_F04","ANN_L1_L2","64-32",0.00025,0.001,0.01,34,59,TRUE,FALSE,0.746838268657341,0.612798126544703,0.601608622621953,800,200,200,0,0.763902368277878,0.459332100205291,0.364338561150413,-0.00086767411463569,0.925381888695554,0.579751111159197,0.510208711512111,0.802864556268726,0.656011500920643,-0.0869016741146352,0.800830524876527,0.235252032608655,0.830000000000041,0.360000000000014,0,"ok",NA
"simulated","C3",80,0.5,5,5,"R05_F05","C3_R05_F05","ANN_0","32-16",5e-04,0,0,5,30,TRUE,FALSE,0.763674423916526,0.602243638695308,0.615920057916312,800,200,200,0,0.813425325944647,0.405881364656538,0.318429998075479,0.0162747713209384,0.860159070347872,0.643599487314854,0.572184427024895,0.769988395413455,0.630706433528856,0.0106107713209384,0.826670338789691,0.312871472744532,0.480000000000018,0.0699999999999363,0,"ok",NA
"simulated","C3",80,0.5,5,5,"R05_F05","C3_R05_F05","ANN_L1","32-16",5e-04,1e-04,0,5,30,TRUE,FALSE,0.790207136811282,0.570980072255536,0.635489569465532,800,200,200,0,0.814254329073252,0.40440379535062,0.317039078213901,0.015801195281178,0.864527780238863,0.64618964284128,0.573598596048605,0.768516694034236,0.629696179218104,0.010137195281178,0.832074466204147,0.315495620311726,0.430000000000064,0.0399999999999636,0,"ok",NA
"simulated","C3",80,0.5,5,5,"R05_F05","C3_R05_F05","ANN_L2","32-16",5e-04,0,0.001,5,30,TRUE,FALSE,0.790077652263654,0.571285999820201,0.635346693783823,800,200,200,0,0.813640130953046,0.40575427374963,0.318461674490227,0.0167688830037841,0.859878387393418,0.643822646970962,0.572398975568757,0.76988389777909,0.630449642020551,0.0111048830037841,0.826492198521211,0.313057964992208,0.409999999999968,0.0500000000000682,0,"ok",NA
"simulated","C3",80,0.5,5,5,"R05_F05","C3_R05_F05","ANN_L1_L2","32-16",5e-04,1e-04,0.01,5,30,TRUE,FALSE,0.789388345461623,0.572048607929922,0.635453869438033,800,200,200,0,0.81343028258151,0.405323918321404,0.318000820241524,0.016530906739802,0.863622315586019,0.644577791544654,0.572089291379684,0.7696971226202,0.630211825792098,0.010866906739802,0.829855690332141,0.313391231202234,0.330000000000041,0.0300000000000864,0,"ok",NA
"simulated","C4",120,0.5,1,1,"R01_F01","C4_R01_F01","ANN_0","16-8",0.001,0,0,10,35,TRUE,FALSE,0.707290077812818,0.575997112144354,0.575696074527909,800,200,200,0,0.800846881416597,0.385142603215297,0.310931764749127,0.0916366639886565,0.752674156743646,0.546428227983466,0.584789445701097,0.681167273472421,0.552612283376989,0.0959776639886564,0.783606221962598,0.302042825149411,0.580000000000041,0.139999999999986,0,"ok",NA
"simulated","C4",120,0.5,1,1,"R01_F01","C4_R01_F01","ANN_L1","16-8",0.001,0.001,0,22,47,TRUE,FALSE,0.736571739536838,0.554600696596281,0.593132241152133,800,200,200,0,0.783409436001018,0.366498088910479,0.292495773029079,-0.00918314063561631,0.834346094136802,0.589279552818938,0.579692750217084,0.667491684398031,0.550253550726358,-0.00484214063561637,0.880229950896991,0.329786846599933,0.590000000000032,0.269999999999982,0,"ok",NA
"simulated","C4",120,0.5,1,1,"R01_F01","C4_R01_F01","ANN_L2","16-8",0.001,0,0.01,11,36,TRUE,FALSE,0.740286421671197,0.557070830963321,0.597225299732462,800,200,200,0,0.795045986275241,0.372672404849248,0.298271100904346,0.0603333725132867,0.788197610173186,0.575324343137104,0.585321421208531,0.671662200852548,0.548150698070207,0.0646743725132867,0.827328750290055,0.321385642177461,0.440000000000055,0.110000000000014,0.00999999999999091,"ok",NA
"simulated","C4",120,0.5,1,1,"R01_F01","C4_R01_F01","ANN_L1_L2","16-8",0.001,0.001,0.001,21,46,TRUE,FALSE,0.73328484579032,0.560421959981459,0.590313300078969,800,200,200,0,0.786253938245462,0.363720775417434,0.289029857853521,-0.0286133681305617,0.846873823772547,0.595480825775479,0.581554835215129,0.666153383286375,0.551048059952934,-0.0242723681305618,0.893073865169052,0.332471667558927,0.779999999999973,0.25,0.00999999999999091,"ok",NA
"simulated","C4",120,0.5,1,2,"R01_F02","C4_R01_F02","ANN_0","64-32",0.000125,0,0,27,52,TRUE,FALSE,0.679372508959119,0.58939895773817,0.554634978818409,800,200,200,0,0.839017215003645,0.353278057233914,0.27893122113166,0.0178711177729238,0.860748112225665,0.684718749931348,0.599811193057574,0.748493158333726,0.615195940193235,-0.00416988222707609,0.912532232693211,0.356448057500832,0.789999999999964,0.240000000000009,0,"ok",NA
"simulated","C4",120,0.5,1,2,"R01_F02","C4_R01_F02","ANN_L1","64-32",0.000125,1e-05,0,26,51,TRUE,FALSE,0.684066007500059,0.584743412114543,0.561767731996449,800,200,200,0,0.840551251081033,0.352322968329255,0.278169760366067,0.0133048407735008,0.857042097164558,0.686421174272515,0.601342463521063,0.747634488237345,0.614095061418955,-0.00873615922649911,0.909260382630864,0.357923773964313,0.620000000000005,0.389999999999986,0,"ok",NA
"simulated","C4",120,0.5,1,2,"R01_F02","C4_R01_F02","ANN_L2","64-32",0.000125,0,0.001,27,52,TRUE,FALSE,0.684117012516867,0.584589494144471,0.561786311211326,800,200,200,0,0.838808109318297,0.35350871558794,0.279263291016818,0.018774479573603,0.860791905366209,0.684306915721966,0.600107066147828,0.74824934048957,0.615083692465062,-0.00326652042639687,0.913256422702349,0.356867256766044,0.720000000000027,0.299999999999955,0,"ok",NA
"simulated","C4",120,0.5,1,2,"R01_F02","C4_R01_F02","ANN_L1_L2","64-32",0.000125,1e-04,1e-04,27,52,TRUE,FALSE,0.683146884561188,0.586028694838883,0.560621785773855,800,200,200,0,0.838769685345049,0.353075438230248,0.279036125987759,0.0180297667663218,0.86332316200822,0.685080298870099,0.599120966115299,0.748876805148954,0.615485312406785,-0.00401123323367813,0.914478765430418,0.355788171902787,0.769999999999982,0.310000000000059,0,"ok",NA
"simulated","C4",120,0.5,1,3,"R01_F03","C4_R01_F03","ANN_0","32-16",0.000125,0,0,31,56,TRUE,FALSE,0.697441178736403,0.573317145317004,0.562258158999013,800,200,200,0,0.866675642357994,0.29220297333962,0.237080907993121,-0.0105637624745365,1.01391304036975,0.750659351866572,0.614526600471719,0.692198320763809,0.561840153491555,0.0110522375254634,1.07619886548914,0.375590569077455,0.840000000000032,0.279999999999973,0,"ok",NA
"simulated","C4",120,0.5,1,3,"R01_F03","C4_R01_F03","ANN_L1","32-16",0.000125,1e-04,0,31,56,TRUE,FALSE,0.693902027157034,0.581957900605957,0.560343500975544,800,200,200,0,0.866611923788782,0.2923198377301,0.23709942263442,-0.0113614703636092,1.01569826737091,0.750459868134398,0.614079499003875,0.692519506891566,0.562322710880271,0.0102545296363908,1.07738859958376,0.375010971669884,0.839999999999918,0.280000000000086,0,"ok",NA
"simulated","C4",120,0.5,1,3,"R01_F03","C4_R01_F03","ANN_L2","32-16",0.000125,0,1e-05,31,56,TRUE,FALSE,0.694015825366711,0.581729219502687,0.560382281872436,800,200,200,0,0.866823189785865,0.292048081837111,0.236921472078911,-0.0105582875705281,1.0134978532548,0.750923623725995,0.614825740676534,0.691992996566726,0.561716386165071,0.0110577124294718,1.07609863147888,0.375960946602286,0.659999999999968,0.260000000000105,0,"ok",NA
"simulated","C4",120,0.5,1,3,"R01_F03","C4_R01_F03","ANN_L1_L2","32-16",0.000125,0.001,0.01,36,61,TRUE,FALSE,0.693671373140452,0.581660190381574,0.560272106287388,800,200,200,0,0.861021688950508,0.298961318263463,0.241186788355499,0.00211668551469792,1.05970438594548,0.738991998038255,0.612480651005248,0.695543974275485,0.565690120524016,0.0237326855146979,1.12841990773685,0.369539973053024,0.960000000000036,0.340000000000032,0,"ok",NA
"simulated","C4",120,0.5,1,4,"R01_F04","C4_R01_F04","ANN_0","32-16",0.000125,0,0,20,45,TRUE,FALSE,0.690476036816307,0.599646721461239,0.567438732256548,800,200,200,0,0.814997611941628,0.334654616334881,0.265782869438885,-0.000449445498197747,1.01971026282167,0.663972334444698,0.539714361870116,0.692533329668876,0.556541940509029,0.0549190545018019,0.958843529892991,0.286266424395587,0.670000000000073,0.270000000000095,0.00999999999999091,"ok",NA
"simulated","C4",120,0.5,1,4,"R01_F04","C4_R01_F04","ANN_L1","32-16",0.000125,0.001,0,22,47,TRUE,FALSE,0.699324788074807,0.594020103624366,0.570083803738648,800,200,200,0,0.821176044312834,0.329480894690931,0.263357908085593,0.000148696083955215,1.0085185981698,0.674281918789011,0.545616641888863,0.689582153251027,0.555245996339593,0.0555171960839549,0.95147758468568,0.292336502401781,0.6400000000001,0.230000000000018,0,"ok",NA
"simulated","C4",120,0.5,1,4,"R01_F04","C4_R01_F04","ANN_L2","32-16",0.000125,0,0.01,20,45,TRUE,FALSE,0.701089375102322,0.591927592658459,0.571738980179265,800,200,200,0,0.815291235722766,0.334455744893443,0.265890997840086,0.0014516359679417,1.02250100571512,0.664371590554679,0.539489865202364,0.692779851430104,0.556831304547026,0.0568201359679414,0.960721641219958,0.285758197087917,0.75,0.240000000000009,0,"ok",NA
"simulated","C4",120,0.5,1,4,"R01_F04","C4_R01_F04","ANN_L1_L2","32-16",0.000125,0.001,1e-04,22,47,TRUE,FALSE,0.69898192598878,0.594243680724106,0.569671059237622,800,200,200,0,0.821335640007265,0.329349744700548,0.263268181438239,-1.38931786750617e-06,1.00877653383505,0.674541171583114,0.545395099809902,0.689692911423845,0.555435138950334,0.0553671106821322,0.951149639042081,0.292109159480823,1.05000000000007,0.330000000000041,0.00999999999999091,"ok",NA
"simulated","C4",120,0.5,1,5,"R01_F05","C4_R01_F05","ANN_0","64-32",0.000125,0,0,23,48,TRUE,FALSE,0.706386475921566,0.586852082912574,0.57716101108255,800,200,200,0,0.833083749159424,0.316782178763419,0.253636183740042,-0.00612685143533398,1.05447982718567,0.692060782483038,0.523933131511714,0.676806918507796,0.54749959292008,-0.0654138514353333,0.917363429140257,0.265416442599396,0.909999999999968,0.230000000000018,0,"ok",NA
"simulated","C4",120,0.5,1,5,"R01_F05","C4_R01_F05","ANN_L1","64-32",0.000125,1e-04,0,23,48,TRUE,FALSE,0.692891208475155,0.6037389228813,0.567468718033433,800,200,200,0,0.833453914537828,0.316572865473957,0.253501373320412,-0.00685334090535129,1.05720336389638,0.692467588675884,0.524454874752846,0.676551226512082,0.547333164839463,-0.0661403409053506,0.92023981524134,0.26597137680859,0.779999999999973,0.340000000000032,0,"ok",NA
"simulated","C4",120,0.5,1,5,"R01_F05","C4_R01_F05","ANN_L2","64-32",0.000125,0,1e-05,23,48,TRUE,FALSE,0.693006700350721,0.603541436373838,0.567563543381355,800,200,200,0,0.833106588385072,0.316768884090674,0.253632422785674,-0.00615497447290089,1.05465086616454,0.692086629045688,0.523923522812207,0.676811348521878,0.547548028000325,-0.0654419744729002,0.917470248064096,0.265406826190153,0.700000000000045,0.259999999999991,0.0199999999999818,"ok",NA
"simulated","C4",120,0.5,1,5,"R01_F05","C4_R01_F05","ANN_L1_L2","64-32",0.000125,1e-04,1e-05,23,48,TRUE,FALSE,0.692899865077171,0.603738489938821,0.567476563149058,800,200,200,0,0.8334561701917,0.316563694048642,0.253553862885935,-0.00689852361737266,1.0569654074686,0.692485407446811,0.524411109252714,0.676584086897829,0.54739201062867,-0.0661855236173719,0.919953420682276,0.265900070901418,0.860000000000014,0.310000000000059,0,"ok",NA
"simulated","C4",120,0.5,2,1,"R02_F01","C4_R02_F01","ANN_0","64-32",0.000125,0,0,9,34,TRUE,FALSE,0.704497116904253,0.594811207487142,0.569642621376542,800,200,200,0,0.836582492419962,0.333345527018496,0.267805889683875,0.0149504900714841,1.28583221024523,0.664611945319545,0.588698356859026,0.652319248043571,0.53798356987366,0.0331184900714842,1.25339899328054,0.330675478961117,0.490000000000009,0.110000000000014,0,"ok",NA
"simulated","C4",120,0.5,2,1,"R02_F01","C4_R02_F01","ANN_L1","64-32",0.000125,0.001,0,29,54,TRUE,FALSE,0.701818788803314,0.598431092291458,0.567860584509495,800,200,200,0,0.856817706112641,0.301198744689082,0.244213038399962,-0.00731873079195204,0.906585027869118,0.726180330653912,0.593026666499486,0.646024732410423,0.53035760255021,0.0108492692080481,0.869191201271302,0.343530371017545,0.759999999999991,0.329999999999927,0.0100000000001046,"ok",NA
"simulated","C4",120,0.5,2,1,"R02_F01","C4_R02_F01","ANN_L2","64-32",0.000125,0,1e-04,9,34,TRUE,FALSE,0.701533061771079,0.598608163341708,0.568615540550758,800,200,200,0,0.836773903492539,0.333321766171432,0.267735358247012,0.0147918656604387,1.28726982479042,0.664659756492098,0.588605972480945,0.652401936272638,0.53801130130377,0.0329598656604389,1.25431644132417,0.330505780558764,0.490000000000009,0.110000000000014,0,"ok",NA
"simulated","C4",120,0.5,2,1,"R02_F01","C4_R02_F01","ANN_L1_L2","64-32",0.000125,1e-05,0.01,9,34,TRUE,FALSE,0.701513778716715,0.598697685873107,0.56864656215178,800,200,200,0,0.835978616072421,0.333908551691996,0.268333853991476,0.0153997826999799,1.28653773159828,0.663478039481716,0.587940847295051,0.652757728049661,0.538238703532833,0.03356778269998,1.25337775331722,0.329775355104988,0.649999999999977,0.120000000000005,0,"ok",NA
"simulated","C4",120,0.5,2,2,"R02_F02","C4_R02_F02","ANN_0","32-16",0.000125,0,0,23,48,TRUE,FALSE,0.696885875944827,0.579247043964428,0.569472325799128,800,200,200,0,0.822661400943416,0.334842167931816,0.265267977562879,0.0188343243451278,0.86742109714106,0.659885727601259,0.625642317754099,0.669023704291224,0.531632691199837,0.0643998243451282,0.980656975199893,0.385582910520432,0.850000000000023,0.340000000000032,0,"ok",NA
"simulated","C4",120,0.5,2,2,"R02_F02","C4_R02_F02","ANN_L1","32-16",0.000125,1e-05,0,23,48,TRUE,FALSE,0.703977447003008,0.579839345725189,0.578288655446877,800,200,200,0,0.822552587353158,0.334947278648558,0.265421934872097,0.0185108810623197,0.867147326561036,0.659672162707233,0.625581916901481,0.66903619481039,0.531542381253879,0.0640763810623201,0.980382496289692,0.385559968253894,0.669999999999959,0.25,0,"ok",NA
"simulated","C4",120,0.5,2,2,"R02_F02","C4_R02_F02","ANN_L2","32-16",0.000125,0,1e-04,22,47,TRUE,FALSE,0.70374827611604,0.579851703217711,0.578579920993306,800,200,200,0,0.822665901478479,0.334204257827274,0.2648817064858,0.0276009273579349,0.87709982295179,0.661180401233262,0.625474369871206,0.669972124945836,0.532114655187538,0.0731664273579354,0.99132758344526,0.383839657191538,0.769999999999982,0.259999999999991,0,"ok",NA
"simulated","C4",120,0.5,2,2,"R02_F02","C4_R02_F02","ANN_L1_L2","32-16",0.000125,1e-04,1e-04,23,48,TRUE,FALSE,0.703959405544818,0.580994737637125,0.578312068153421,800,200,200,0,0.822300078355716,0.335120588181555,0.265575469046184,0.0190104929307236,0.867548077187926,0.659319884473289,0.625718789489249,0.668982648032161,0.531490128695848,0.0645759929307241,0.98135143516876,0.385658318590487,0.740000000000009,0.220000000000027,0,"ok",NA
"simulated","C4",120,0.5,2,3,"R02_F03","C4_R02_F03","ANN_0","64-32",0.00025,0,0,17,42,TRUE,FALSE,0.687132250051748,0.592690951389977,0.565560141509937,800,200,200,0,0.810046172191515,0.344269254859064,0.263747857335363,-0.0243389758478285,0.866234703985217,0.638721931988619,0.592188775485857,0.715394945771325,0.566932723529341,-0.0316989758478282,0.980515523623881,0.349271454399662,0.690000000000055,0.25,0.0199999999999818,"ok",NA
"simulated","C4",120,0.5,2,3,"R02_F03","C4_R02_F03","ANN_L1","64-32",0.00025,0.001,0,18,43,TRUE,FALSE,0.685677527022358,0.590351098718454,0.562191225335089,800,200,200,0,0.822591145549167,0.330222476998254,0.256685432759304,-0.0222946673338866,0.904523935439663,0.667602016745057,0.601142235203438,0.70943785021827,0.564625191427524,-0.0296546673338863,1.02348568486829,0.36006357009646,0.810000000000059,0.200000000000045,0,"ok",NA
"simulated","C4",120,0.5,2,3,"R02_F03","C4_R02_F03","ANN_L2","64-32",0.00025,0,1e-04,17,42,TRUE,FALSE,0.686843730889556,0.588888571714052,0.56304756610209,800,200,200,0,0.810835688867629,0.343376972356989,0.262577637163597,-0.0235374583216608,0.868117021695989,0.640592237526114,0.592165721361234,0.715366112010815,0.566250215774381,-0.0308974583216605,0.981651144864595,0.349323908147159,0.610000000000014,0.17999999999995,0,"ok",NA
"simulated","C4",120,0.5,2,3,"R02_F03","C4_R02_F03","ANN_L1_L2","64-32",0.00025,0.001,0.01,18,43,TRUE,FALSE,0.68546282407129,0.589744839029689,0.562101104231859,800,200,200,0,0.82498595365782,0.327556400649234,0.254782869795619,-0.0226139168493967,0.913546216170225,0.672947631098475,0.604225121458924,0.707527517985999,0.563663058319658,-0.0299739168493964,1.03597969707658,0.363505295858154,0.789999999999964,0.279999999999973,0,"ok",NA
"simulated","C4",120,0.5,2,4,"R02_F04","C4_R02_F04","ANN_0","16-8",5e-04,0,0,7,32,TRUE,FALSE,0.699394890503253,0.56762439137454,0.572258160644187,800,200,200,0,0.838692631702863,0.345201689007443,0.269708524549948,-0.0447187223201264,0.868266595781767,0.681875032498018,0.554434622557489,0.725394460237046,0.588116011750833,-0.0206177223201263,0.806928083809096,0.289225308416732,0.590000000000032,0.0999999999999091,0,"ok",NA
"simulated","C4",120,0.5,2,4,"R02_F04","C4_R02_F04","ANN_L1","16-8",5e-04,1e-05,0,7,32,TRUE,FALSE,0.701628453789035,0.575016854871485,0.572523908821366,800,200,200,0,0.838503517597918,0.345189384462574,0.269773798238275,-0.0439298695171717,0.868783520956267,0.681897710910658,0.553801027301453,0.725740164379515,0.588206498692774,-0.0198288695171716,0.806667695788165,0.288547673502043,0.549999999999955,0.0600000000000591,0.0199999999999818,"ok",NA
"simulated","C4",120,0.5,2,4,"R02_F04","C4_R02_F04","ANN_L2","16-8",5e-04,0,0.001,7,32,TRUE,FALSE,0.701366476737804,0.57533577205092,0.572337078036498,800,200,200,0,0.838901498024606,0.344743533205763,0.269507302415917,-0.0443568992096534,0.869745511967866,0.682718910631053,0.554371623841326,0.725293829225895,0.587892716042407,-0.0202558992096533,0.808009452274305,0.289422500478656,0.480000000000018,0.0799999999999272,0,"ok",NA
"simulated","C4",120,0.5,2,4,"R02_F04","C4_R02_F04","ANN_L1_L2","16-8",5e-04,1e-05,0.001,7,32,TRUE,FALSE,0.701475140462137,0.57513634823132,0.572485536115734,800,200,200,0,0.838900225275554,0.344859063662384,0.269464640242594,-0.0447298304554522,0.869309082729987,0.682506220514382,0.554447261860372,0.725297575986141,0.587866353107279,-0.0206288304554521,0.80771541582407,0.289415158983952,0.419999999999959,0.0400000000000773,0,"ok",NA
"simulated","C4",120,0.5,2,5,"R02_F05","C4_R02_F05","ANN_0","16",0.00025,0,0,12,37,TRUE,FALSE,0.72129157872177,0.574541117753982,0.588321128890095,800,200,200,0,0.845914062951201,0.356483336495682,0.28888088418931,-0.0104847607723669,0.76724266945416,0.649411572685636,0.563290642333246,0.734547386765777,0.621480225872606,-0.0909617607723675,0.724682404872633,0.260153899273836,0.389999999999986,0.110000000000014,0,"ok",NA
"simulated","C4",120,0.5,2,5,"R02_F05","C4_R02_F05","ANN_L1","16",0.00025,0.01,0,40,65,TRUE,FALSE,0.712368782789968,0.567673078782601,0.571056035820199,800,200,200,0,0.844957709643461,0.32815727534455,0.263459196545324,0.0491540133952609,1.08492513601858,0.702913318533624,0.568717285749052,0.703327319865474,0.587708012206644,-0.0313229866047397,1.03578568452507,0.321707948391473,0.670000000000073,0.330000000000041,0,"ok",NA
"simulated","C4",120,0.5,2,5,"R02_F05","C4_R02_F05","ANN_L2","16",0.00025,0,1e-04,12,37,TRUE,FALSE,0.729741864749063,0.561453607600742,0.586028566724082,800,200,200,0,0.845917919888731,0.35647222279195,0.288870583327043,-0.0104738359732266,0.767263419748166,0.649433432193658,0.56329304141289,0.73454046925874,0.621475265372909,-0.0909508359732273,0.724701786378786,0.260167834022231,0.549999999999955,0.170000000000073,0,"ok",NA
"simulated","C4",120,0.5,2,5,"R02_F05","C4_R02_F05","ANN_L1_L2","16",0.00025,0.01,1e-05,22,47,TRUE,FALSE,0.71236832875007,0.56767375529892,0.571055866632175,800,200,200,0,0.841995929356986,0.327256300485038,0.264582739062242,0.0190798953106042,1.07452645678632,0.704542416546476,0.568753758289241,0.705223438409313,0.586004752505312,-0.0613971046893964,1.02953254113431,0.31804576793581,0.569999999999936,0.169999999999959,0.0100000000001046,"ok",NA
"simulated","C4",120,0.5,3,1,"R03_F01","C4_R03_F01","ANN_0","32-16",0.00025,0,0,14,39,TRUE,FALSE,0.697808440345407,0.57834154953024,0.570224385515546,800,200,200,0,0.83653888693002,0.334236504873024,0.267913075006142,-0.124828003957458,0.960055390567539,0.649729693955009,0.586171553005128,0.690958966662691,0.554235050432506,-0.144673503957458,0.993367239266165,0.313484738112016,0.629999999999995,0.17999999999995,0,"ok",NA
"simulated","C4",120,0.5,3,1,"R03_F01","C4_R03_F01","ANN_L1","32-16",0.00025,0.001,0,14,39,TRUE,FALSE,0.710507650492548,0.581547304566931,0.57698696369291,800,200,200,0,0.844509246050152,0.332672964560827,0.266608093463496,-0.138544125281697,1.00445503316498,0.652999120063028,0.587751543431669,0.693192209930892,0.558263532848461,-0.158389625281697,1.03227356851428,0.30903980487711,0.560000000000059,0.139999999999986,0,"ok",NA
"simulated","C4",120,0.5,3,1,"R03_F01","C4_R03_F01","ANN_L2","32-16",0.00025,0,0.01,14,39,TRUE,FALSE,0.712664695692196,0.57716551139194,0.578965697289592,800,200,200,0,0.835433920332735,0.334983972766678,0.268504719430186,-0.124505325000598,0.960432161155938,0.648161292184473,0.585934439587825,0.691028590339503,0.554620276499708,-0.144350825000598,0.994668933577521,0.31334637931745,0.720000000000027,0.169999999999959,0,"ok",NA
"simulated","C4",120,0.5,3,1,"R03_F01","C4_R03_F01","ANN_L1_L2","32-16",0.00025,0.001,0.01,14,39,TRUE,FALSE,0.709961126145082,0.582436328561158,0.576737528664974,800,200,200,0,0.84625843398861,0.332427088961693,0.266476328690086,-0.141225594128019,1.0123504019466,0.653511860977191,0.588186245252319,0.693628730794085,0.559059019390977,-0.161071094128019,1.0390050358673,0.308169300261106,0.539999999999964,0.190000000000055,0,"ok",NA
"simulated","C4",120,0.5,3,2,"R03_F02","C4_R03_F02","ANN_0","64-32",0.00025,0,0,7,32,TRUE,FALSE,0.67869133937185,0.574567595868001,0.554229905677757,800,200,200,0,0.867329568611541,0.34615879223469,0.28080950351769,-0.0274342592801859,0.87568054069248,0.735436880525238,0.666564221737943,0.712816802141955,0.572921110817438,0.0396272407198145,0.953839376051236,0.441541349789873,0.480000000000018,0.0900000000000318,0,"ok",NA
"simulated","C4",120,0.5,3,2,"R03_F02","C4_R03_F02","ANN_L1","64-32",0.00025,0.001,0,8,33,TRUE,FALSE,0.681201927362247,0.569094755270039,0.554823908566806,800,200,200,0,0.866683359704123,0.346921428156944,0.282057277215861,-0.0228434736217751,0.873624282303145,0.734269857750226,0.664569425849509,0.714912928473826,0.575292628205315,0.0442180263782254,0.949459178411887,0.438252086614232,0.440000000000055,0.0900000000000318,0,"ok",NA
"simulated","C4",120,0.5,3,2,"R03_F02","C4_R03_F02","ANN_L2","64-32",0.00025,0,0.001,7,32,TRUE,FALSE,0.682598081858437,0.569677782454287,0.557801309596818,800,200,200,0,0.867284527761804,0.34610767158842,0.28075438054726,-0.0273635202206108,0.876206797249275,0.735515015989612,0.666456252288626,0.712898334785867,0.572852131577601,0.0396979797793896,0.954307566416955,0.441413588451584,0.469999999999914,0.0800000000000409,0,"ok",NA
"simulated","C4",120,0.5,3,2,"R03_F02","C4_R03_F02","ANN_L1_L2","64-32",0.00025,0.001,0.01,9,34,TRUE,FALSE,0.681268997397551,0.568030314977445,0.55470624261473,800,200,200,0,0.865412037312124,0.352570336607192,0.286524322842987,-0.017162274438255,0.85160194719037,0.725545655782475,0.664705880352232,0.716113778053104,0.577745836578461,0.0498992255617454,0.927075141974606,0.436363349496649,0.519999999999982,0.139999999999986,0,"ok",NA
"simulated","C4",120,0.5,3,3,"R03_F03","C4_R03_F03","ANN_0","32-16",0.000125,0,0,40,65,TRUE,FALSE,0.689323814683959,0.601899945441527,0.557190558438569,800,200,200,0,0.804322002304077,0.356974622749353,0.2918659305873,0.0841067353848455,0.757270506496808,0.55580946322824,0.522278203753467,0.734745750988787,0.609827238014788,0.116095735384846,0.768027074341655,0.228631832444079,1.07999999999993,0.470000000000027,0,"ok",NA
"simulated","C4",120,0.5,3,3,"R03_F03","C4_R03_F03","ANN_L1","32-16",0.000125,0.001,0,55,80,TRUE,FALSE,0.689880386478704,0.60255370776813,0.559038167336408,800,200,200,0,0.795516517939288,0.358200092644321,0.293028396370956,0.110647693029826,0.804405255713217,0.552754475894833,0.519502011765447,0.735098283747824,0.611962637967866,0.142636693029827,0.82047710361247,0.227891446303926,1.34000000000003,0.540000000000077,0,"ok",NA
"simulated","C4",120,0.5,3,3,"R03_F03","C4_R03_F03","ANN_L2","32-16",0.000125,0,1e-04,40,65,TRUE,FALSE,0.691503944214207,0.600431679966028,0.560478431920164,800,200,200,0,0.804217946767678,0.356957099162671,0.291856674983497,0.0841144953666714,0.757545134877182,0.55585307204426,0.521646963465298,0.735105364234064,0.609962532250358,0.116103495366672,0.767476296441085,0.227876572292004,0.920000000000073,0.600000000000023,0,"ok",NA
"simulated","C4",120,0.5,3,3,"R03_F03","C4_R03_F03","ANN_L1_L2","32-16",0.000125,0.001,1e-05,57,82,TRUE,FALSE,0.689389255502845,0.603403704391754,0.558725786777811,800,200,200,0,0.794078482715432,0.359146546936997,0.293689517006292,0.110044566979278,0.802979754902004,0.550387884239667,0.518728767141368,0.735445090613403,0.611930156332796,0.142033566979278,0.819285060492056,0.227162739085906,1.07999999999993,0.569999999999936,0,"ok",NA
"simulated","C4",120,0.5,3,4,"R03_F04","C4_R03_F04","ANN_0","16-8",0.000125,0,0,28,53,TRUE,FALSE,0.711993421529022,0.582392278467183,0.577588580386579,800,200,200,0,0.798748204887885,0.354231240609509,0.276863790777258,-0.0583450116127134,0.922825582128621,0.62331770554389,0.516363091891038,0.685061020163168,0.562400475149874,-0.108430511612714,0.808208390012943,0.232385557532817,0.620000000000005,0.310000000000059,0,"ok",NA
"simulated","C4",120,0.5,3,4,"R03_F04","C4_R03_F04","ANN_L1","16-8",0.000125,1e-05,0,28,53,TRUE,FALSE,0.718721890168245,0.582912215394642,0.585870877059129,800,200,200,0,0.798922739182236,0.354137436350111,0.277015107606833,-0.0586087537998564,0.922946722951403,0.62351717821114,0.516797722676978,0.684861039438831,0.562242126757906,-0.108694253799857,0.808818120960518,0.232833651007453,0.590000000000032,0.260000000000105,0,"ok",NA
"simulated","C4",120,0.5,3,4,"R03_F04","C4_R03_F04","ANN_L2","16-8",0.000125,0,1e-04,28,53,TRUE,FALSE,0.721261458015028,0.58195501254357,0.587949425243774,800,200,200,0,0.798785846494277,0.354197096217296,0.276815057961316,-0.0583815941516389,0.923031157876764,0.623390318948142,0.516605017399363,0.68491661395776,0.562187841190041,-0.108467094151639,0.808729065485445,0.232709139235929,0.610000000000014,0.25,0.0199999999999818,"ok",NA
"simulated","C4",120,0.5,3,4,"R03_F04","C4_R03_F04","ANN_L1_L2","16-8",0.000125,1e-05,1e-05,29,54,TRUE,FALSE,0.718306601596166,0.58358786003567,0.585531137941328,800,200,200,0,0.800892683783329,0.351917534854512,0.275701734463266,-0.0568408521703883,0.931140804874354,0.628222330730314,0.517340247019032,0.683838969356014,0.560908560956718,-0.106926352170388,0.814846361021761,0.235121743465438,0.710000000000036,0.32000000000005,0,"ok",NA
"simulated","C4",120,0.5,3,5,"R03_F05","C4_R03_F05","ANN_0","64-32",0.000125,0,0,9,34,TRUE,FALSE,0.702817402867256,0.582533492937405,0.572803868849377,800,200,200,0,0.852849130471014,0.398087864404286,0.314777513207737,0.221311904171312,1.39447473986979,0.521150102828955,0.61449918109438,0.699231098774878,0.562428552342654,0.192189904171312,1.44706451736548,0.287759439838873,0.389999999999986,0.100000000000023,0,"ok",NA
"simulated","C4",120,0.5,3,5,"R03_F05","C4_R03_F05","ANN_L1","64-32",0.000125,0.001,0,10,35,TRUE,FALSE,0.702758261576804,0.586364725459625,0.57432947312094,800,200,200,0,0.853523179813037,0.392286708827034,0.310306692158401,0.21371478823381,1.38118171016381,0.535004543416753,0.618108227282248,0.694834861744147,0.558811121378044,0.184592788233809,1.44054944122655,0.296687346760199,0.42999999999995,0.129999999999995,0,"ok",NA
"simulated","C4",120,0.5,3,5,"R03_F05","C4_R03_F05","ANN_L2","64-32",0.000125,0,0.01,9,34,TRUE,FALSE,0.703043742179799,0.586328180627877,0.574297080888832,800,200,200,0,0.853152996785451,0.39794048634675,0.314674516317145,0.22113156292714,1.39619074162758,0.521504591928517,0.614553761248031,0.699227997539563,0.562529154895006,0.19200956292714,1.44845784284157,0.287765757694824,0.399999999999977,0.100000000000023,0,"ok",NA
"simulated","C4",120,0.5,3,5,"R03_F05","C4_R03_F05","ANN_L1_L2","64-32",0.000125,0.001,0.01,10,35,TRUE,FALSE,0.700329894367152,0.587602396161351,0.572484990205986,800,200,200,0,0.853353716077567,0.393788674296172,0.311198502012459,0.214383627213559,1.39271015664329,0.531437029583328,0.617990134098077,0.695747517476465,0.559432457704513,0.185261627213559,1.45258430062145,0.294838550991252,0.419999999999959,0.0699999999999363,0,"ok",NA
"simulated","C4",120,0.5,4,1,"R04_F01","C4_R04_F01","ANN_0","32-16",0.000125,0,0,32,57,TRUE,FALSE,0.701689015129395,0.588592908202123,0.579282670622194,800,200,200,0,0.805213375114448,0.333945696361863,0.262566038296344,-0.00949639279359552,0.844748274825432,0.626166472730808,0.566263768677108,0.657397082480936,0.524676791314256,0.0305976072064041,0.86132972728261,0.310850516274907,0.690000000000055,0.299999999999955,0,"ok",NA
"simulated","C4",120,0.5,4,1,"R04_F01","C4_R04_F01","ANN_L1","32-16",0.000125,0.001,0,54,79,TRUE,FALSE,0.703588979711589,0.586952683093974,0.576846516950433,800,200,200,0,0.793815553631595,0.336862086188174,0.267205759135653,-0.0276143071702018,0.898858209407341,0.619608490831561,0.545556421306933,0.665694344075166,0.53166189268974,0.0124796928297978,0.895664962064688,0.293344693463708,0.939999999999941,0.480000000000018,0,"ok",NA
"simulated","C4",120,0.5,4,1,"R04_F01","C4_R04_F01","ANN_L2","32-16",0.000125,0,1e-04,33,58,TRUE,FALSE,0.705455356964475,0.586766829324996,0.578531322228998,800,200,200,0,0.80329834815449,0.334567221000648,0.262758887041619,-0.00999813039363538,0.849733854917984,0.62477365367568,0.564872165988577,0.657782692105642,0.525424819538819,0.0300958696063643,0.866344357670827,0.310041809880389,0.659999999999968,0.349999999999909,0,"ok",NA
"simulated","C4",120,0.5,4,1,"R04_F01","C4_R04_F01","ANN_L1_L2","32-16",0.000125,0.001,0.001,51,76,TRUE,FALSE,0.703490661395173,0.58681581085609,0.576974503171579,800,200,200,0,0.795221810796637,0.335138027160022,0.265924708121398,-0.0278340482802506,0.909321986991697,0.623492211836491,0.548945956438657,0.663421305674614,0.530153975495574,0.012259951719749,0.910108829280785,0.298162256819918,0.889999999999986,0.660000000000082,0,"ok",NA
"simulated","C4",120,0.5,4,2,"R04_F02","C4_R04_F02","ANN_0","16",0.000125,0,0,16,41,TRUE,FALSE,0.688592824417723,0.586638436131205,0.554936507100257,800,200,200,0,0.863025538795928,0.345259473899777,0.277975326599626,-0.0431522270936414,0.786057430217642,0.684714093922813,0.568155183665877,0.738538133721795,0.618691971422296,-0.0244027270936408,0.731828874839006,0.278667795746099,0.42999999999995,0.139999999999986,0,"ok",NA
"simulated","C4",120,0.5,4,2,"R04_F02","C4_R04_F02","ANN_L1","16",0.000125,1e-05,0,16,41,TRUE,FALSE,0.680093957284142,0.60640315020744,0.55265739077009,800,200,200,0,0.86295754737968,0.345298715849765,0.278036785757845,-0.0431772739619548,0.786122539186034,0.684642419499286,0.568248223868203,0.738438277743479,0.618628456914916,-0.0244277739619542,0.732067019304298,0.278862841770673,0.480000000000018,0.1099999999999,0,"ok",NA
"simulated","C4",120,0.5,4,2,"R04_F02","C4_R04_F02","ANN_L2","16",0.000125,0,0.01,16,41,TRUE,FALSE,0.680082419887082,0.606408131271118,0.55264471953044,800,200,200,0,0.862985790684277,0.345178077683634,0.277978819202902,-0.0433368670124156,0.786445819588108,0.684862736069452,0.568134469102905,0.738471456489412,0.618681182544203,-0.0245873670124151,0.732197497413099,0.278798037535044,0.399999999999977,0.120000000000005,0,"ok",NA
"simulated","C4",120,0.5,4,2,"R04_F02","C4_R04_F02","ANN_L1_L2","16",0.000125,1e-05,0.01,16,41,TRUE,FALSE,0.680083142090841,0.606406508884988,0.552646770283868,800,200,200,0,0.863046319260605,0.345089661329203,0.27789677561043,-0.043464001989935,0.786589385152251,0.685024158368686,0.568076899281219,0.738502883007906,0.618714423276524,-0.0247145019899344,0.732205596021029,0.278736653039063,0.529999999999973,0.110000000000014,0.0199999999999818,"ok",NA
"simulated","C4",120,0.5,4,3,"R04_F03","C4_R04_F03","ANN_0","64-32",0.000125,0,0,17,42,TRUE,FALSE,0.688768054884271,0.602179311450132,0.561483787395767,800,200,200,0,0.799638817748643,0.340075996700957,0.271033360841088,-0.103342875622124,0.828205069098764,0.572425603694899,0.515356279048953,0.727730283628792,0.599500950552649,-0.172038875622124,0.841442649571169,0.212129641856976,0.549999999999955,0.189999999999941,0,"ok",NA
"simulated","C4",120,0.5,4,3,"R04_F03","C4_R04_F03","ANN_L1","64-32",0.000125,0.001,0,20,45,TRUE,FALSE,0.685009750134023,0.604194140607679,0.559192601991118,800,200,200,0,0.795451588167687,0.336132231137563,0.26624323615894,-0.0799397217897138,0.829236466783529,0.582285021557807,0.515870545511728,0.721913298765676,0.594171558111942,-0.148635721789713,0.847770507903256,0.224674710340637,0.810000000000059,0.219999999999914,0.00999999999999091,"ok",NA
"simulated","C4",120,0.5,4,3,"R04_F03","C4_R04_F03","ANN_L2","64-32",0.000125,0,1e-05,18,43,TRUE,FALSE,0.685214064550636,0.604727115638017,0.559713642966274,800,200,200,0,0.796594146096164,0.34068225039428,0.27204769208164,-0.0897356517596327,0.81227829204401,0.570899770563542,0.512983965819209,0.726910133833391,0.598411667789095,-0.158431651759632,0.824602145323766,0.213904496114916,0.579999999999927,0.25,0,"ok",NA
"simulated","C4",120,0.5,4,3,"R04_F03","C4_R04_F03","ANN_L1_L2","64-32",0.000125,0.001,1e-04,20,45,TRUE,FALSE,0.685002413314064,0.60419931107569,0.559184138241907,800,200,200,0,0.795421867769908,0.336171411521526,0.266291206051251,-0.0802132837596577,0.829526788252393,0.582187636150695,0.515940414155695,0.721909800699893,0.594091580278792,-0.148909283759657,0.848213870839449,0.224682224074765,0.730000000000018,0.300000000000068,0,"ok",NA
"simulated","C4",120,0.5,4,4,"R04_F04","C4_R04_F04","ANN_0","64-32",0.000125,0,0,36,61,TRUE,FALSE,0.693426623860391,0.567722516977179,0.565107307564827,800,200,200,0,0.828179015229803,0.356405632880486,0.283064008062428,-0.0692512655509312,0.915017427786785,0.667407393432749,0.608999293436774,0.714979853756093,0.582252265804611,-0.0687647655509314,0.976720025349844,0.364793749510475,1.16999999999996,0.42999999999995,0,"ok",NA
"simulated","C4",120,0.5,4,4,"R04_F04","C4_R04_F04","ANN_L1","64-32",0.000125,1e-04,0,35,60,TRUE,FALSE,0.698415376879583,0.561841776489689,0.570083134134073,800,200,200,0,0.828642894663632,0.355175540238277,0.281085176080808,-0.0709600299598264,0.931050956397104,0.669699241068816,0.607361250068242,0.716166681456361,0.583749867423919,-0.0704735299598267,0.990606741822713,0.362683183542147,0.829999999999927,0.310000000000173,0,"ok",NA
"simulated","C4",120,0.5,4,4,"R04_F04","C4_R04_F04","ANN_L2","64-32",0.000125,0,0.01,34,59,TRUE,FALSE,0.698369834488588,0.561811954620787,0.570000542280529,800,200,200,0,0.830224529858702,0.353511881806342,0.280173720703554,-0.0722468880448902,0.939883809677556,0.672786281819824,0.609562836219332,0.714769767866885,0.582792214748964,-0.0717603880448905,1.00171747021649,0.365166985940721,0.809999999999945,0.330000000000155,0,"ok",NA
"simulated","C4",120,0.5,4,4,"R04_F04","C4_R04_F04","ANN_L1_L2","64-32",0.000125,0.001,0.01,31,56,TRUE,FALSE,0.697989444335021,0.560852147889766,0.568920005600951,800,200,200,0,0.842954005244344,0.337471341888976,0.266585855072647,-0.0573421515065083,1.01498896840356,0.70180712041591,0.620330305650485,0.70724127786622,0.575188134219179,-0.0568556515065085,1.08424792971971,0.378469630935883,0.670000000000073,0.309999999999945,0,"ok",NA
"simulated","C4",120,0.5,4,5,"R04_F05","C4_R04_F05","ANN_0","32",0.000125,0,0,20,45,TRUE,FALSE,0.706358585453676,0.574312027983601,0.574102980064677,800,200,200,0,0.859463490236212,0.32408876954405,0.258743691321038,0.0722966542892547,0.987568754703046,0.724869045997067,0.640551336956527,0.662466732992937,0.534632115854024,0.0816601542892547,1.01969236132947,0.401052154084809,0.490000000000009,0.170000000000073,0,"ok",NA
"simulated","C4",120,0.5,4,5,"R04_F05","C4_R04_F05","ANN_L1","32",0.000125,0.01,0,103,128,TRUE,FALSE,0.720122059994765,0.546009629923868,0.58582410477506,800,200,200,0,0.852831262315848,0.347413526674063,0.278236557333097,0.0837074771152449,1.22829436600662,0.683841445061838,0.647938662009658,0.670487127143418,0.542937846285469,0.0930709771152448,1.29285124584413,0.386461603282259,1.37000000000012,0.799999999999955,0,"ok",NA
"simulated","C4",120,0.5,4,5,"R04_F05","C4_R04_F05","ANN_L2","32",0.000125,0,0.001,20,45,TRUE,FALSE,0.722188373184387,0.549912595898534,0.584638357448943,800,200,200,0,0.859440651551037,0.324112717978482,0.258741109084895,0.0723034641140267,0.987630157592111,0.724828383069648,0.640616023519348,0.662423395259717,0.534605760503561,0.0816669641140267,1.01988584395782,0.401130516337969,0.5,0.270000000000209,0,"ok",NA
"simulated","C4",120,0.5,4,5,"R04_F05","C4_R04_F05","ANN_L1_L2","32",0.000125,0.01,1e-05,100,125,TRUE,FALSE,0.720124712898812,0.546006023058227,0.585826152793833,800,200,200,0,0.85335349664546,0.346712608245134,0.277378587431459,0.0836763294672355,1.2260571590678,0.685115879109685,0.648148934408132,0.67017211157998,0.542295443686988,0.0930398294672355,1.2901252411264,0.387037986430656,1.6099999999999,0.8900000000001,0.0199999999999818,"ok",NA
"simulated","C4",120,0.5,5,1,"R05_F01","C4_R05_F01","ANN_0","64-32",0.00025,0,0,6,31,TRUE,FALSE,0.695294937956426,0.595186094766431,0.565542361734225,800,200,200,0,0.841621658574974,0.332370023226856,0.272042187393121,-0.0956226715990853,1.13650275234143,0.670866050284879,0.597883954865764,0.668978298724813,0.552806139615123,-0.0490271715990847,1.15420645879071,0.347580369417841,0.400000000000091,0.0899999999999181,0,"ok",NA
"simulated","C4",120,0.5,5,1,"R05_F01","C4_R05_F01","ANN_L1","64-32",0.00025,0.001,0,7,32,TRUE,FALSE,0.704881873314409,0.570802126103737,0.573903729389209,800,200,200,0,0.844632580803247,0.328995239843365,0.269437021088542,-0.0923073945316028,1.13808203151833,0.677515967968505,0.599977982269479,0.667535271445034,0.551488500691174,-0.0457118945316022,1.15572381602322,0.350391952196509,0.420000000000073,0.1099999999999,0,"ok",NA
"simulated","C4",120,0.5,5,1,"R05_F01","C4_R05_F01","ANN_L2","64-32",0.00025,0,0.01,6,31,TRUE,FALSE,0.705575359451308,0.570585754770609,0.574819824518809,800,200,200,0,0.84168775927622,0.332533132021932,0.27208373753728,-0.0957434929404238,1.13924715557788,0.670542929600532,0.597674487974746,0.669197758424851,0.552790473351283,-0.0491479929404232,1.15649743230321,0.347152244015522,0.400000000000091,0.0499999999999545,0,"ok",NA
"simulated","C4",120,0.5,5,1,"R05_F01","C4_R05_F01","ANN_L1_L2","64-32",0.00025,0.001,0.001,25,50,TRUE,FALSE,0.704681431977613,0.571133597285664,0.573763354407227,800,200,200,0,0.833929573222857,0.320855704446964,0.263617422027768,0.00827900477391665,0.949602001785724,0.69327546515677,0.574684896102502,0.680807170292883,0.559889645626323,0.0548745047739173,0.935524234671692,0.324304225945546,0.6400000000001,0.279999999999973,0,"ok",NA
"simulated","C4",120,0.5,5,2,"R05_F02","C4_R05_F02","ANN_0","64-32",5e-04,0,0,3,28,TRUE,FALSE,0.679130911106343,0.612992153912231,0.553526491176139,800,200,200,0,0.779369805910279,0.445286887261182,0.352615498735264,-0.264256389435249,0.984881238777377,0.393768277929993,0.522885741321938,0.806891150050577,0.657279010544497,-0.268828889435249,1.03103527463504,0.182409425711696,0.329999999999927,0.0499999999999545,0,"ok",NA
"simulated","C4",120,0.5,5,2,"R05_F02","C4_R05_F02","ANN_L1","64-32",5e-04,1e-05,0,3,28,TRUE,FALSE,0.68895210233522,0.604733762643959,0.558566187561805,800,200,200,0,0.77956254496307,0.44521140811591,0.352545659861203,-0.264313615134487,0.984756383143968,0.393973781282526,0.522941246008292,0.806879497188847,0.657209130720502,-0.268886115134488,1.03075909127564,0.182433040299904,0.549999999999955,0.0599999999999454,0,"ok",NA
"simulated","C4",120,0.5,5,2,"R05_F02","C4_R05_F02","ANN_L2","64-32",5e-04,0,0.01,3,28,TRUE,FALSE,0.690140580613695,0.603685998702231,0.559706753184325,800,200,200,0,0.779441292241188,0.445208229207294,0.352703656657653,-0.264211504908653,0.986549110644227,0.393982435575993,0.523061424587395,0.806801323103393,0.657030880124523,-0.268784004908653,1.03303355600823,0.182591451694737,0.5,0.0299999999999727,0,"ok",NA
"simulated","C4",120,0.5,5,2,"R05_F02","C4_R05_F02","ANN_L1_L2","64-32",5e-04,0.001,0.01,3,28,TRUE,FALSE,0.688998900082595,0.602190279846518,0.558156173751457,800,200,200,0,0.768241037407702,0.451539986250469,0.356746423385496,-0.263690879046239,1.04245641698925,0.376622280176074,0.515138607661649,0.811441885788755,0.657530131181306,-0.268263379046239,1.09071413489075,0.173161262447456,0.369999999999891,0.0499999999999545,0,"ok",NA
"simulated","C4",120,0.5,5,3,"R05_F03","C4_R05_F03","ANN_0","64-32",0.000125,0,0,17,42,TRUE,FALSE,0.697426104702605,0.586289998557243,0.56859167243152,800,200,200,0,0.841296486758854,0.336647068806373,0.276415530473547,-0.0108943283364428,0.823142060649311,0.674765523750571,0.569464420438576,0.688866873902866,0.552457559711814,-0.0373108283364434,0.774180707681365,0.294629259006477,0.619999999999891,0.200000000000045,0,"ok",NA
"simulated","C4",120,0.5,5,3,"R05_F03","C4_R05_F03","ANN_L1","64-32",0.000125,0.001,0,19,44,TRUE,FALSE,0.703895231509842,0.575455558105082,0.573649408898035,800,200,200,0,0.840319240086115,0.329540502782187,0.269755856717338,-0.0220174183754435,0.86777939364467,0.688351887038793,0.566541616724283,0.686002488024144,0.549140197273391,-0.0484339183754441,0.812918251985759,0.300483084843581,0.720000000000027,0.200000000000045,0,"ok",NA
"simulated","C4",120,0.5,5,3,"R05_F03","C4_R05_F03","ANN_L2","64-32",0.000125,0,0.001,17,42,TRUE,FALSE,0.704287864286638,0.575823308930551,0.574753651709199,800,200,200,0,0.841248668123839,0.336481082771265,0.276383401419122,-0.0112950862692342,0.824088453629098,0.675086162648208,0.569233587304675,0.68891089288277,0.552558084790178,-0.0377115862692347,0.774800671331943,0.294539108953701,0.599999999999909,0.169999999999845,0,"ok",NA
"simulated","C4",120,0.5,5,3,"R05_F03","C4_R05_F03","ANN_L1_L2","64-32",0.000125,0.001,0.01,19,44,TRUE,FALSE,0.701342593851075,0.578887553322431,0.572008332776316,800,200,200,0,0.840635895688557,0.328118657896625,0.268191165068019,-0.0206067344337033,0.875026888786139,0.691035377127873,0.566484419785861,0.685252844754282,0.548583139467377,-0.0470232344337039,0.819316062310688,0.302011072391167,0.670000000000073,0.210000000000036,0,"ok",NA
"simulated","C4",120,0.5,5,4,"R05_F04","C4_R05_F04","ANN_0","64-32",5e-04,0,0,2,27,TRUE,FALSE,0.679666469979329,0.598515112502758,0.553667915821568,800,200,200,0,0.851592281747253,0.400725843449155,0.326507069140031,-0.154155618400826,1.6145029032508,0.554173765770619,0.586074148808072,0.745058175709533,0.606505424717218,-0.182871118400826,1.59351239677435,0.250693065115308,0.380000000000109,0.0299999999999727,0,"ok",NA
"simulated","C4",120,0.5,5,4,"R05_F04","C4_R05_F04","ANN_L1","64-32",5e-04,1e-05,0,2,27,TRUE,FALSE,0.695089915658879,0.586819623561042,0.566918206915298,800,200,200,0,0.851740149150212,0.400614887305001,0.326423850925241,-0.153930965432402,1.61526140571301,0.554420619385338,0.586337276205953,0.744930498161299,0.606459031962272,-0.182646465432402,1.59469990894367,0.250949854392122,0.470000000000027,0.00999999999999091,0,"ok",NA
"simulated","C4",120,0.5,5,4,"R05_F04","C4_R05_F04","ANN_L2","64-32",5e-04,0,0.001,2,27,TRUE,FALSE,0.695271194023523,0.586516892245896,0.56688461624516,800,200,200,0,0.851691258594267,0.400637373166646,0.326404025132881,-0.153962617394324,1.61503367635765,0.554370598690632,0.586236041897153,0.744968595116818,0.606486405310256,-0.182678117394324,1.59429129728541,0.250873237151047,0.420000000000073,0.0299999999999727,0,"ok",NA
"simulated","C4",120,0.5,5,4,"R05_F04","C4_R05_F04","ANN_L1_L2","64-32",5e-04,1e-05,0.01,2,27,TRUE,FALSE,0.694823734452177,0.587063246215549,0.566623897790739,800,200,200,0,0.851676319982912,0.400932578593405,0.326628393915228,-0.153847733756791,1.6184976163838,0.553713642086797,0.586286043311116,0.745094910301624,0.606331331923703,-0.182563233756791,1.59787504788939,0.250619175145198,0.439999999999827,0.00999999999999091,0,"ok",NA
"simulated","C4",120,0.5,5,5,"R05_F05","C4_R05_F05","ANN_0","64-32",0.000125,0,0,8,33,TRUE,FALSE,0.697535706294865,0.588545670637043,0.568765937033471,800,200,200,0,0.834949294639039,0.362413464298349,0.279296692253617,0.0257959419439094,1.53168637844306,0.611167993998489,0.636763516593155,0.676391144660491,0.537836452151294,0.0389024419439099,1.67074286808484,0.337927128340852,0.450000000000045,0.119999999999891,0,"ok",NA
"simulated","C4",120,0.5,5,5,"R05_F05","C4_R05_F05","ANN_L1","64-32",0.000125,1e-05,0,8,33,TRUE,FALSE,0.706832505045062,0.574466397047103,0.573845949141883,800,200,200,0,0.835114638187658,0.362295972682591,0.279263754146855,0.0256387571625832,1.53175772191238,0.611420065733477,0.636676879819229,0.676400788658909,0.537929460322122,0.0387452571625838,1.67026260086815,0.337908248509866,0.4699999999998,0.0900000000001455,0,"ok",NA
"simulated","C4",120,0.5,5,5,"R05_F05","C4_R05_F05","ANN_L2","64-32",0.000125,0,1e-04,8,33,TRUE,FALSE,0.706861685215395,0.574412000731832,0.573808268140035,800,200,200,0,0.834898010390831,0.362411232183556,0.279285102833424,0.0257577217269027,1.53132630547261,0.61117278363842,0.636744660980356,0.676379002939553,0.537825608069629,0.0388642217269033,1.67040324302447,0.337950897522224,0.410000000000082,0.0599999999999454,0.0199999999999818,"ok",NA
"simulated","C4",120,0.5,5,5,"R05_F05","C4_R05_F05","ANN_L1_L2","64-32",0.000125,1e-05,1e-04,8,33,TRUE,FALSE,0.706791634019588,0.57453490728795,0.573802756287425,800,200,200,0,0.835109702080143,0.362293774437651,0.279279394122085,0.0257200852764523,1.53163982307284,0.611424781166975,0.636680784516512,0.676396861300046,0.537939997017902,0.0388265852764529,1.67015415595089,0.33791593704129,0.5,0.0799999999999272,0,"ok",NA
"simulated","C5",240,0.3,1,1,"R01_F01","C5_R01_F01","ANN_0","32",0.000125,0,0,13,38,TRUE,FALSE,0.74764612762266,0.475507565516881,0.615307288190349,800,200,200,0,0.843675798626394,0.26435873785962,0.212721973859822,-0.057765365260827,0.830640062272539,0.666263764326109,0.457056564218635,0.749231923641324,0.634585053521986,-0.141028365260827,0.807511557039235,0.16753584246298,0.409999999999854,0.110000000000127,0,"ok",NA
"simulated","C5",240,0.3,1,1,"R01_F01","C5_R01_F01","ANN_L1","32",0.000125,0.01,0,25,50,TRUE,FALSE,0.762429489198428,0.445523329030336,0.621904976294851,800,200,200,0,0.846637179733004,0.249844307680652,0.202133097989156,-0.0416515922219527,1.10618545101869,0.701904828171109,0.465099336801294,0.738283081203353,0.612740110018441,-0.124914592221953,1.09048033871169,0.191688368414343,0.740000000000009,0.279999999999973,0,"ok",NA
"simulated","C5",240,0.3,1,1,"R01_F01","C5_R01_F01","ANN_L2","32",0.000125,0,0.01,13,38,TRUE,FALSE,0.766489110808099,0.442265581637711,0.624792037872061,800,200,200,0,0.843422180917785,0.264509483827501,0.212878236521871,-0.0578272385339611,0.830791259551295,0.665883041250348,0.456724689800566,0.7493857890276,0.634785221851266,-0.141090238533961,0.807314780712756,0.167193890745759,0.529999999999973,0.1099999999999,0.0199999999999818,"ok",NA
"simulated","C5",240,0.3,1,1,"R01_F01","C5_R01_F01","ANN_L1_L2","32",0.000125,0.01,1e-04,25,50,TRUE,FALSE,0.762016107847542,0.446062285269216,0.621442610943083,800,200,200,0,0.846636461821737,0.249838667218447,0.202129953100696,-0.0416338956204829,1.10611763138936,0.701918287557766,0.465041504385601,0.738301708731933,0.61274305597532,-0.124896895620483,1.09027881984564,0.191647579079327,0.759999999999991,0.329999999999927,0.0199999999999818,"ok",NA
"simulated","C5",240,0.3,1,2,"R01_F02","C5_R01_F02","ANN_0","32-16",0.00025,0,0,20,45,TRUE,FALSE,0.743700830773425,0.46386755118355,0.605428869229024,800,200,200,0,0.830642555500307,0.295960355048451,0.241880719922225,0.0191220504525293,0.823108269625414,0.656667681072548,0.491115524633026,0.767740055278966,0.637994975921415,0.06027555045253,0.841849036067881,0.227923257579649,0.700000000000045,0.200000000000045,0,"ok",NA
"simulated","C5",240,0.3,1,2,"R01_F02","C5_R01_F02","ANN_L1","32-16",0.00025,0.001,0,21,46,TRUE,FALSE,0.741765431255687,0.470111040806856,0.603562963989987,800,200,200,0,0.837229389394187,0.286197095260577,0.233157624356905,0.0264846826856262,0.857815896734996,0.67894602544354,0.490034159644388,0.767384379656048,0.639996519783228,0.0676381826856268,0.868527849215847,0.228638461285767,0.830000000000155,0.259999999999991,0,"ok",NA
"simulated","C5",240,0.3,1,2,"R01_F02","C5_R01_F02","ANN_L2","32-16",0.00025,0,0.01,21,46,TRUE,FALSE,0.742565723252163,0.468681898440405,0.604678403616385,800,200,200,0,0.828571979372498,0.297536461140714,0.242832804701426,0.0270562193742531,0.825538278791187,0.653001183103165,0.488969656295758,0.769354754713911,0.640161436119929,0.0682097193742537,0.842745904758765,0.224672201803695,0.839999999999918,0.220000000000027,0,"ok",NA
"simulated","C5",240,0.3,1,2,"R01_F02","C5_R01_F02","ANN_L1_L2","32-16",0.00025,0.001,1e-05,21,46,TRUE,FALSE,0.741665333564642,0.470341240412012,0.603549720533279,800,200,200,0,0.836754614243949,0.286588620839717,0.233397098461292,0.0259207506810162,0.857114897963462,0.678067003073783,0.489787000355306,0.767484072982753,0.640047259913053,0.0670742506810169,0.867872546221018,0.228438028243188,0.6400000000001,0.299999999999955,0.0199999999999818,"ok",NA
"simulated","C5",240,0.3,1,3,"R01_F03","C5_R01_F03","ANN_0","64-32",0.000125,0,0,34,59,TRUE,FALSE,0.753160167112951,0.472681719424563,0.622902921889695,800,200,200,0,0.845951035216736,0.26177672155802,0.210888881546491,0.0105861605358475,0.803576793221048,0.672338925167354,0.380743030265758,0.790132714952302,0.636474555717626,0.0439161605358477,0.660054107545982,0.103744036622523,0.8900000000001,0.3900000000001,0,"ok",NA
"simulated","C5",240,0.3,1,3,"R01_F03","C5_R01_F03","ANN_L1","64-32",0.000125,1e-04,0,35,60,TRUE,FALSE,0.750926851872096,0.475664635134669,0.621936749566725,800,200,200,0,0.844811757288705,0.263244424966568,0.212050989945041,0.00925134680313022,0.799934453811824,0.668654430760021,0.382185620243507,0.789644195635262,0.63621521426752,0.0425813468031304,0.660441282417431,0.10485195935647,0.819999999999936,0.450000000000045,0,"ok",NA
"simulated","C5",240,0.3,1,3,"R01_F03","C5_R01_F03","ANN_L2","64-32",0.000125,0,0.001,37,62,TRUE,FALSE,0.751515270002888,0.475266785139895,0.622773123648904,800,200,200,0,0.842658801356322,0.268126871092796,0.217390260405628,0.00774892252913951,0.784569128730343,0.656249385492445,0.381054376191836,0.791895121054509,0.637650687813674,0.0410789225291397,0.64748814904465,0.0997413454891989,0.889999999999873,0.460000000000036,0,"ok",NA
"simulated","C5",240,0.3,1,3,"R01_F03","C5_R01_F03","ANN_L1_L2","64-32",0.000125,1e-04,1e-05,35,60,TRUE,FALSE,0.751482606618627,0.475213325414163,0.622393282408719,800,200,200,0,0.844982667789625,0.262982846218041,0.211949704584012,0.00982646793431279,0.800725345123101,0.669312601561352,0.382626388380726,0.78937183449318,0.636155417416299,0.043156467934313,0.661722815697621,0.105469355135793,0.920000000000073,0.450000000000045,0,"ok",NA
"simulated","C5",240,0.3,1,4,"R01_F04","C5_R01_F04","ANN_0","16-8",0.001,0,0,5,30,TRUE,FALSE,0.765546305587865,0.45318234545513,0.633527665157728,800,200,200,0,0.782454509034944,0.349386275507583,0.270392948580812,0.0529894047762261,0.651973557851563,0.424543671900497,0.44528445477787,0.760565613170931,0.605354040027179,0.121692404776227,0.653055814072145,0.119781895768103,0.550000000000182,0.0599999999999454,0,"ok",NA
"simulated","C5",240,0.3,1,4,"R01_F04","C5_R01_F04","ANN_L1","16-8",0.001,0.01,0,111,136,TRUE,FALSE,0.781135427330797,0.420630493950969,0.639777282992225,800,200,200,0,0.739615450974661,0.337836412100952,0.282551849660174,0.0400369973171736,0.726518145083691,0.461961194071402,0.452079479852074,0.738359867158301,0.588087653495445,0.108739997317175,0.781622704933219,0.170429899784305,1.75999999999999,1.52999999999997,0,"ok",NA
"simulated","C5",240,0.3,1,4,"R01_F04","C5_R01_F04","ANN_L2","16-8",0.001,0,0.01,5,30,TRUE,FALSE,0.782576420870364,0.421998755422753,0.643955297075183,800,200,200,0,0.78478313404922,0.347598683596777,0.26852218287761,0.0514949935916255,0.653617750261021,0.430417111064819,0.448890465915078,0.758262184869012,0.602699469284405,0.120197993591627,0.658046282370776,0.125105431340144,0.470000000000027,0.0499999999999545,0,"ok",NA
"simulated","C5",240,0.3,1,4,"R01_F04","C5_R01_F04","ANN_L1_L2","16-8",0.001,0.001,0.01,6,31,TRUE,FALSE,0.779677253282779,0.425757152538789,0.643557450096883,800,200,200,0,0.781942399427154,0.336763597100798,0.265946213623113,0.0398912521447378,0.677488539645779,0.465372902181827,0.441954093279255,0.755409922128068,0.605398740199818,0.108594252144739,0.673978794925088,0.131675021262346,0.459999999999809,0.0800000000001546,0.00999999999999091,"ok",NA
"simulated","C5",240,0.3,1,5,"R01_F05","C5_R01_F05","ANN_0","64-32",0.000125,0,0,13,38,TRUE,FALSE,0.751177972374411,0.456613476615586,0.612217638356412,800,200,200,0,0.893884304196099,0.22583075139436,0.176487049839995,-0.0677881184392147,0.886073693651331,0.764610755415023,0.508726994520119,0.751836474925505,0.616444757770402,-0.127716118439215,0.931476509346305,0.235337038540073,0.590000000000146,0.170000000000073,0,"ok",NA
"simulated","C5",240,0.3,1,5,"R01_F05","C5_R01_F05","ANN_L1","64-32",0.000125,0.001,0,15,40,TRUE,FALSE,0.751952734904186,0.45086976782336,0.616682442001819,800,200,200,0,0.891306053059976,0.223483548582666,0.173820559307707,-0.0639481759887079,0.919593972397109,0.7694784274964,0.506978552732676,0.751533273738425,0.616444024536576,-0.123876175988708,0.966178656877885,0.235953661903534,0.559999999999945,0.189999999999827,0.0199999999999818,"ok",NA
"simulated","C5",240,0.3,1,5,"R01_F05","C5_R01_F05","ANN_L2","64-32",0.000125,0,0.01,13,38,TRUE,FALSE,0.753949355835112,0.447829175878512,0.618488179489778,800,200,200,0,0.893972600008758,0.225589983655127,0.176487646648531,-0.0683169954896076,0.888708336052683,0.765112404765778,0.50822404957586,0.752139350228295,0.61674893615738,-0.128244995489607,0.933230341921065,0.234720829609195,0.619999999999891,0.169999999999845,0,"ok",NA
"simulated","C5",240,0.3,1,5,"R01_F05","C5_R01_F05","ANN_L1_L2","64-32",0.000125,0.001,1e-04,15,40,TRUE,FALSE,0.751922487708732,0.45099416312162,0.616650384960321,800,200,200,0,0.891272687862537,0.22360234418759,0.173925493641387,-0.0643719505639181,0.919990102531591,0.769233288843095,0.507255376617427,0.751456172707576,0.616370619793264,-0.124299950563918,0.967158845511702,0.236110423395191,0.630000000000109,0.200000000000045,0,"ok",NA
"simulated","C5",240,0.3,2,1,"R02_F01","C5_R02_F01","ANN_0","64-32",0.001,0,0,1,26,TRUE,FALSE,0.737456435489051,0.474109308722023,0.605912585464308,800,200,200,0,0.873935320630757,0.290335037202786,0.23063188149068,0.158021548386867,0.815405287582132,0.608706052707914,0.461257715340436,0.808361974051936,0.657208462210448,0.170706048386867,0.820431674527358,0.16534519915668,0.4699999999998,0.00999999999999091,0.0199999999999818,"ok",NA
"simulated","C5",240,0.3,2,1,"R02_F01","C5_R02_F01","ANN_L1","64-32",0.001,0.01,0,23,48,TRUE,FALSE,0.746518295427218,0.464191583401826,0.609269292985046,800,200,200,0,0.814515110775216,0.275613517982684,0.227528072001689,0.0138262097001495,1.17812721858167,0.647381363996651,0.429704187563697,0.801598663689266,0.648505529853038,0.0265107097001496,1.18486037029849,0.179253360478749,0.75,0.309999999999945,0,"ok",NA
"simulated","C5",240,0.3,2,1,"R02_F01","C5_R02_F01","ANN_L2","64-32",0.001,0,0.01,1,26,TRUE,FALSE,0.772923238924358,0.434728719889496,0.63320936937187,800,200,200,0,0.873708900868572,0.289684063674082,0.230135218677868,0.157472276249991,0.817981740555373,0.610458761868531,0.460999281072535,0.808200826426527,0.657160455886578,0.170156776249991,0.822776049551851,0.165677944231047,0.3599999999999,0.00999999999999091,0,"ok",NA
"simulated","C5",240,0.3,2,1,"R02_F01","C5_R02_F01","ANN_L1_L2","64-32",0.001,0.01,1e-04,23,48,TRUE,FALSE,0.74634424993022,0.464173929300909,0.60894872032647,800,200,200,0,0.813340755372913,0.276283729459367,0.228224528248151,0.0136182879319314,1.1772623830419,0.64566434808211,0.428575021113678,0.802008228695948,0.64870003250988,0.0263027879319315,1.18258436178241,0.178414449454211,0.829999999999927,0.309999999999945,0,"ok",NA
"simulated","C5",240,0.3,2,2,"R02_F02","C5_R02_F02","ANN_0","32",0.000125,0,0,17,42,TRUE,FALSE,0.745580590289833,0.467336381084793,0.609864353040188,800,200,200,0,0.727525985188476,0.326933508543052,0.256440116179435,-0.043263942943343,0.820037215444285,0.494958323822689,0.441757936762557,0.785292033238115,0.637963174177379,-0.0175339429433427,0.946832347303853,0.194132977355163,0.480000000000018,0.160000000000082,0,"ok",NA
"simulated","C5",240,0.3,2,2,"R02_F02","C5_R02_F02","ANN_L1","32",0.000125,0.01,0,24,49,TRUE,FALSE,0.74622641045744,0.461989695887781,0.609698190493964,800,200,200,0,0.798482679102664,0.281167947111707,0.221739571726657,-0.0400717600935872,1.08038735448245,0.626457546243445,0.483640255677408,0.770294507167465,0.628868488965447,-0.0143417600935869,1.24434299646034,0.224619985256828,0.520000000000209,0.209999999999809,0,"ok",NA
"simulated","C5",240,0.3,2,2,"R02_F02","C5_R02_F02","ANN_L2","32",0.000125,0,0.01,17,42,TRUE,FALSE,0.75206666262502,0.464318095918837,0.615733664659474,800,200,200,0,0.727133725782909,0.327000534228229,0.256424108705558,-0.0429878023218009,0.820686747549605,0.494751222174,0.442103323350227,0.785114259773208,0.637915553265158,-0.0172578023218006,0.9488347563064,0.194497798469075,0.549999999999955,0.190000000000055,0,"ok",NA
"simulated","C5",240,0.3,2,2,"R02_F02","C5_R02_F02","ANN_L1_L2","32",0.000125,0.01,0.001,24,49,TRUE,FALSE,0.746187558889899,0.462066745174099,0.609654229970376,800,200,200,0,0.798484648349879,0.281171590210309,0.221811317023754,-0.0400518358364877,1.0806374123058,0.626447866186942,0.483456941786834,0.770373296572275,0.628963250496115,-0.0143218358364874,1.24415618198315,0.224461357994989,0.630000000000109,0.309999999999945,0,"ok",NA
"simulated","C5",240,0.3,2,3,"R02_F03","C5_R02_F03","ANN_0","32-16",0.00025,0,0,19,44,TRUE,FALSE,0.762817703023677,0.454445609509488,0.626272961507811,800,200,200,0,0.869306725592577,0.250501232813739,0.201423774618141,0.0240962097173034,0.798857290236701,0.705056191012362,0.444006429365584,0.736553745964359,0.616065426775562,0.00904520971730413,0.713068274286188,0.165095022593875,0.860000000000127,0.210000000000036,0,"ok",NA
"simulated","C5",240,0.3,2,3,"R02_F03","C5_R02_F03","ANN_L1","32-16",0.00025,1e-05,0,19,44,TRUE,FALSE,0.773660019922037,0.443752738732528,0.631057521313243,800,200,200,0,0.869549402360368,0.250483833493322,0.201740198767032,0.0254901859987996,0.798808082539377,0.705097162017231,0.444137166682523,0.736533807570141,0.615851917038854,0.0104391859988004,0.713035248578856,0.165140223475288,0.549999999999955,0.180000000000064,0,"ok",NA
"simulated","C5",240,0.3,2,3,"R02_F03","C5_R02_F03","ANN_L2","32-16",0.00025,0,0.001,19,44,TRUE,FALSE,0.772175292402613,0.445199263815855,0.629208038586618,800,200,200,0,0.869560282734634,0.250494043379124,0.201557316160624,0.0251098724406713,0.798586800846732,0.705073120659989,0.443815259276583,0.736733895687341,0.615693298626217,0.010058872440672,0.712312154686961,0.164686562804075,0.589999999999918,0.220000000000027,0,"ok",NA
"simulated","C5",240,0.3,2,3,"R02_F03","C5_R02_F03","ANN_L1_L2","32-16",0.00025,1e-05,0.001,19,44,TRUE,FALSE,0.773077829041395,0.443863589437122,0.630439116024647,800,200,200,0,0.869292671526603,0.251059279128554,0.201916112796932,0.0252601966784734,0.797154960593152,0.703740623527747,0.443667780208107,0.736964031259082,0.616041347312486,0.0102091966784742,0.711017545281472,0.164164623034194,0.5,0.2199999999998,0,"ok",NA
"simulated","C5",240,0.3,2,4,"R02_F04","C5_R02_F04","ANN_0","64-32",5e-04,0,0,5,30,TRUE,FALSE,0.755232607223457,0.480424098684075,0.61873720961633,800,200,200,0,0.897330970626707,0.272215675022896,0.220358986610782,0.0158782409032245,0.716574950147395,0.678140285824153,0.403533779275801,0.76849291075923,0.636595347594017,0.00565224090322467,0.523450732910717,0.0278211068535854,0.529999999999973,0.0499999999999545,0,"ok",NA
"simulated","C5",240,0.3,2,4,"R02_F04","C5_R02_F04","ANN_L1","64-32",5e-04,1e-05,0,5,30,TRUE,FALSE,0.765447664183892,0.458084356251157,0.627611659565068,800,200,200,0,0.897438316214205,0.2716476488975,0.219863430086083,0.0160768758368668,0.717551304581528,0.67948211875346,0.403145740734718,0.768453054248032,0.636558077427427,0.00585087583686693,0.52359727656419,0.02792194487983,0.420000000000073,0.0699999999999363,0,"ok",NA
"simulated","C5",240,0.3,2,4,"R02_F04","C5_R02_F04","ANN_L2","64-32",5e-04,0,1e-04,5,30,TRUE,FALSE,0.765432410059191,0.458108776460351,0.627625915445076,800,200,200,0,0.897767174979142,0.272035325700213,0.220266584397557,0.0161272590034294,0.716414320021052,0.678566623893263,0.403703336837546,0.768550548717545,0.636578309514995,0.00590125900342954,0.523298906954623,0.0276752720461072,0.450000000000045,0.0799999999999272,0,"ok",NA
"simulated","C5",240,0.3,2,4,"R02_F04","C5_R02_F04","ANN_L1_L2","64-32",5e-04,1e-05,0.001,5,30,TRUE,FALSE,0.765364356496288,0.458207032818508,0.627535616940714,800,200,200,0,0.897002668406448,0.272403842100518,0.220479272959186,0.0165347755452543,0.716691363122561,0.677695165727243,0.402548455522418,0.768979803782617,0.63699086346793,0.00630877554525448,0.522448580014108,0.0265888324555308,0.429999999999836,0.0600000000001728,0,"ok",NA
"simulated","C5",240,0.3,2,5,"R02_F05","C5_R02_F05","ANN_0","64-32",5e-04,0,0,2,27,TRUE,FALSE,0.751972401683234,0.450710042522658,0.616621000692999,800,200,200,0,0.913018705806,0.239571040167621,0.191612907372436,0.0326340265421544,1.42747485097935,0.75428828286934,0.487257448621728,0.76804996770519,0.614872107730352,0.019492026542155,1.37040522443161,0.21957221414879,0.400000000000091,0.0299999999999727,0,"ok",NA
"simulated","C5",240,0.3,2,5,"R02_F05","C5_R02_F05","ANN_L1","64-32",5e-04,0.001,0,2,27,TRUE,FALSE,0.75220890881999,0.450473366669059,0.618719474430371,800,200,200,0,0.909246756404028,0.259551767972247,0.20743541692845,0.0336427029691884,1.57541839107392,0.711593387901524,0.485857178602901,0.773591730108656,0.617300574031332,0.020500702969189,1.51434386683929,0.208269438082605,0.420000000000073,0.00999999999999091,0.0199999999999818,"ok",NA
"simulated","C5",240,0.3,2,5,"R02_F05","C5_R02_F05","ANN_L2","64-32",5e-04,0,0.01,2,27,TRUE,FALSE,0.758195554555844,0.459550798701511,0.625478142304622,800,200,200,0,0.912868585591262,0.240051353736033,0.192059966252171,0.032230667650955,1.4309385524177,0.753302045310771,0.486999280398533,0.768249440425561,0.614948644781405,0.0190886676509555,1.37322838120865,0.219166786701755,0.409999999999854,0.0499999999999545,0,"ok",NA
"simulated","C5",240,0.3,2,5,"R02_F05","C5_R02_F05","ANN_L1_L2","64-32",5e-04,0.001,0.01,2,27,TRUE,FALSE,0.751915510131824,0.450204594773964,0.618489584240944,800,200,200,0,0.908562497365108,0.2628436011985,0.210183163618461,0.0328682903082901,1.60225597691068,0.704231412315546,0.485510848580287,0.774597772286103,0.618070714933914,0.0197262903082907,1.54020227610152,0.206208836259315,0.549999999999955,0.0299999999999727,0,"ok",NA
"simulated","C5",240,0.3,3,1,"R03_F01","C5_R03_F01","ANN_0","32-16",0.000125,0,0,61,86,TRUE,FALSE,0.752164192394846,0.456323220598921,0.614230332010262,800,200,200,0,0.780496089854158,0.3119841313451,0.249186877691456,0.0333406955786889,0.747930371157538,0.534667139605159,0.439882941892825,0.780447386059326,0.645203148815268,0.0314216955786897,0.793932550359802,0.179130963990317,1.19000000000005,0.790000000000191,0,"ok",NA
"simulated","C5",240,0.3,3,1,"R03_F01","C5_R03_F01","ANN_L1","32-16",0.000125,1e-04,0,49,74,TRUE,FALSE,0.753992734049862,0.45131595303335,0.617673641245642,800,200,200,0,0.802712956332163,0.290565824288175,0.230599847860559,0.0385689534321062,0.798816916392746,0.596365967231593,0.447713441786936,0.774653811067891,0.64094443595137,0.036649953432107,0.839156887823403,0.19127301076855,1.16999999999985,0.75,0,"ok",NA
"simulated","C5",240,0.3,3,1,"R03_F01","C5_R03_F01","ANN_L2","32-16",0.000125,0,1e-05,55,80,TRUE,FALSE,0.753982511893695,0.451557286863613,0.618073990186349,800,200,200,0,0.791743762975785,0.301654013286434,0.240142050060027,0.03600268660295,0.770381755979936,0.564972283167358,0.444493057695817,0.777283200614402,0.643039496317798,0.0340836866029508,0.814596182619194,0.185773606634276,1.32999999999993,0.700000000000045,0,"ok",NA
"simulated","C5",240,0.3,3,1,"R03_F01","C5_R03_F01","ANN_L1_L2","32-16",0.000125,1e-04,1e-04,47,72,TRUE,FALSE,0.753930436041678,0.451392632449081,0.617645118405054,800,200,200,0,0.806622948912754,0.286080131870264,0.227632081591527,0.0386086447463407,0.812209053958914,0.608732201064356,0.449931877400802,0.773039181124879,0.639900612891531,0.0366896447463415,0.853296700035473,0.194640796336288,1.01999999999998,0.5,0,"ok",NA
"simulated","C5",240,0.3,3,2,"R03_F02","C5_R03_F02","ANN_0","64-32",0.000125,0,0,11,36,TRUE,FALSE,0.765588220285456,0.439173395551693,0.627565380984278,800,200,200,0,0.872542258869583,0.288080265744358,0.230723194719208,-0.0603716696112374,1.29820843579682,0.708349329172144,0.474535251374198,0.761579723264202,0.62048661471597,-0.0769381696112362,1.13689345827989,0.213895927979201,0.490000000000009,0.139999999999873,0.00999999999999091,"ok",NA
"simulated","C5",240,0.3,3,2,"R03_F02","C5_R03_F02","ANN_L1","64-32",0.000125,0.001,0,14,39,TRUE,FALSE,0.759536168225094,0.442474808401032,0.62571614545506,800,200,200,0,0.875398280152445,0.276901348589894,0.218629502290736,-0.058884624461084,1.21279472797673,0.730545088885971,0.484174408624113,0.755977397678612,0.615237874449606,-0.0754511244610828,1.08013185073632,0.225418851842932,0.589999999999918,0.170000000000073,0,"ok",NA
"simulated","C5",240,0.3,3,2,"R03_F02","C5_R03_F02","ANN_L2","64-32",0.000125,0,0.01,12,37,TRUE,FALSE,0.762369923063429,0.439360084597361,0.627424029937145,800,200,200,0,0.873219338615153,0.280763952568148,0.224459667055383,-0.0633284753760783,1.22349104194528,0.722975195412168,0.475838412096696,0.760216596388523,0.619115441332898,-0.0798949753760772,1.07356977710567,0.216707454021851,0.549999999999955,0.199999999999818,0,"ok",NA
"simulated","C5",240,0.3,3,2,"R03_F02","C5_R03_F02","ANN_L1_L2","64-32",0.000125,0.001,0.01,14,39,TRUE,FALSE,0.759276730203496,0.442381867586738,0.625289295830339,800,200,200,0,0.874716259572161,0.279193403351797,0.220483430778397,-0.0580940463543861,1.23236804328468,0.726065793035756,0.482573616694115,0.75687585692202,0.61603663146957,-0.074660546354385,1.09478826495577,0.22357661914795,0.6400000000001,0.220000000000027,0,"ok",NA
"simulated","C5",240,0.3,3,3,"R03_F03","C5_R03_F03","ANN_0","64-32",0.00025,0,0,9,34,TRUE,FALSE,0.740669447588845,0.462749973739912,0.610455784669276,800,200,200,0,0.899613723843694,0.217168379964391,0.178837424102542,0.0226598765940363,0.794888776258424,0.752726412050007,0.494249110790505,0.769940260640229,0.618728521972568,0.0614248765940364,0.880203009374724,0.234887517356336,0.700000000000045,0.120000000000118,0.0199999999999818,"ok",NA
"simulated","C5",240,0.3,3,3,"R03_F03","C5_R03_F03","ANN_L1","64-32",0.00025,0.001,0,10,35,TRUE,FALSE,0.74323401816103,0.456169840537753,0.608510163819785,800,200,200,0,0.898579409852411,0.204898926637232,0.166530459303995,0.0233639543841335,0.851122439456288,0.779877764864009,0.488984830805217,0.770934069088445,0.619962002944459,0.0621289543841336,0.93350709726305,0.232911088744566,0.559999999999945,0.119999999999891,0.0199999999999818,"ok",NA
"simulated","C5",240,0.3,3,3,"R03_F03","C5_R03_F03","ANN_L2","64-32",0.00025,0,0.01,9,34,TRUE,FALSE,0.744188900230253,0.454243916026148,0.609446214377187,800,200,200,0,0.900172098045102,0.215713111580621,0.177423743781825,0.0234637047277297,0.798822016320855,0.756029321433957,0.494127425214005,0.76991253363907,0.618727044952408,0.0622287047277299,0.883792063414632,0.234942622651628,0.440000000000055,0.119999999999891,0,"ok",NA
"simulated","C5",240,0.3,3,3,"R03_F03","C5_R03_F03","ANN_L1_L2","64-32",0.00025,0.001,1e-05,10,35,TRUE,FALSE,0.743298505718215,0.456024161366813,0.608557784478876,800,200,200,0,0.898585887679485,0.204883478752422,0.166513619408846,0.023357974737496,0.85117487037169,0.779910954835326,0.488979123157224,0.770935594911142,0.619954107244221,0.0621229747374962,0.933546976357546,0.232908052316741,0.529999999999973,0.1400000000001,0,"ok",NA
"simulated","C5",240,0.3,3,4,"R03_F04","C5_R03_F04","ANN_0","32-16",0.000125,0,0,27,52,TRUE,FALSE,0.758837250849892,0.467493492258328,0.619907059801559,800,200,200,0,0.889867360341536,0.215736091827362,0.175395510904507,-0.00402952314679112,0.859989238742257,0.770795168947663,0.428612745205547,0.777623934927001,0.652688494858512,0.000876976853208333,0.784537368495179,0.169851544358201,0.75,0.259999999999991,0,"ok",NA
"simulated","C5",240,0.3,3,4,"R03_F04","C5_R03_F04","ANN_L1","32-16",0.000125,0.01,0,102,127,TRUE,FALSE,0.770498062561404,0.424305231628248,0.62750269270971,800,200,200,0,0.78986661157694,0.341838021335999,0.27333746064091,0.00857893997052905,2.29758211562784,0.424535039251095,0.340660970903421,0.813954110646749,0.658368587826734,0.0134854399705285,1.87681073857038,0.0904713855344503,2.16000000000008,1.05999999999995,0,"ok",NA
"simulated","C5",240,0.3,3,4,"R03_F04","C5_R03_F04","ANN_L2","32-16",0.000125,0,0.001,26,51,TRUE,FALSE,0.7752744811632,0.43372861577332,0.632264275184265,800,200,200,0,0.891917449573621,0.213810729785682,0.173988358038437,-0.00561216609482223,0.861695005085963,0.774868043827194,0.428010239840198,0.777951401193093,0.652781831584749,-0.000705666094822774,0.783184147375373,0.169152227268035,1.25,0.460000000000036,0,"ok",NA
"simulated","C5",240,0.3,3,4,"R03_F04","C5_R03_F04","ANN_L1_L2","32-16",0.000125,0.01,0.001,105,130,TRUE,FALSE,0.77040603291536,0.425169544827309,0.627474708733037,800,200,200,0,0.791189246497422,0.34099529490748,0.272802566917885,0.00800947427994593,2.28743231029232,0.427368906289679,0.342828419110615,0.813432839919759,0.658219459973512,0.0129159742799454,1.87726466380732,0.0916359691919958,2.17000000000007,1.3599999999999,0,"ok",NA
"simulated","C5",240,0.3,3,5,"R03_F05","C5_R03_F05","ANN_0","64-32",0.000125,0,0,18,43,TRUE,FALSE,0.772610865472536,0.466892749409259,0.63647109009016,800,200,200,0,0.85391034955712,0.254266205311703,0.20293286463071,-0.0632008715145007,0.882875500692884,0.697650010886687,0.455674153650764,0.685890552769968,0.563959182375874,-0.0883913715145004,0.769518190866325,0.175315746119327,0.549999999999955,0.279999999999973,0,"ok",NA
"simulated","C5",240,0.3,3,5,"R03_F05","C5_R03_F05","ANN_L1","64-32",0.000125,0.001,0,22,47,TRUE,FALSE,0.769999642369545,0.48027940203027,0.63104598613698,800,200,200,0,0.852670527616932,0.250125742619514,0.197382526786018,-0.0535993419343988,0.915493652518906,0.70741675241951,0.458141513465262,0.681245471460239,0.559623648592616,-0.0787898419343985,0.80343553954685,0.186448000146797,0.729999999999791,0.259999999999991,0,"ok",NA
"simulated","C5",240,0.3,3,5,"R03_F05","C5_R03_F05","ANN_L2","64-32",0.000125,0,0.01,18,43,TRUE,FALSE,0.772611603067596,0.476792771327292,0.63383444312816,800,200,200,0,0.854215066285637,0.253811362731244,0.202811394101896,-0.0635761241421693,0.886126416804236,0.698730757316925,0.455780925486451,0.685665470522208,0.564026029296064,-0.088766624142169,0.772257099362506,0.175856915050517,0.700000000000045,0.189999999999827,0,"ok",NA
"simulated","C5",240,0.3,3,5,"R03_F05","C5_R03_F05","ANN_L1_L2","64-32",0.000125,0.001,0.01,22,47,TRUE,FALSE,0.769232032787384,0.480847796910042,0.630487689995153,800,200,200,0,0.853150197936458,0.24976517986367,0.197240683578057,-0.0569984269144557,0.927767214522707,0.708259677136801,0.45840278753874,0.68086734147442,0.559307749362285,-0.0821889269144554,0.814213093808857,0.187350884770388,0.720000000000027,0.329999999999927,0,"ok",NA
"simulated","C5",240,0.3,4,1,"R04_F01","C5_R04_F01","ANN_0","16",0.000125,0,0,6,31,TRUE,FALSE,0.753080870596925,0.476501218984862,0.626706492637168,800,200,200,0,0.854304194104953,0.246985350886593,0.193347733377514,0.085842043836784,1.13930882747367,0.680305505446978,0.50126535421753,0.714756629282863,0.553296283094995,0.0550450438367847,1.25188852836548,0.236566775619585,0.3599999999999,0.0600000000001728,0,"ok",NA
"simulated","C5",240,0.3,4,1,"R04_F01","C5_R04_F01","ANN_L1","16",0.000125,0.01,0,9,34,TRUE,FALSE,0.757872546689148,0.464658986702891,0.628915101359917,800,200,200,0,0.845697013473837,0.260476433818508,0.203171961753607,0.096700292848879,1.2113466259123,0.644426291379977,0.482662953437403,0.725057445344155,0.56395795465923,0.0659032928488797,1.29469255416109,0.214403562683956,0.339999999999918,0.110000000000127,0,"ok",NA
"simulated","C5",240,0.3,4,1,"R04_F01","C5_R04_F01","ANN_L2","16",0.000125,0,0.01,6,31,TRUE,FALSE,0.767291395817008,0.451719391857258,0.633734050852704,800,200,200,0,0.854280371395522,0.247055785831262,0.193408001620132,0.0859554408718531,1.13960082693482,0.680123139369538,0.50125351115134,0.714780557282979,0.553319753131436,0.0551584408718538,1.25221471499323,0.236515659658422,0.589999999999918,0.0799999999999272,0,"ok",NA
"simulated","C5",240,0.3,4,1,"R04_F01","C5_R04_F01","ANN_L1_L2","16",0.000125,0.01,1e-04,9,34,TRUE,FALSE,0.757871040113538,0.46466185695348,0.628914145079633,800,200,200,0,0.845692120444489,0.260482761469719,0.203176490608871,0.0967027902596801,1.21138613828285,0.644409015546585,0.482658310676357,0.725060721474332,0.563960207998469,0.0659057902596808,1.29472982207209,0.214396463323687,0.590000000000146,0.0999999999999091,0,"ok",NA
"simulated","C5",240,0.3,4,2,"R04_F02","C5_R04_F02","ANN_0","64-32",0.000125,0,0,22,47,TRUE,FALSE,0.748450661309063,0.449000727932236,0.606092579926511,800,200,200,0,0.874450048926854,0.241779947872085,0.19265099273801,-0.0155239461894141,0.914147598707336,0.756916385308044,0.492116497440557,0.768251269544144,0.645031668158636,-0.0204259461894146,0.924508503838482,0.24002665427927,0.720000000000027,0.230000000000018,0,"ok",NA
"simulated","C5",240,0.3,4,2,"R04_F02","C5_R04_F02","ANN_L1","64-32",0.000125,0.001,0,23,48,TRUE,FALSE,0.751329003726708,0.45111047230939,0.607985249318918,800,200,200,0,0.878332435981865,0.236239684651583,0.188874655776462,-0.0286558257096629,0.987468805648031,0.767929020654234,0.489162370845538,0.769377856206077,0.644207054943489,-0.0335578257096634,0.988278107022761,0.237796124686627,0.700000000000045,0.230000000000018,0,"ok",NA
"simulated","C5",240,0.3,4,2,"R04_F02","C5_R04_F02","ANN_L2","64-32",0.000125,0,1e-04,22,47,TRUE,FALSE,0.752010100624987,0.454638629277228,0.608081452465906,800,200,200,0,0.873280482282931,0.242839316403075,0.193417037898578,-0.0163528189604689,0.914154016079241,0.754781557415901,0.491497048046969,0.768577748512639,0.645064427983947,-0.0212548189604694,0.92458789033477,0.239380594731192,0.849999999999909,0.220000000000027,0,"ok",NA
"simulated","C5",240,0.3,4,2,"R04_F02","C5_R04_F02","ANN_L1_L2","64-32",0.000125,0.001,0.01,81,106,TRUE,FALSE,0.751004109225091,0.450773438057026,0.607216301845035,800,200,200,0,0.843155263882448,0.278901110108343,0.228510900121721,-0.0212831812228068,0.823886971715195,0.676543701535805,0.482644653077875,0.776048143572392,0.646505849647947,-0.0261851812228073,0.847518619995878,0.224522652434218,1.49000000000001,0.909999999999854,0,"ok",NA
"simulated","C5",240,0.3,4,3,"R04_F03","C5_R04_F03","ANN_0","64-32",5e-04,0,0,3,28,TRUE,FALSE,0.73338805983272,0.493033481972213,0.600795094226827,800,200,200,0,0.888719834097761,0.196791012242699,0.150039405000765,-0.00940032236404235,0.900584959842036,0.779695614736689,0.364446860825489,0.811027322476436,0.677202787675862,-0.0244743223640414,0.761080571404174,0.118930060868785,0.3599999999999,0.0299999999999727,0,"ok",NA
"simulated","C5",240,0.3,4,3,"R04_F03","C5_R04_F03","ANN_L1","64-32",5e-04,0.001,0,4,29,TRUE,FALSE,0.741669597634517,0.48165598551301,0.606149871607626,800,200,200,0,0.892332061359046,0.20983586645336,0.159307596562699,-0.00488362181283655,0.805206317599547,0.749520569112304,0.374226247330642,0.813857190389136,0.674560881426823,-0.0199576218128356,0.695907513688065,0.112770807388819,0.430000000000064,0.0500000000001819,0,"ok",NA
"simulated","C5",240,0.3,4,3,"R04_F03","C5_R04_F03","ANN_L2","64-32",5e-04,0,0.01,3,28,TRUE,FALSE,0.744251806607373,0.480646050128356,0.608845906590975,800,200,200,0,0.889041641342325,0.196233112465748,0.149147844957878,-0.00869964569594764,0.903476120338858,0.780942963841683,0.364630950143078,0.810783207058116,0.677301189322878,-0.0237736456959467,0.763633036960555,0.119460376879972,0.319999999999936,0.0499999999999545,0,"ok",NA
"simulated","C5",240,0.3,4,3,"R04_F03","C5_R04_F03","ANN_L1_L2","64-32",5e-04,0.001,0.01,4,29,TRUE,FALSE,0.741424685585703,0.482054725186492,0.606067783464281,800,200,200,0,0.892100570566637,0.207110013950661,0.156528534575492,-0.00515998870209742,0.817417821451718,0.755985958145639,0.372638555093807,0.813440135623599,0.674627803543535,-0.0202339887020965,0.703646734963403,0.113679881755991,0.360000000000127,0.0599999999999454,0,"ok",NA
"simulated","C5",240,0.3,4,4,"R04_F04","C5_R04_F04","ANN_0","64-32",0.001,0,0,2,27,TRUE,FALSE,0.759148036562694,0.458481186139501,0.62121661946397,800,200,200,0,0.885036438337788,0.28524270331442,0.236307203253986,-0.12740649734387,0.815447945092908,0.679159570250526,0.433247170196026,0.770396116278763,0.639027692276836,-0.10669099734387,0.649556990451641,0.116115941656481,0.3599999999999,0.0199999999999818,0,"ok",NA
"simulated","C5",240,0.3,4,4,"R04_F04","C5_R04_F04","ANN_L1","64-32",0.001,0.001,0,2,27,TRUE,FALSE,0.750718960840651,0.46952367054245,0.610023955964873,800,200,200,0,0.886263212148731,0.286866853686341,0.240674121355163,-0.138667914256647,0.827479907320911,0.675495486089314,0.430846116361764,0.771657854402084,0.64121069098891,-0.117952414256647,0.654580935351658,0.113218358349909,0.360000000000127,0.0399999999999636,0.00999999999999091,"ok",NA
"simulated","C5",240,0.3,4,4,"R04_F04","C5_R04_F04","ANN_L2","64-32",0.001,0,0.01,2,27,TRUE,FALSE,0.754288514502704,0.468279713022122,0.613771553460254,800,200,200,0,0.885759805211007,0.284637962995259,0.236257538287097,-0.12831515742443,0.81745078086309,0.680518549577331,0.434220509476674,0.76973565911197,0.638525033229684,-0.10759965742443,0.652082300362686,0.117630791791235,0.549999999999955,0.0399999999999636,0.00999999999999091,"ok",NA
"simulated","C5",240,0.3,4,4,"R04_F04","C5_R04_F04","ANN_L1_L2","64-32",0.001,0.001,0.01,2,27,TRUE,FALSE,0.750541016782924,0.469170258010841,0.609722823830888,800,200,200,0,0.886702831318294,0.286301897738378,0.24025920940499,-0.138968643064597,0.829292721714725,0.676772386693266,0.430189342181433,0.771859724350617,0.641800507648327,-0.118253143064597,0.654690200631152,0.112754323729031,0.599999999999909,0.0300000000002001,0,"ok",NA
"simulated","C5",240,0.3,4,5,"R04_F05","C5_R04_F05","ANN_0","64-32",0.000125,0,0,17,42,TRUE,FALSE,0.770769198330615,0.442756452012453,0.633529351056116,800,200,200,0,0.837109932345826,0.280544166553379,0.218405003522112,0.0871831250905344,0.926867611020365,0.663935109525992,0.532288254012014,0.711612892820619,0.573023025277432,0.117236125090535,1.00970323272016,0.263309671964612,0.6400000000001,0.179999999999836,0.00999999999999091,"ok",NA
"simulated","C5",240,0.3,4,5,"R04_F05","C5_R04_F05","ANN_L1","64-32",0.000125,1e-04,0,17,42,TRUE,FALSE,0.77900039796911,0.426765364843096,0.640684504048122,800,200,200,0,0.834762962142857,0.282783103327726,0.220183312564345,0.0893662724966999,0.928128789420395,0.658549643846131,0.53144005427053,0.712418737094023,0.573144005920874,0.1194192724967,1.0123041311205,0.261640242355164,0.549999999999955,0.1400000000001,0,"ok",NA
"simulated","C5",240,0.3,4,5,"R04_F05","C5_R04_F05","ANN_L2","64-32",0.000125,0,1e-04,17,42,TRUE,FALSE,0.778942453372668,0.42755588866936,0.640711682317873,800,200,200,0,0.836410137974452,0.281473736643959,0.219152002671575,0.0882404878231554,0.924765792836489,0.661704349006957,0.531882763570973,0.711991097070522,0.573227805462156,0.118293487823156,1.00748836157226,0.262526399330511,0.579999999999927,0.130000000000109,0,"ok",NA
"simulated","C5",240,0.3,4,5,"R04_F05","C5_R04_F05","ANN_L1_L2","64-32",0.000125,1e-05,0.01,17,42,TRUE,FALSE,0.77873955754776,0.427967754329895,0.640700527310462,800,200,200,0,0.835126284110335,0.282470463628334,0.220274112881246,0.0893752329715437,0.929405619198996,0.659304228717236,0.531948888156241,0.712165883687568,0.57293981090364,0.119428232971544,1.01422590639063,0.262164270258282,0.730000000000018,0.230000000000018,0,"ok",NA
"simulated","C5",240,0.3,5,1,"R05_F01","C5_R05_F01","ANN_0","64-32",5e-04,0,0,3,28,TRUE,FALSE,0.765041189934318,0.453501345719884,0.628568102894974,800,200,200,0,0.87754439500128,0.269302497184731,0.212197073401377,0.157241974509206,1.02532039996363,0.650442291161064,0.457779171688008,0.722182198571044,0.604972075062294,0.104433474509207,0.943369891855883,0.191908163282243,0.430000000000064,0.0399999999999636,0,"ok",NA
"simulated","C5",240,0.3,5,1,"R05_F01","C5_R05_F01","ANN_L1","64-32",5e-04,0.001,0,3,28,TRUE,FALSE,0.767211188109036,0.449217986885357,0.62632973603271,800,200,200,0,0.875696462453289,0.277954614779592,0.219511851900259,0.168318410251787,1.06271783698996,0.627620383138217,0.456455330309918,0.724121214955723,0.605631084683464,0.115509910251787,0.977008041841342,0.187562980484688,0.419999999999845,0.0499999999999545,0,"ok",NA
"simulated","C5",240,0.3,5,1,"R05_F01","C5_R05_F01","ANN_L2","64-32",5e-04,0,1e-05,3,28,TRUE,FALSE,0.767511208813256,0.451146326192072,0.626999069682552,800,200,200,0,0.877552572113209,0.269267425547511,0.212175754805028,0.157191508970111,1.0253144426378,0.650533332001682,0.457645208145619,0.722233178061411,0.605008482286621,0.104383008970111,0.943079558705267,0.191794071397613,0.549999999999955,0.0299999999999727,0,"ok",NA
"simulated","C5",240,0.3,5,1,"R05_F01","C5_R05_F01","ANN_L1_L2","64-32",5e-04,0.001,0.01,3,28,TRUE,FALSE,0.766438007191124,0.450200901144698,0.625862967802409,800,200,200,0,0.874712062858931,0.280430058032266,0.221594378971275,0.171056900965055,1.06833691348747,0.620958076972972,0.45718207940356,0.724237953386377,0.605881515361242,0.118248400965056,0.984844804507494,0.187301007031403,0.300000000000182,0.0499999999999545,0,"ok",NA
"simulated","C5",240,0.3,5,2,"R05_F02","C5_R05_F02","ANN_0","32-16",0.00025,0,0,8,33,TRUE,FALSE,0.750126812094326,0.425882888267089,0.615855335512256,800,200,200,0,0.882622780894783,0.221138013197848,0.179335764091868,0.02407382991729,0.96844204465534,0.775535573543671,0.469838961521625,0.803245836850091,0.648065051097132,0.0931003299172899,0.998229657798837,0.21013693183836,0.3900000000001,0.0799999999999272,0,"ok",NA
"simulated","C5",240,0.3,5,2,"R05_F02","C5_R05_F02","ANN_L1","32-16",0.00025,0.001,0,8,33,TRUE,FALSE,0.75152476222538,0.425107682156375,0.618738443673303,800,200,200,0,0.881370331147499,0.222259882845677,0.18104390682392,0.0263428940865676,1.02249782260404,0.773252306318961,0.469862228326793,0.803810716752365,0.648719503327289,0.0953693940865675,1.05549805227921,0.209025604175578,0.450000000000045,0.0899999999999181,0,"ok",NA
"simulated","C5",240,0.3,5,2,"R05_F02","C5_R05_F02","ANN_L2","32-16",0.00025,0,0.01,8,33,TRUE,FALSE,0.751868348662944,0.425681188200342,0.61775300019192,800,200,200,0,0.883345268291419,0.220554193150718,0.178845458063836,0.0250278514630367,0.97082988496663,0.776719213060659,0.469746193409051,0.803400943437718,0.648118326738778,0.0940543514630365,0.999675058206303,0.209831857630225,0.400000000000091,0.110000000000127,0,"ok",NA
"simulated","C5",240,0.3,5,2,"R05_F02","C5_R05_F02","ANN_L1_L2","32-16",0.00025,0.001,0.01,8,33,TRUE,FALSE,0.750472576198703,0.425962857133891,0.617720682413925,800,200,200,0,0.880623323310178,0.223137650109252,0.1817975250046,0.0269558509769332,1.0310751645355,0.771457787970892,0.469362708115014,0.804218290192743,0.649260552283676,0.095982350976933,1.06412258572128,0.208223271286231,0.630000000000109,0.0999999999999091,0,"ok",NA
"simulated","C5",240,0.3,5,3,"R05_F03","C5_R05_F03","ANN_0","32-16",0.00025,0,0,16,41,TRUE,FALSE,0.757338076007298,0.470910756653225,0.618253765310932,800,200,200,0,0.846919888230368,0.269558952712342,0.208703240629864,0.021265601526515,0.831736942525188,0.685963279758154,0.452780907769507,0.740202074516366,0.625394997772572,0.0261356015265153,0.756953599769276,0.182856138480111,0.849999999999909,0.279999999999973,0,"ok",NA
"simulated","C5",240,0.3,5,3,"R05_F03","C5_R05_F03","ANN_L1","32-16",0.00025,0.001,0,17,42,TRUE,FALSE,0.765617836434422,0.461194788017987,0.619256573194242,800,200,200,0,0.847419403097537,0.261575159590039,0.203734766724105,0.0254186036657267,0.889700265408921,0.704290068859962,0.450691815447487,0.736999914679829,0.624203084357321,0.030288603665727,0.80549431674853,0.189910875295338,0.980000000000018,0.269999999999982,0,"ok",NA
"simulated","C5",240,0.3,5,3,"R05_F03","C5_R05_F03","ANN_L2","32-16",0.00025,0,0.01,16,41,TRUE,FALSE,0.774163572479705,0.463420807684693,0.624431493378778,800,200,200,0,0.846426358235544,0.269577884054907,0.208943002214173,0.0209022448591494,0.833399601988587,0.685919168105136,0.452075154674906,0.740368843144282,0.625886192480935,0.0257722448591498,0.757726091407041,0.182487889547418,0.839999999999918,0.200000000000045,0,"ok",NA
"simulated","C5",240,0.3,5,3,"R05_F03","C5_R05_F03","ANN_L1_L2","32-16",0.00025,0.001,0.01,16,41,TRUE,FALSE,0.765447903704012,0.461197970746067,0.619402240642984,800,200,200,0,0.851216091060654,0.255538611699249,0.201411486549462,0.02697162329304,0.933782527083993,0.717781178331537,0.45200180624349,0.734306021657971,0.622147016209813,0.0318416232930403,0.84407994444962,0.195822151595533,0.549999999999955,0.170000000000073,0,"ok",NA
"simulated","C5",240,0.3,5,4,"R05_F04","C5_R05_F04","ANN_0","32",0.000125,0,0,6,31,TRUE,FALSE,0.759383984192478,0.478210114822667,0.622356938584501,800,200,200,0,0.894774521477405,0.222354740320354,0.179216749041842,-0.0549917094879031,0.88951868456302,0.774476554698949,0.450884696537783,0.750657961868023,0.599722754192466,-0.0817477094879028,0.793484344153819,0.179798988380649,0.329999999999927,0.0499999999999545,0,"ok",NA
"simulated","C5",240,0.3,5,4,"R05_F04","C5_R05_F04","ANN_L1","32",0.000125,0.01,0,11,36,TRUE,FALSE,0.761537037058439,0.44525179067045,0.62138502077758,800,200,200,0,0.85441928599539,0.260546086764871,0.211917420846991,-0.0768202767712741,1.15235980245989,0.69035218338379,0.427699296257448,0.756386500103947,0.602783120746132,-0.103576276771274,1.02114401141035,0.167232729815886,0.330000000000155,0.119999999999891,0,"ok",NA
"simulated","C5",240,0.3,5,4,"R05_F04","C5_R05_F04","ANN_L2","32",0.000125,0,0.01,6,31,TRUE,FALSE,0.766605495467291,0.455304061602934,0.631020753699982,800,200,200,0,0.894826838013187,0.222284940811905,0.17916201889625,-0.055062524168323,0.889857265967076,0.77461812087292,0.450839842609291,0.750669357616362,0.599715154006536,-0.0818185241683226,0.793661001326222,0.179774085227049,0.400000000000091,0.0599999999999454,0,"ok",NA
"simulated","C5",240,0.3,5,4,"R05_F04","C5_R05_F04","ANN_L1_L2","32",0.000125,0.01,1e-04,11,36,TRUE,FALSE,0.761536712828951,0.445250897584671,0.621384710168197,800,200,200,0,0.854410737509544,0.260557110569516,0.211927358238784,-0.0768256340725845,1.15241548951,0.690325980194213,0.42769229254533,0.756390094745287,0.602787178138415,-0.103581634072584,1.02118685217454,0.167224814532445,0.440000000000055,0.139999999999873,0,"ok",NA
"simulated","C5",240,0.3,5,5,"R05_F05","C5_R05_F05","ANN_0","64-32",0.000125,0,0,24,49,TRUE,FALSE,0.761218691626701,0.445365529570454,0.62068597298258,800,200,200,0,0.809109656311247,0.29037258393967,0.23195077805062,0.0392770936337609,0.8089590065088,0.611031425666799,0.490342674962506,0.739609158435456,0.610692344245924,0.0449405936337617,0.88978537766504,0.233918503651147,0.710000000000036,0.3599999999999,0,"ok",NA
"simulated","C5",240,0.3,5,5,"R05_F05","C5_R05_F05","ANN_L1","64-32",0.000125,0.001,0,28,53,TRUE,FALSE,0.763208377957039,0.434519871107481,0.62013297523677,800,200,200,0,0.815530412762365,0.279314908626192,0.223159995117633,0.0486947093800315,0.873063833132445,0.64009197468693,0.49227551043668,0.737783603582953,0.609625822583796,0.0543582093800323,0.956490167376202,0.237695627853064,0.729999999999791,0.310000000000173,0,"ok",NA
"simulated","C5",240,0.3,5,5,"R05_F05","C5_R05_F05","ANN_L2","64-32",0.000125,0,1e-04,24,49,TRUE,FALSE,0.766442237438832,0.431729199143762,0.623745685206145,800,200,200,0,0.808780044487852,0.290954598532541,0.232579559015129,0.0393140437322916,0.806769367300612,0.609470587769588,0.489690468951993,0.740034363296119,0.611089528178367,0.0449775437322924,0.886557822775352,0.233037402579332,0.7199999999998,0.319999999999936,0,"ok",NA
"simulated","C5",240,0.3,5,5,"R05_F05","C5_R05_F05","ANN_L1_L2","64-32",0.000125,0.001,0.01,28,53,TRUE,FALSE,0.76269541055491,0.435193170789022,0.619497906276721,800,200,200,0,0.817343744639668,0.277366932299412,0.222217522193443,0.0497455087750816,0.883834985699876,0.645094554497682,0.49230487967151,0.737748645572213,0.60979414144008,0.0554090087750824,0.966199988993377,0.237767865872341,0.720000000000027,0.330000000000155,0,"ok",NA
"simulated","C6",480,0.3,1,1,"R01_F01","C6_R01_F01","ANN_0","64-32",0.000125,0,0,21,46,TRUE,FALSE,0.656197620589968,0.489891220814243,0.536646752960784,800,200,200,0,0.896946361996565,0.188864798796206,0.149088858257502,-0.0380520872319165,0.875286748714762,0.779217807235226,0.468648584614502,0.630052883153844,0.515933918391905,-0.0355385872319172,0.803473256842964,0.203958815534033,0.710000000000036,0.420000000000073,0,"ok",NA
"simulated","C6",480,0.3,1,1,"R01_F01","C6_R01_F01","ANN_L1","64-32",0.000125,0.001,0,22,47,TRUE,FALSE,0.660863985408523,0.484506993872296,0.53427480885418,800,200,200,0,0.901351651671112,0.183443367747945,0.145949446105627,-0.0493622698135025,0.923077058959771,0.791711145613724,0.468567166078766,0.628632116914813,0.514924403943437,-0.0468487698135031,0.843054764777082,0.20754490579157,1.35000000000014,0.5,0.00999999999999091,"ok",NA
"simulated","C6",480,0.3,1,1,"R01_F01","C6_R01_F01","ANN_L2","64-32",0.000125,0,0.001,21,46,TRUE,FALSE,0.661781985426193,0.483706054520421,0.53504057407163,800,200,200,0,0.897688151870696,0.188101409552777,0.148183028354454,-0.0382521658270058,0.877214496445913,0.78099899810069,0.468575190952047,0.630025664057948,0.515766206702351,-0.0357386658270064,0.804451439519471,0.204027594056865,1.58999999999992,0.310000000000173,0.0199999999999818,"ok",NA
"simulated","C6",480,0.3,1,1,"R01_F01","C6_R01_F01","ANN_L1_L2","64-32",0.000125,0.001,0.001,22,47,TRUE,FALSE,0.660379833921769,0.485670301588556,0.533818406751799,800,200,200,0,0.901066904263341,0.183690816781126,0.146199447403686,-0.0494219047565176,0.922975305620583,0.791148839782377,0.468677653377834,0.628579952314112,0.514795130901662,-0.0469084047565182,0.843427049764489,0.207676417966367,0.879999999999882,0.389999999999873,0.0200000000002092,"ok",NA
"simulated","C6",480,0.3,1,2,"R01_F02","C6_R01_F02","ANN_0","64-32",0.000125,0,0,14,39,TRUE,FALSE,0.666647339700779,0.453850716187315,0.540822436290816,800,200,200,0,0.919960379385014,0.175906428860963,0.13965893102259,0.0139457490357495,0.971865659173417,0.844641387198582,0.569644975920805,0.590275854528229,0.478496608937412,0.0400672490357504,0.965907330843331,0.320962447699177,0.900000000000091,0.25,0,"ok",NA
"simulated","C6",480,0.3,1,2,"R01_F02","C6_R01_F02","ANN_L1","64-32",0.000125,1e-05,0,14,39,TRUE,FALSE,0.671966900943522,0.431732401040452,0.547993582371179,800,200,200,0,0.920147598031704,0.17569652248942,0.13954612378113,0.0134127999966186,0.970977862002939,0.845011939951627,0.570016874665895,0.590060722104872,0.47843475030355,0.0395342999966195,0.965458525500275,0.321457322670913,0.740000000000009,0.210000000000036,0,"ok",NA
"simulated","C6",480,0.3,1,2,"R01_F02","C6_R01_F02","ANN_L2","64-32",0.000125,0,1e-05,14,39,TRUE,FALSE,0.671948421648439,0.431818352335787,0.547952845500784,800,200,200,0,0.91985722903663,0.175992242928302,0.139790866961935,0.0138568789221858,0.972363950919454,0.844489770154537,0.569469327158064,0.59035343731216,0.478495921925757,0.0399783789221867,0.966212915973834,0.320783937650373,0.6400000000001,0.360000000000127,0,"ok",NA
"simulated","C6",480,0.3,1,2,"R01_F02","C6_R01_F02","ANN_L1_L2","64-32",0.000125,1e-05,1e-05,14,39,TRUE,FALSE,0.671970859037798,0.431739553636024,0.547994715609481,800,200,200,0,0.92009399512037,0.175759467880115,0.139549640310037,0.0134748693281446,0.970900861749355,0.844900867388346,0.569775051645931,0.590189250129833,0.478531032399477,0.0395963693281455,0.965028628327791,0.321161687848236,1.31999999999994,0.389999999999873,0,"ok",NA
"simulated","C6",480,0.3,1,3,"R01_F03","C6_R01_F03","ANN_0","16",0.000125,0,0,25,50,TRUE,FALSE,0.645846563145894,0.467313767002578,0.518841098681491,800,200,200,0,0.820713861260258,0.242802934418434,0.201635893695395,-0.0198654044141383,0.793878007272076,0.625658197341163,0.479005997038763,0.688821168029657,0.567594597743712,-0.0885589044141383,0.907179473563833,0.214053632290677,0.830000000000155,0.25,0.0199999999999818,"ok",NA
"simulated","C6",480,0.3,1,3,"R01_F03","C6_R01_F03","ANN_L1","16",0.000125,0.01,0,36,61,TRUE,FALSE,0.651985758608533,0.449233095739331,0.528209338593297,800,200,200,0,0.867557304098974,0.199112446860023,0.164023382665987,-0.0257940310116008,0.985028275407179,0.748257069275304,0.463991575578916,0.694822336941869,0.573595169110427,-0.0944875310116009,1.03145642124327,0.200299284519235,0.710000000000036,0.289999999999964,0,"ok",NA
"simulated","C6",480,0.3,1,3,"R01_F03","C6_R01_F03","ANN_L2","16",0.000125,0,0.001,25,50,TRUE,FALSE,0.658011780421001,0.445329841698533,0.533402193872129,800,200,200,0,0.820533576551494,0.242893822736782,0.201707669784839,-0.0198209560909387,0.793849956026033,0.625377890474398,0.478970131532278,0.68882787238416,0.567572535817545,-0.0885144560909387,0.90727879660661,0.214038332851703,0.670000000000073,0.190000000000055,0,"ok",NA
"simulated","C6",480,0.3,1,3,"R01_F03","C6_R01_F03","ANN_L1_L2","16",0.000125,0.01,0.01,37,62,TRUE,FALSE,0.651963157121095,0.449183459151259,0.528211021780176,800,200,200,0,0.8675448114951,0.199049556085565,0.163893362382243,-0.0252431212812975,0.985119235135566,0.748416072971616,0.464205492470001,0.694664611997743,0.573380211752299,-0.0939366212812976,1.03204211200717,0.200662308066029,0.799999999999955,0.289999999999964,0,"ok",NA
"simulated","C6",480,0.3,1,4,"R01_F04","C6_R01_F04","ANN_0","32-16",0.001,0,0,3,28,TRUE,FALSE,0.647438716248828,0.503551544114733,0.52608334020099,800,200,200,0,0.909769823523508,0.218432722882436,0.177003730666583,-0.071272302322343,0.750502844261967,0.704778086654874,0.384112670544738,0.686625756909547,0.55809241725501,-0.0700383023223425,0.552602997936226,0.0408516229084571,0.429999999999836,0.0500000000001819,0,"ok",NA
"simulated","C6",480,0.3,1,4,"R01_F04","C6_R01_F04","ANN_L1","32-16",0.001,0.01,0,19,44,TRUE,FALSE,0.651057283294475,0.486757912083799,0.526601200734659,800,200,200,0,0.878802509230115,0.203196798561928,0.162103030904203,0.00863603327789228,1.23158218984759,0.744525878775051,0.368881460336529,0.652338052706341,0.529346956945147,0.00987003327789282,0.901556042483733,0.134252909926212,0.449999999999818,0.2199999999998,0,"ok",NA
"simulated","C6",480,0.3,1,4,"R01_F04","C6_R01_F04","ANN_L2","32-16",0.001,0,0.01,3,28,TRUE,FALSE,0.653155762212855,0.486057782051922,0.531586105672316,800,200,200,0,0.910543814057214,0.216093275097047,0.175042782362753,-0.0690430500967703,0.753712602547215,0.711067965986141,0.384669098046165,0.685599387081574,0.557870448936139,-0.0678090500967698,0.555297881115235,0.0437169543427849,0.400000000000091,0.0600000000001728,0,"ok",NA
"simulated","C6",480,0.3,1,4,"R01_F04","C6_R01_F04","ANN_L1_L2","32-16",0.001,0.01,1e-05,18,43,TRUE,FALSE,0.651061719814934,0.486817856835688,0.52660001878724,800,200,200,0,0.876642887036881,0.205072982932872,0.163566218396254,0.0073208257993717,1.23790765760108,0.7397863415157,0.369803478820087,0.651947033487921,0.528972495830231,0.00855482579937224,0.910689473890747,0.135290477155402,0.569999999999936,0.1400000000001,0,"ok",NA
"simulated","C6",480,0.3,1,5,"R01_F05","C6_R01_F05","ANN_0","64-32",5e-04,0,0,2,27,TRUE,FALSE,0.649174539199056,0.478702327630005,0.529984414309073,800,200,200,0,0.867905597230959,0.241558125018131,0.189459000599582,-0.134147198070251,1.09184494633892,0.635524310347907,0.475401009078485,0.678626491422722,0.542688005685244,-0.0953301980702511,1.13907475025001,0.206988306469132,0.389999999999873,0,0,"ok",NA
"simulated","C6",480,0.3,1,5,"R01_F05","C6_R01_F05","ANN_L1","64-32",5e-04,1e-05,0,2,27,TRUE,FALSE,0.652284371820341,0.478119362582237,0.530104991377402,800,200,200,0,0.867879064452925,0.241567319881222,0.189443801937528,-0.134136540637841,1.09184380084647,0.635496562427197,0.475864728075237,0.678459970480255,0.542578989821428,-0.0953195406378412,1.14021949604533,0.20737743614419,0.350000000000136,0.0199999999999818,0,"ok",NA
"simulated","C6",480,0.3,1,5,"R01_F05","C6_R01_F05","ANN_L2","64-32",5e-04,0,0.01,2,27,TRUE,FALSE,0.652239064860439,0.478121458575727,0.530033206230063,800,200,200,0,0.868346422147143,0.241820861973417,0.189557671053595,-0.134952515864269,1.0937067530072,0.634731016298605,0.475324965768902,0.678792087818105,0.542887299377022,-0.0961355158642691,1.14025542386641,0.206601242593065,0.410000000000082,0.0199999999999818,0.0199999999999818,"ok",NA
"simulated","C6",480,0.3,1,5,"R01_F05","C6_R01_F05","ANN_L1_L2","64-32",5e-04,1e-05,0.01,2,27,TRUE,FALSE,0.652190729629822,0.478384681296896,0.530086681170981,800,200,200,0,0.868358824425193,0.241837844656523,0.189497561006195,-0.134958396729049,1.09428655036991,0.634679710012045,0.475590288043186,0.678709109295268,0.542761234762189,-0.0961413967290491,1.14148041242626,0.206795207826628,0.450000000000045,0.0399999999999636,0,"ok",NA
"simulated","C6",480,0.3,2,1,"R02_F01","C6_R02_F01","ANN_0","64-32",0.000125,0,0,11,36,TRUE,FALSE,0.642783321841229,0.479015686275237,0.523923949157025,800,200,200,0,0.926170029572779,0.188216157434861,0.152052573966405,-0.0968605373992962,1.11122816355987,0.794870772948418,0.531382123415456,0.65434822570123,0.532877068073879,-0.0960495373992958,1.16748901433985,0.260624758398705,0.519999999999982,0.199999999999818,0,"ok",NA
"simulated","C6",480,0.3,2,1,"R02_F01","C6_R02_F01","ANN_L1","64-32",0.000125,0.001,0,12,37,TRUE,FALSE,0.644427877637844,0.474963826376575,0.523678027462798,800,200,200,0,0.924129371813467,0.187949899163905,0.152555883239774,-0.089082870771739,1.13833777224195,0.795450730823348,0.533642289010679,0.653224197528894,0.532664866937034,-0.0882718707717385,1.20371024713629,0.263162748913788,0.840000000000146,0.190000000000055,0,"ok",NA
"simulated","C6",480,0.3,2,1,"R02_F01","C6_R02_F01","ANN_L2","64-32",0.000125,0,1e-04,11,36,TRUE,FALSE,0.645087085245678,0.473647218638198,0.523880377691077,800,200,200,0,0.926192356955318,0.188144160615376,0.151965488727504,-0.0968018085108056,1.11086750356918,0.795027675814412,0.531271124940668,0.654373635033135,0.53293691733947,-0.0959908085108052,1.16683817174349,0.260567335164583,0.659999999999854,0.149999999999864,0,"ok",NA
"simulated","C6",480,0.3,2,1,"R02_F01","C6_R02_F01","ANN_L1_L2","64-32",0.000125,0.001,1e-04,12,37,TRUE,FALSE,0.644196044569209,0.475128114019254,0.523450882152397,800,200,200,0,0.924088408026479,0.187986952685778,0.152593807198732,-0.0890619040072459,1.13851061995732,0.795370070839345,0.533607070091818,0.653242168691007,0.532636918491039,-0.0882509040072455,1.20386693121899,0.263122205394759,0.470000000000027,0.119999999999891,0,"ok",NA
"simulated","C6",480,0.3,2,2,"R02_F02","C6_R02_F02","ANN_0","64-32",5e-04,0,0,4,29,TRUE,FALSE,0.661961071859826,0.485028904500009,0.535154659659291,800,200,200,0,0.912003268801292,0.225430328560834,0.174087247125222,-0.0946833760311596,0.743361396760944,0.67533942245882,0.464965926295731,0.63761686863239,0.508928955507703,-0.137696876031159,0.647706963494256,0.110764469280334,0.349999999999909,0.0399999999999636,0,"ok",NA
"simulated","C6",480,0.3,2,2,"R02_F02","C6_R02_F02","ANN_L1","64-32",5e-04,1e-04,0,4,29,TRUE,FALSE,0.663253936275685,0.474604601762275,0.542457913882487,800,200,200,0,0.912548651423725,0.224581113652761,0.173571799226639,-0.0946457362745877,0.744830147386236,0.677780862342699,0.465080457240014,0.637371165307307,0.508838493908379,-0.137659236274587,0.648758616065444,0.111449664546099,0.360000000000127,0.0299999999999727,0.0199999999999818,"ok",NA
"simulated","C6",480,0.3,2,2,"R02_F02","C6_R02_F02","ANN_L2","64-32",5e-04,0,1e-04,4,29,TRUE,FALSE,0.663392204142403,0.474174069908241,0.542620821004307,800,200,200,0,0.911655524922524,0.225393550616982,0.174263409971432,-0.0943076855698053,0.743564639552664,0.675445347642542,0.464802241103901,0.637534916364385,0.508927670712989,-0.137321185569805,0.647903017540919,0.110993039723966,0.309999999999945,0.00999999999999091,0,"ok",NA
"simulated","C6",480,0.3,2,2,"R02_F02","C6_R02_F02","ANN_L1_L2","64-32",5e-04,1e-04,1e-04,4,29,TRUE,FALSE,0.663531427738515,0.474093448443954,0.542694020359266,800,200,200,0,0.912534910260413,0.22463831549399,0.173592152768462,-0.0946458275813539,0.744692233391059,0.677616700050058,0.464973137075778,0.637448411322425,0.508875323174432,-0.137659327581353,0.648498578626446,0.111234276290084,0.360000000000127,0.0599999999999454,0,"ok",NA
"simulated","C6",480,0.3,2,3,"R02_F03","C6_R02_F03","ANN_0","64-32",5e-04,0,0,7,32,TRUE,FALSE,0.648885028637197,0.495522591071864,0.527076553766522,800,200,200,0,0.905603245873502,0.214764714342671,0.166132796375004,-0.066390686450373,0.767813753738348,0.7181909685929,0.405481299134594,0.663600983945011,0.541351199673535,-0.0887061864503724,0.582661756233295,0.0633279576400023,0.419999999999845,0.0800000000001546,0,"ok",NA
"simulated","C6",480,0.3,2,3,"R02_F03","C6_R02_F03","ANN_L1","64-32",5e-04,0.001,0,8,33,TRUE,FALSE,0.663821110500291,0.478919290354267,0.543111956240405,800,200,200,0,0.906904965521924,0.20225772055948,0.158521051449686,-0.062331679028229,0.804320680514136,0.750057984971021,0.406209230441052,0.656721680318331,0.537908681780722,-0.0846471790282284,0.610583425124502,0.0826475550159731,0.549999999999955,0.0499999999999545,0,"ok",NA
"simulated","C6",480,0.3,2,3,"R02_F03","C6_R02_F03","ANN_L2","64-32",5e-04,0,0.01,7,32,TRUE,FALSE,0.667669819780657,0.478573921767199,0.545468865549215,800,200,200,0,0.906271409526119,0.212586384906958,0.16449934327268,-0.0650947263750032,0.772097684920651,0.723878678469385,0.40702059165405,0.661986336886228,0.540194605726699,-0.0874102263750026,0.587703286786505,0.0678805573073521,0.529999999999973,0.0599999999999454,0,"ok",NA
"simulated","C6",480,0.3,2,3,"R02_F03","C6_R02_F03","ANN_L1_L2","64-32",5e-04,0.001,0.01,8,33,TRUE,FALSE,0.662805379558431,0.480908491405473,0.541767918960483,800,200,200,0,0.908319625304841,0.199976753309346,0.15703336216092,-0.060025332272357,0.806707499784853,0.755663653182183,0.408282430479482,0.655267982333938,0.53757374840901,-0.0823408322723564,0.614562215725745,0.0867043038175431,0.470000000000027,0.0899999999999181,0,"ok",NA
"simulated","C6",480,0.3,2,4,"R02_F04","C6_R02_F04","ANN_0","64-32",5e-04,0,0,2,27,TRUE,FALSE,0.65942797972108,0.474358871593905,0.533257027587492,800,200,200,0,0.894592679261295,0.192525851558092,0.153123659616082,0.033346739681871,1.09019377890914,0.788472449839098,0.482473687743619,0.623927133391236,0.520187996461908,0.0524812396818707,0.996960906491544,0.2273117509016,0.339999999999918,0.00999999999999091,0,"ok",NA
"simulated","C6",480,0.3,2,4,"R02_F04","C6_R02_F04","ANN_L1","64-32",5e-04,1e-04,0,2,27,TRUE,FALSE,0.66512054100114,0.468195360945071,0.538827635000749,800,200,200,0,0.894395620433183,0.192696340712125,0.153191621043017,0.0332687170427023,1.09068069051061,0.788097652164353,0.482467616958875,0.623922605045166,0.520305291759011,0.0524032170427019,0.997613379641815,0.227322966913573,0.309999999999945,0.0199999999999818,0,"ok",NA
"simulated","C6",480,0.3,2,4,"R02_F04","C6_R02_F04","ANN_L2","64-32",5e-04,0,0.01,2,27,TRUE,FALSE,0.665090260296272,0.468535681620064,0.538937746705559,800,200,200,0,0.894374780624291,0.192814430759146,0.153300199214818,0.0333881610354275,1.09225652727417,0.787837852463772,0.482177850687024,0.62404517111161,0.52039742703402,0.0525226610354271,0.998477991452177,0.227019361030913,0.409999999999854,0.0299999999999727,0,"ok",NA
"simulated","C6",480,0.3,2,4,"R02_F04","C6_R02_F04","ANN_L1_L2","64-32",5e-04,1e-05,0.01,2,27,TRUE,FALSE,0.665071026125879,0.468513687798851,0.538949998256395,800,200,200,0,0.894677264001352,0.192573724178562,0.153100650950248,0.0333687185457568,1.09239158038179,0.78836724176407,0.48247134248632,0.623929142827033,0.520349689842411,0.0525032185457565,0.998871452675507,0.22730677381423,0.420000000000073,0.00999999999999091,0,"ok",NA
"simulated","C6",480,0.3,2,5,"R02_F05","C6_R02_F05","ANN_0","64-32",0.000125,0,0,13,38,TRUE,FALSE,0.627522833213417,0.485607031350347,0.516259297305732,800,200,200,0,0.922497226223587,0.163939541224749,0.132501436740596,-0.023260589499446,0.934279990695407,0.843642573736651,0.501006386325504,0.711066956616733,0.569478690928015,0.0221154105005535,1.00505660360822,0.250275824222531,0.550000000000182,0.139999999999873,0,"ok",NA
"simulated","C6",480,0.3,2,5,"R02_F05","C6_R02_F05","ANN_L1","64-32",0.000125,0.001,0,16,41,TRUE,FALSE,0.63406371823874,0.475118067156863,0.522538192534164,800,200,200,0,0.915701540322323,0.168963170668652,0.13643889924018,-0.0164134651299975,0.943306052525057,0.833913174771618,0.49572082014198,0.71381795372175,0.570521488142747,0.028962534870002,1.01151217995283,0.244463491846439,0.6400000000001,0.200000000000045,0,"ok",NA
"simulated","C6",480,0.3,2,5,"R02_F05","C6_R02_F05","ANN_L2","64-32",0.000125,0,0.01,13,38,TRUE,FALSE,0.635470744585949,0.475288720355471,0.523569663533675,800,200,200,0,0.92242780633165,0.16367503219835,0.132428375373398,-0.0224320573102996,0.937366663443106,0.844146717955821,0.500591993849438,0.711293779983552,0.569696480739189,0.0229439426896999,1.00761888447401,0.249797438655367,0.549999999999955,0.1400000000001,0,"ok",NA
"simulated","C6",480,0.3,2,5,"R02_F05","C6_R02_F05","ANN_L1_L2","64-32",0.000125,0.001,0.01,17,42,TRUE,FALSE,0.63363255377417,0.475370684449748,0.52218095199275,800,200,200,0,0.912604002664325,0.171312242477996,0.138703303304612,-0.0123057829000034,0.946109116894934,0.829262907170148,0.492890188348246,0.715318295861702,0.571318457468485,0.033070217099996,1.0121486775755,0.241284097020111,0.509999999999991,0.25,0,"ok",NA
"simulated","C6",480,0.3,3,1,"R03_F01","C6_R03_F01","ANN_0","64-32",5e-04,0,0,3,28,TRUE,FALSE,0.663191128660581,0.461118304087971,0.543740326541347,800,200,200,0,0.910036473670966,0.181416523631126,0.144203048007001,-0.0723585237125399,1.06705979065948,0.791769409267847,0.489707527436561,0.604689546449467,0.487359375654048,-0.0526200237125395,0.997892209156165,0.234011976553606,0.429999999999836,0.0500000000001819,0,"ok",NA
"simulated","C6",480,0.3,3,1,"R03_F01","C6_R03_F01","ANN_L1","64-32",5e-04,0.001,0,3,28,TRUE,FALSE,0.667434120453978,0.46805107258523,0.544213917426611,800,200,200,0,0.908643571712834,0.193756446664962,0.152272693752997,-0.0627914489902432,1.27408828659892,0.762478365847027,0.485907861532063,0.607640412171207,0.492676287462113,-0.0430529489902428,1.1840683873075,0.226517740945315,0.450000000000045,0.0499999999999545,0,"ok",NA
"simulated","C6",480,0.3,3,1,"R03_F01","C6_R03_F01","ANN_L2","64-32",5e-04,0,0.01,3,28,TRUE,FALSE,0.668374395873594,0.469293639025809,0.544671120978207,800,200,200,0,0.910266875928084,0.181499732709835,0.144084466685478,-0.0724342360536689,1.07276296590341,0.791578350054267,0.489982651759364,0.604590495896917,0.487424156727883,-0.0526957360536685,1.00353525207824,0.23426289976994,0.419999999999845,0.0299999999999727,0.0199999999999818,"ok",NA
"simulated","C6",480,0.3,3,1,"R03_F01","C6_R03_F01","ANN_L1_L2","64-32",5e-04,0.001,1e-04,3,28,TRUE,FALSE,0.667346604243198,0.468286947793889,0.544134076698439,800,200,200,0,0.908573371265375,0.193840512723839,0.152363069687705,-0.0628453686110685,1.27427852213999,0.762272211783768,0.486040109999752,0.607607128807054,0.492614808570578,-0.0431068686110681,1.1846590202578,0.226602473251183,0.379999999999882,0.0499999999999545,0,"ok",NA
"simulated","C6",480,0.3,3,2,"R03_F02","C6_R03_F02","ANN_0","64-32",5e-04,0,0,3,28,TRUE,FALSE,0.642805134605486,0.491579920632436,0.521087508691016,800,200,200,0,0.934588051319366,0.175724270616825,0.138149242364415,-0.0506002445688881,0.9428937389077,0.858519839701013,0.478251992961332,0.663662426307817,0.538732507488464,-0.107449244568888,0.758902462025479,0.184257266014605,0.389999999999873,0.0499999999999545,0,"ok",NA
"simulated","C6",480,0.3,3,2,"R03_F02","C6_R03_F02","ANN_L1","64-32",5e-04,1e-04,0,3,28,TRUE,FALSE,0.646456461420972,0.482220385837436,0.523649011901419,800,200,200,0,0.934416899527714,0.175966381020959,0.138254968596385,-0.0506691943669524,0.94256345927458,0.858129712419458,0.478253693613916,0.663685750587138,0.538594326439127,-0.107518194366953,0.758778284720432,0.184199926786194,0.5,0.0500000000001819,0,"ok",NA
"simulated","C6",480,0.3,3,2,"R03_F02","C6_R03_F02","ANN_L2","64-32",5e-04,0,0.01,3,28,TRUE,FALSE,0.646064846354415,0.483681915038501,0.523285265792937,800,200,200,0,0.934341576684839,0.175926705877887,0.138103393649085,-0.0507269175950388,0.94453231841162,0.858193680199786,0.478242443766811,0.663532818943401,0.538641511019489,-0.107575917595039,0.760406657160048,0.184575849492903,0.419999999999845,0.0300000000002001,0.00999999999999091,"ok",NA
"simulated","C6",480,0.3,3,2,"R03_F02","C6_R03_F02","ANN_L1_L2","64-32",5e-04,1e-05,1e-05,3,28,TRUE,FALSE,0.644278061491771,0.485872021818591,0.52263976707221,800,200,200,0,0.93442786066038,0.176067095605049,0.138450372555895,-0.0508354246120572,0.941690150069204,0.857967266662268,0.477962513733742,0.663935460909359,0.538935923687021,-0.107684424612057,0.757604823759889,0.183585925288082,0.410000000000082,0.0599999999999454,0,"ok",NA
"simulated","C6",480,0.3,3,3,"R03_F03","C6_R03_F03","ANN_0","64-32",0.000125,0,0,9,34,TRUE,FALSE,0.651509644679453,0.482481355116844,0.527161599651513,800,200,200,0,0.867078988907615,0.19780302228015,0.164955083762392,-0.0100319513512592,0.885204094189375,0.738509401181307,0.464855257723556,0.64096213498501,0.523559117541823,-0.0354209513512587,0.884747745729135,0.210010989055805,0.589999999999918,0.1400000000001,0,"ok",NA
"simulated","C6",480,0.3,3,3,"R03_F03","C6_R03_F03","ANN_L1","64-32",0.000125,1e-04,0,9,34,TRUE,FALSE,0.649981535044865,0.476749242357787,0.527619812667278,800,200,200,0,0.867468510041062,0.197399916706765,0.16463832084839,-0.00999528918730562,0.88680753065975,0.739574105956874,0.465318211504562,0.640728089157092,0.523386691644174,-0.0353842891873051,0.886834684288693,0.210587809012192,0.569999999999936,0.139999999999873,0,"ok",NA
"simulated","C6",480,0.3,3,3,"R03_F03","C6_R03_F03","ANN_L2","64-32",0.000125,0,1e-05,9,34,TRUE,FALSE,0.649927831741864,0.47683754660838,0.527510908185498,800,200,200,0,0.867323892983623,0.197608120029423,0.164772503932242,-0.00998642820240086,0.885571781999274,0.739024459008168,0.464907593132501,0.640933885046119,0.523532080842385,-0.0353754282024003,0.88496493816206,0.21008062390086,0.75,0.130000000000109,0,"ok",NA
"simulated","C6",480,0.3,3,3,"R03_F03","C6_R03_F03","ANN_L1_L2","64-32",0.000125,1e-04,1e-05,9,34,TRUE,FALSE,0.649973162725129,0.476772541642141,0.527614073984771,800,200,200,0,0.867443503560161,0.19743662575453,0.16467551493248,-0.00997863543141335,0.886576891395162,0.739477237876642,0.465360011411963,0.64071521924115,0.523362029777318,-0.0353676354314128,0.88670924344521,0.210619521580059,0.649999999999864,0.1099999999999,0,"ok",NA
"simulated","C6",480,0.3,3,4,"R03_F04","C6_R03_F04","ANN_0","16-8",0.000125,0,0,24,49,TRUE,FALSE,0.644076279965072,0.464959391643855,0.518975399342159,800,200,200,0,0.878476243881086,0.189240757794399,0.151622487415642,-0.0172801817368175,0.930293954607783,0.765431939302437,0.483864966444123,0.684248822909829,0.566059492504351,0.0425133182631829,1.0232813974461,0.231035674418955,0.740000000000009,0.289999999999964,0,"ok",NA
"simulated","C6",480,0.3,3,4,"R03_F04","C6_R03_F04","ANN_L1","16-8",0.000125,0.001,0,25,50,TRUE,FALSE,0.665987473572472,0.432879934635552,0.537873386769845,800,200,200,0,0.877695723099542,0.190010258230737,0.152070523381205,-0.0196971067803108,0.930571327808487,0.763520435599072,0.48377280667032,0.684147283453128,0.5663837081319,0.0400963932196895,1.0243016228815,0.231263879200171,0.690000000000055,0.2800000000002,0,"ok",NA
"simulated","C6",480,0.3,3,4,"R03_F04","C6_R03_F04","ANN_L2","16-8",0.000125,0,0.01,24,49,TRUE,FALSE,0.665962843725378,0.435270321873242,0.537128948210054,800,200,200,0,0.877401793363331,0.189963689956971,0.151590916773481,-0.0175591466503618,0.931385149537523,0.763636335611172,0.483982124678269,0.684194022708346,0.566432362171132,0.0422343533496385,1.02598458608383,0.231158839300302,0.779999999999973,0.309999999999945,0,"ok",NA
"simulated","C6",480,0.3,3,4,"R03_F04","C6_R03_F04","ANN_L1_L2","16-8",0.000125,0.001,0.01,25,50,TRUE,FALSE,0.663643641749707,0.433286733523511,0.534748159460161,800,200,200,0,0.878602398655912,0.189335276325703,0.151651523797471,-0.0200114852873663,0.93190536464545,0.76519756521054,0.485194667531433,0.683533194952727,0.565876955629625,0.039782014712634,1.02772322135691,0.232643290206674,0.759999999999991,0.330000000000155,0,"ok",NA
"simulated","C6",480,0.3,3,5,"R03_F05","C6_R03_F05","ANN_0","64-32",0.00025,0,0,5,30,TRUE,FALSE,0.65089864406031,0.471553928062977,0.52879917295827,800,200,200,0,0.913646850243395,0.218744142277006,0.171728493761519,-0.12460583673826,1.25557472600464,0.704169341511368,0.455236389770158,0.669246176317397,0.539957603854388,-0.12190733673826,1.14720590276085,0.176503578965802,0.410000000000082,0.0599999999999454,0,"ok",NA
"simulated","C6",480,0.3,3,5,"R03_F05","C6_R03_F05","ANN_L1","64-32",0.00025,1e-04,0,5,30,TRUE,FALSE,0.650951308470654,0.464424553258238,0.529444465849768,800,200,200,0,0.91330610483672,0.218561366215895,0.171586184062512,-0.124240542428073,1.25311474561581,0.704663509464815,0.456548208251589,0.668726029019562,0.539561770436161,-0.121542042428073,1.14868598213687,0.177783146926561,0.369999999999891,0.0599999999999454,0,"ok",NA
"simulated","C6",480,0.3,3,5,"R03_F05","C6_R03_F05","ANN_L2","64-32",0.00025,0,0.001,5,30,TRUE,FALSE,0.651005286444137,0.464145258783841,0.529448154296485,800,200,200,0,0.913431585782764,0.218842007849488,0.17180841657054,-0.124567241616399,1.25532969600461,0.703904574529328,0.455149110746966,0.669268054816928,0.539962346168217,-0.121868741616399,1.14703237161756,0.176449735817509,0.379999999999882,0.0499999999999545,0,"ok",NA
"simulated","C6",480,0.3,3,5,"R03_F05","C6_R03_F05","ANN_L1_L2","64-32",0.00025,1e-04,0.01,5,30,TRUE,FALSE,0.649476616384499,0.464065818568178,0.528545426533071,800,200,200,0,0.913710431474876,0.218749640034822,0.171507171224027,-0.124310231556667,1.25826487907973,0.704154470934847,0.456688458515127,0.668764150454912,0.539464038223998,-0.121611731556667,1.15325069890948,0.177689401570019,0.450000000000045,0.0599999999999454,0,"ok",NA
"simulated","C6",480,0.3,4,1,"R04_F01","C6_R04_F01","ANN_0","64-32",0.00025,0,0,8,33,TRUE,FALSE,0.643303499658536,0.487332268738371,0.523963847202073,800,200,200,0,0.922842794164664,0.166535423714547,0.130747497349907,0.0803765612463126,1.00065103347766,0.806583975939128,0.447024021339795,0.658201207875416,0.526098825017618,0.0759520612463122,0.935018961058532,0.188053749698164,0.410000000000082,0.0799999999999272,0.00999999999999091,"ok",NA
"simulated","C6",480,0.3,4,1,"R04_F01","C6_R04_F01","ANN_L1","64-32",0.00025,0.001,0,12,37,TRUE,FALSE,0.641191594910554,0.488614212787834,0.520830417900191,800,200,200,0,0.922999919485336,0.150605161951607,0.120504686786569,0.0311773866181708,0.94113665772796,0.841817325675236,0.450496974211018,0.654054480647265,0.52478263429397,0.0267528866181704,0.886089395442674,0.198252192467527,0.5,0.1400000000001,0,"ok",NA
"simulated","C6",480,0.3,4,1,"R04_F01","C6_R04_F01","ANN_L2","64-32",0.00025,0,0.01,8,33,TRUE,FALSE,0.643200613289421,0.483773246715528,0.522454599608656,800,200,200,0,0.923034621268381,0.166469895569905,0.13118578486315,0.0805521544886066,1.00247650861033,0.806736156170884,0.445803527944817,0.658674392217375,0.526627716835063,0.0761276544886063,0.933973058399395,0.186885905126149,0.660000000000082,0.1099999999999,0,"ok",NA
"simulated","C6",480,0.3,4,1,"R04_F01","C6_R04_F01","ANN_L1_L2","64-32",0.00025,0.001,0.01,12,37,TRUE,FALSE,0.641014133098169,0.488922066498885,0.520687999620411,800,200,200,0,0.923323129674741,0.150554350809416,0.120557859102197,0.0355061757310411,0.955957410474734,0.841924042953949,0.45239124919944,0.653131582873611,0.52452564970264,0.0310816757310407,0.903511446249719,0.200513194423041,0.630000000000109,0.129999999999882,0,"ok",NA
"simulated","C6",480,0.3,4,2,"R04_F02","C6_R04_F02","ANN_0","64-32",0.000125,0,0,11,36,TRUE,FALSE,0.654500169931687,0.463946823485072,0.532531020077377,800,200,200,0,0.897781673133296,0.196285048402747,0.157380108513957,-0.0538334894072977,0.976866272375364,0.789744594525571,0.478496993077864,0.658549210630188,0.523257487366313,-0.0411989894072975,0.909040821960859,0.22362845325216,0.5,0.100000000000136,0,"ok",NA
"simulated","C6",480,0.3,4,2,"R04_F02","C6_R04_F02","ANN_L1","64-32",0.000125,0.001,0,12,37,TRUE,FALSE,0.650786935103134,0.472849636753468,0.531674870920006,800,200,200,0,0.89851471278179,0.193905699639851,0.15372549001351,-0.0476190262419949,1.01348479519006,0.794811091688636,0.478076821318398,0.657761480953007,0.523478665522465,-0.0349845262419947,0.941519949910364,0.22548467031218,0.6400000000001,0.129999999999882,0,"ok",NA
"simulated","C6",480,0.3,4,2,"R04_F02","C6_R04_F02","ANN_L2","64-32",0.000125,0,1e-05,11,36,TRUE,FALSE,0.661936832565646,0.455544593485077,0.541317426596251,800,200,200,0,0.897674697662667,0.196344593470555,0.157422826415449,-0.0537250957346007,0.976885092213613,0.7896170089406,0.478167362132574,0.65868662476679,0.523358414162035,-0.0410905957346005,0.908540352946184,0.223304421108338,0.599999999999909,0.110000000000127,0,"ok",NA
"simulated","C6",480,0.3,4,2,"R04_F02","C6_R04_F02","ANN_L1_L2","64-32",0.000125,0.001,1e-04,12,37,TRUE,FALSE,0.650751889516621,0.472942847088041,0.531638578706614,800,200,200,0,0.898534648524434,0.193919230011953,0.153783629678877,-0.0477420853595144,1.01350460258113,0.794782455303549,0.477753563723347,0.657907453270581,0.523634321685415,-0.0351075853595142,0.940880842214292,0.225140866833258,0.589999999999918,0.189999999999827,0,"ok",NA
"simulated","C6",480,0.3,4,3,"R04_F03","C6_R04_F03","ANN_0","64-32",5e-04,0,0,2,27,TRUE,FALSE,0.642625994788606,0.488494844177963,0.524577471373257,800,200,200,0,0.917154346237862,0.151896714589582,0.120413796937254,-0.0178165022327893,1.10787945374176,0.830869377908258,0.481947453185392,0.651065964106442,0.529253864596773,0.0244774977672106,1.16677969288573,0.226434157619488,0.429999999999836,0.0299999999999727,0,"ok",NA
"simulated","C6",480,0.3,4,3,"R04_F03","C6_R04_F03","ANN_L1","64-32",5e-04,0.001,0,2,27,TRUE,FALSE,0.64560722458142,0.495479240873566,0.529394730453849,800,200,200,0,0.916147771361163,0.15841035852363,0.12531055362521,-0.00795252759434845,1.1973947400457,0.81605302975165,0.485119812104136,0.652717121768371,0.531466099838042,0.0343414724056515,1.2707494209382,0.222505527092066,0.439999999999827,0.0299999999999727,0,"ok",NA
"simulated","C6",480,0.3,4,3,"R04_F03","C6_R04_F03","ANN_L2","64-32",5e-04,0,0.01,2,27,TRUE,FALSE,0.647009218636385,0.500292023631298,0.528859191457326,800,200,200,0,0.917036592256309,0.152035476492844,0.120504277747115,-0.0177824920419257,1.10865757483036,0.83056022564216,0.481599672449585,0.6512079639323,0.529417215507289,0.0245115079580742,1.16690644483262,0.226096685842767,0.3599999999999,0.0300000000002001,0,"ok",NA
"simulated","C6",480,0.3,4,3,"R04_F03","C6_R04_F03","ANN_L1_L2","64-32",5e-04,0.001,0.01,2,27,TRUE,FALSE,0.645417588576873,0.49572679912152,0.529219184489781,800,200,200,0,0.915624295361316,0.15996136333415,0.126441771603683,-0.00636052948758426,1.21193565890393,0.812433325263169,0.484199032860609,0.653519533303475,0.532174375986937,0.0359334705124157,1.28447384761023,0.220592741331279,0.319999999999936,0.0399999999999636,0,"ok",NA
"simulated","C6",480,0.3,4,4,"R04_F04","C6_R04_F04","ANN_0","64-32",5e-04,0,0,5,30,TRUE,FALSE,0.659782051593351,0.459168036631041,0.535937998472384,800,200,200,0,0.915563771823271,0.219064822313521,0.17896507469206,0.0201475638983978,0.748981055648405,0.741917885267908,0.484658630401545,0.660417063018494,0.549823110787791,0.0110645638983979,0.669506746420218,0.17742473646859,0.470000000000027,0.0799999999999272,0,"ok",NA
"simulated","C6",480,0.3,4,4,"R04_F04","C6_R04_F04","ANN_L1","64-32",5e-04,1e-04,0,5,30,TRUE,FALSE,0.670137950435661,0.437379723713892,0.544146220424695,800,200,200,0,0.915088668654395,0.219272049841686,0.17943983827181,0.020391408722728,0.749318028007532,0.741429381326142,0.483561726948032,0.660923442991576,0.550426351551219,0.0113084087227281,0.668638989347506,0.176162820766749,0.490000000000009,0.0699999999999363,0,"ok",NA
"simulated","C6",480,0.3,4,4,"R04_F04","C6_R04_F04","ANN_L2","64-32",5e-04,0,0.01,5,30,TRUE,FALSE,0.670329534560544,0.436719299038274,0.54408979942951,800,200,200,0,0.915476714578068,0.218287745852663,0.178661326497726,0.020367524596641,0.751011722527662,0.743745598500038,0.484052985358636,0.660384284929527,0.549929520507461,0.0112845245966411,0.670546793473717,0.177506387224071,0.440000000000055,0.0799999999999272,0,"ok",NA
"simulated","C6",480,0.3,4,4,"R04_F04","C6_R04_F04","ANN_L1_L2","64-32",5e-04,0.001,0.01,6,31,TRUE,FALSE,0.669632226003423,0.437144028633506,0.543872392616901,800,200,200,0,0.911367568490351,0.200046358167779,0.16231701526208,0.00473306797143756,0.81002491907412,0.784784314669178,0.483191987336034,0.651325488953459,0.542360072094692,-0.00434993202856234,0.725205863659956,0.199916668495618,0.620000000000118,0.1099999999999,0,"ok",NA
"simulated","C6",480,0.3,4,5,"R04_F05","C6_R04_F05","ANN_0","32",0.000125,0,0,9,34,TRUE,FALSE,0.651759689447889,0.467763034467393,0.525150516271195,800,200,200,0,0.898666849480003,0.226504566256385,0.180149440763584,0.0645170069403557,0.784465249427382,0.724265529710071,0.457116576542139,0.663336238209866,0.540634585231666,0.0230885069403567,0.668072564621525,0.156352101919206,0.439999999999827,0.110000000000127,0.0199999999999818,"ok",NA
"simulated","C6",480,0.3,4,5,"R04_F05","C6_R04_F05","ANN_L1","32",0.000125,0.01,0,19,44,TRUE,FALSE,0.660852078359431,0.452671636443892,0.534818701200474,800,200,200,0,0.89489850857636,0.196300961242647,0.156016769691757,0.038434221888547,0.997481478014212,0.792899097739431,0.454711189327127,0.645883904470508,0.529083198001445,-0.002994278111452,0.848571370920702,0.200160761932033,0.579999999999927,0.220000000000027,0,"ok",NA
"simulated","C6",480,0.3,4,5,"R04_F05","C6_R04_F05","ANN_L2","32",0.000125,0,0.01,9,34,TRUE,FALSE,0.662799952169858,0.468273013412522,0.536200932180031,800,200,200,0,0.898704682969689,0.226273338616965,0.180000651086914,0.0644006286054018,0.785047902265521,0.72482821052728,0.457236222609568,0.663182401549566,0.540559669062707,0.0229721286054028,0.668715607184197,0.156743363298591,0.3599999999999,0.0899999999999181,0,"ok",NA
"simulated","C6",480,0.3,4,5,"R04_F05","C6_R04_F05","ANN_L1_L2","32",0.000125,0.01,0.001,19,44,TRUE,FALSE,0.6607995488371,0.45293181189575,0.534793957431835,800,200,200,0,0.894880437076481,0.196338222210717,0.156047581941595,0.0385476327951252,0.997643401714596,0.792820468348724,0.454676915836425,0.645891812511839,0.529096777620003,-0.00288086720487378,0.848662288706797,0.200141175748103,0.419999999999845,0.160000000000082,0.00999999999999091,"ok",NA
"simulated","C6",480,0.3,5,1,"R05_F01","C6_R05_F01","ANN_0","32-16",0.00025,0,0,6,31,TRUE,FALSE,0.645812890796184,0.451102561504893,0.528964626953474,800,200,200,0,0.896184703828646,0.201983754981667,0.167806559507396,-0.0854263590793656,1.17089992292555,0.73942738599334,0.486332058839831,0.69353494805002,0.575140767627099,-0.0841703590793658,1.25705745310296,0.215066921064689,0.509999999999991,0.0899999999999181,0,"ok",NA
"simulated","C6",480,0.3,5,1,"R05_F01","C6_R05_F01","ANN_L1","32-16",0.00025,0.001,0,6,31,TRUE,FALSE,0.651260165601852,0.434388613178956,0.53114193707416,800,200,200,0,0.89347631934435,0.208318854838319,0.17294744179799,-0.0858345730941757,1.23254977296269,0.722825645134202,0.486871631684656,0.695390398861465,0.576717352556454,-0.0845785730941759,1.32872733007399,0.210861356743196,0.470000000000027,0.0799999999999272,0,"ok",NA
"simulated","C6",480,0.3,5,1,"R05_F01","C6_R05_F01","ANN_L2","32-16",0.00025,0,0.01,6,31,TRUE,FALSE,0.651628991656476,0.433743516269383,0.531790164075644,800,200,200,0,0.896303850249434,0.202041341330587,0.167720991523772,-0.0851928465864678,1.17445768635993,0.739278784294923,0.486334944830337,0.693604690969988,0.575068692749701,-0.0839368465864679,1.26071687688011,0.214909045019354,0.529999999999973,0.110000000000127,0,"ok",NA
"simulated","C6",480,0.3,5,1,"R05_F01","C6_R05_F01","ANN_L1_L2","32-16",0.00025,0.001,1e-04,6,31,TRUE,FALSE,0.651005877842535,0.435102083715334,0.530960077933086,800,200,200,0,0.893461472642669,0.208310132586982,0.172931436633306,-0.0858068445186846,1.23245697999745,0.722848855071463,0.486808751591665,0.695405049469875,0.576727785251805,-0.0845508445186847,1.32847777746006,0.210828104966781,0.539999999999964,0.0799999999999272,0,"ok",NA
"simulated","C6",480,0.3,5,2,"R05_F02","C6_R05_F02","ANN_0","32",5e-04,0,0,6,31,TRUE,FALSE,0.6582670889511,0.494527829691661,0.536455282209495,800,200,200,0,0.816804332911124,0.245225450032324,0.199785906928679,0.0305647164245611,0.859513442252065,0.643812162103716,0.404094892808275,0.630116249542783,0.5116625826777,0.00183271642456134,0.700507408343489,0.133437476029574,0.399999999999864,0.0599999999999454,0,"ok",NA
"simulated","C6",480,0.3,5,2,"R05_F02","C6_R05_F02","ANN_L1","32",5e-04,0.01,0,7,32,TRUE,FALSE,0.666362387557099,0.472709903270047,0.543955547214096,800,200,200,0,0.905042713536164,0.177976997162642,0.148933621356614,0.0113024520636481,0.92137782260905,0.812381458304544,0.420873635133554,0.625638106161364,0.508598745686892,-0.0174295479363516,0.705854406309185,0.14571077270757,0.6099999999999,0.100000000000136,0.0199999999999818,"ok",NA
"simulated","C6",480,0.3,5,2,"R05_F02","C6_R05_F02","ANN_L2","32",5e-04,0,1e-05,6,31,TRUE,FALSE,0.699631737606745,0.416572340095005,0.570015899819262,800,200,200,0,0.816795428276585,0.245229560360002,0.199788789682761,0.0305565682667631,0.859510961377882,0.643800221573087,0.404095681155984,0.630115314358967,0.511663338955992,0.00182456826676336,0.700514389899063,0.133440048236359,0.420000000000073,0.0799999999999272,0,"ok",NA
"simulated","C6",480,0.3,5,2,"R05_F02","C6_R05_F02","ANN_L1_L2","32",5e-04,0.01,1e-05,7,32,TRUE,FALSE,0.665490031354693,0.475424157873915,0.542351804107909,800,200,200,0,0.905043140292736,0.177976618652054,0.148933231176419,0.0113021723515389,0.921377784583961,0.812382256334966,0.42087385712009,0.625638056292504,0.508598606284032,-0.0174298276484608,0.705854416643213,0.145710908896294,0.349999999999909,0.0899999999999181,0,"ok",NA
"simulated","C6",480,0.3,5,3,"R05_F03","C6_R05_F03","ANN_0","64-32",0.000125,0,0,11,36,TRUE,FALSE,0.66235356233926,0.441004158768533,0.540335381047538,800,200,200,0,0.897364583242376,0.193585464169075,0.15347877865597,0.0182293573188732,1.14439905082501,0.790585535037724,0.494289123005653,0.635492054792637,0.51399413706729,0.0542608573188738,1.08429895506326,0.237284459171004,0.610000000000127,0.150000000000091,0,"ok",NA
"simulated","C6",480,0.3,5,3,"R05_F03","C6_R05_F03","ANN_L1","64-32",0.000125,0.001,0,12,37,TRUE,FALSE,0.663189571613403,0.440482880101683,0.535435905206504,800,200,200,0,0.894846793206527,0.201307747295625,0.159384191166751,0.0175654862673736,1.21711964329335,0.773544868556111,0.496588394999546,0.635864312448165,0.51536400581378,0.0535969862673742,1.16182461443978,0.236390632549519,0.679999999999836,0.189999999999827,0,"ok",NA
"simulated","C6",480,0.3,5,3,"R05_F03","C6_R05_F03","ANN_L2","64-32",0.000125,0,0.01,11,36,TRUE,FALSE,0.665633617497791,0.437662171605246,0.536256452532324,800,200,200,0,0.897794016081206,0.193481900381923,0.153402902942105,0.0180035597840155,1.1481062265017,0.790809538982884,0.495070583578424,0.635217580435476,0.51358641432472,0.0540350597840161,1.08901010411778,0.237943163389474,0.610000000000127,0.160000000000082,0,"ok",NA
"simulated","C6",480,0.3,5,3,"R05_F03","C6_R05_F03","ANN_L1_L2","64-32",0.000125,0.001,1e-05,12,37,TRUE,FALSE,0.663188463811831,0.440493523830306,0.535425395490628,800,200,200,0,0.894863354801494,0.201217150209278,0.15933188515641,0.0174662271205478,1.2163118567302,0.773748651657307,0.4965586805603,0.635849766719885,0.515345475505048,0.0534977271205484,1.16096256552894,0.236425568076208,0.689999999999827,0.1400000000001,0.0199999999999818,"ok",NA
"simulated","C6",480,0.3,5,4,"R05_F04","C6_R05_F04","ANN_0","64-32",5e-04,0,0,7,32,TRUE,FALSE,0.643601541046663,0.492892503902365,0.519762081197158,800,200,200,0,0.924006858658149,0.202600065051174,0.163643217495498,-0.0523034800897993,0.759909571182111,0.752035732485791,0.449835283180341,0.675004493004636,0.559121346610231,-0.0524834800897994,0.663897147854525,0.145322767226963,0.480000000000018,0.0999999999999091,0,"ok",NA
"simulated","C6",480,0.3,5,4,"R05_F04","C6_R05_F04","ANN_L1","64-32",5e-04,1e-04,0,7,32,TRUE,FALSE,0.652367359087196,0.488927383147476,0.525067814323396,800,200,200,0,0.923165935558614,0.203285024990423,0.163751291132886,-0.0514943836088856,0.759066875893975,0.750356239435335,0.44903377577668,0.675395217479044,0.559742737166278,-0.0516743836088857,0.662582323043327,0.144333025774561,0.420000000000073,0.0899999999999181,0,"ok",NA
"simulated","C6",480,0.3,5,4,"R05_F04","C6_R05_F04","ANN_L2","64-32",5e-04,0,1e-04,6,31,TRUE,FALSE,0.652412112894335,0.48890279282517,0.525103625508211,800,200,200,0,0.929337479737907,0.214876516781222,0.17205126212231,-0.0330454056228057,0.715913227802539,0.721074736676501,0.440714160256348,0.687932294977313,0.565947074633753,-0.0332254056228058,0.609262580767901,0.112271416479485,0.519999999999982,0.0599999999999454,0,"ok",NA
"simulated","C6",480,0.3,5,4,"R05_F04","C6_R05_F04","ANN_L1_L2","64-32",5e-04,1e-05,1e-04,7,32,TRUE,FALSE,0.652331138227706,0.489088485313643,0.525040603801459,800,200,200,0,0.92314847914255,0.202719094864214,0.163256972322977,-0.0515875439518002,0.760647961135535,0.751744283313417,0.450401330878888,0.674415870788421,0.558868724524484,-0.0517675439518003,0.665997162212619,0.146812720735543,0.5,0.0800000000001546,0,"ok",NA
"simulated","C6",480,0.3,5,5,"R05_F05","C6_R05_F05","ANN_0","32-16",5e-04,0,0,13,38,TRUE,FALSE,0.646425763002173,0.463526136721605,0.528692019964305,800,200,200,0,0.823315478286444,0.239056926783392,0.198614350252374,0.0277804607253701,0.838340984379023,0.647888055211313,0.476744160954917,0.658445424888863,0.528720303141173,0.0193974607253704,0.900582381319255,0.223841583484016,0.470000000000027,0.1099999999999,0,"ok",NA
"simulated","C6",480,0.3,5,5,"R05_F05","C6_R05_F05","ANN_L1","32-16",5e-04,1e-04,0,13,38,TRUE,FALSE,0.649397502856277,0.46235194804915,0.528424546080046,800,200,200,0,0.826048178087424,0.236998451541324,0.194868814213347,0.0276113311296121,0.842819212790737,0.653925889894909,0.484148846275589,0.655066057877477,0.52636166523839,0.0192283311296124,0.916413749262176,0.231788159396923,0.450000000000045,0.190000000000055,0,"ok",NA
"simulated","C6",480,0.3,5,5,"R05_F05","C6_R05_F05","ANN_L2","32-16",5e-04,0,0.001,13,38,TRUE,FALSE,0.649519224375334,0.462057374382365,0.528620035248987,800,200,200,0,0.823552047750397,0.23887380502738,0.197445180222479,0.0275356449571875,0.838558020722908,0.648427296323095,0.478710493291205,0.657555247688071,0.528997385249039,0.0191526449571878,0.904271115780538,0.225938800538248,0.549999999999955,0.149999999999864,0,"ok",NA
"simulated","C6",480,0.3,5,5,"R05_F05","C6_R05_F05","ANN_L1_L2","32-16",5e-04,0.001,0.01,13,38,TRUE,FALSE,0.64925847256542,0.463013962582872,0.527341910313289,800,200,200,0,0.856226068477184,0.212286327071189,0.172933091989365,0.0124884450252287,0.896232785627319,0.722334360624889,0.503230361684128,0.645927465563506,0.520037143289994,0.00410544502522903,0.977198659049002,0.253072747016496,0.779999999999973,0.160000000000082,0,"ok",NA
