"SplitID","Repetition","OuterFold","ID","InnerFold"
"R01_F01",1,1,1,1
"R01_F01",1,1,2,3
"R01_F01",1,1,3,3
"R01_F01",1,1,4,3
"R01_F01",1,1,5,4
"R01_F01",1,1,6,4
"R01_F01",1,1,7,3
"R01_F01",1,1,8,2
"R01_F01",1,1,9,4
"R01_F01",1,1,10,3
"R01_F01",1,1,11,3
"R01_F01",1,1,12,1
"R01_F01",1,1,14,2
"R01_F01",1,1,15,4
"R01_F01",1,1,17,2
"R01_F01",1,1,18,3
"R01_F01",1,1,19,3
"R01_F01",1,1,20,1
"R01_F01",1,1,21,1
"R01_F01",1,1,22,3
"R01_F01",1,1,24,2
"R01_F01",1,1,26,3
"R01_F01",1,1,29,1
"R01_F01",1,1,30,1
"R01_F01",1,1,32,2
"R01_F01",1,1,34,1
"R01_F01",1,1,35,1
"R01_F01",1,1,36,3
"R01_F01",1,1,38,3
"R01_F01",1,1,39,3
"R01_F01",1,1,40,3
"R01_F01",1,1,41,3
"R01_F01",1,1,42,3
"R01_F01",1,1,43,2
"R01_F01",1,1,44,4
"R01_F01",1,1,45,1
"R01_F01",1,1,46,3
"R01_F01",1,1,47,1
"R01_F01",1,1,48,3
"R01_F01",1,1,49,2
"R01_F01",1,1,50,3
"R01_F01",1,1,51,3
"R01_F01",1,1,52,1
"R01_F01",1,1,53,2
"R01_F01",1,1,54,1
"R01_F01",1,1,55,2
"R01_F01",1,1,56,4
"R01_F01",1,1,58,2
"R01_F01",1,1,59,2
"R01_F01",1,1,60,1
"R01_F01",1,1,61,3
"R01_F01",1,1,62,3
"R01_F01",1,1,64,2
"R01_F01",1,1,65,4
"R01_F01",1,1,66,2
"R01_F01",1,1,67,2
"R01_F01",1,1,69,4
"R01_F01",1,1,70,4
"R01_F01",1,1,71,2
"R01_F01",1,1,72,2
"R01_F01",1,1,73,3
"R01_F01",1,1,74,2
"R01_F01",1,1,75,2
"R01_F01",1,1,77,4
"R01_F01",1,1,78,4
"R01_F01",1,1,79,3
"R01_F01",1,1,80,3
"R01_F01",1,1,81,1
"R01_F01",1,1,83,1
"R01_F01",1,1,85,4
"R01_F01",1,1,86,3
"R01_F01",1,1,88,4
"R01_F01",1,1,89,1
"R01_F01",1,1,91,2
"R01_F01",1,1,92,3
"R01_F01",1,1,93,4
"R01_F01",1,1,95,3
"R01_F01",1,1,96,4
"R01_F01",1,1,97,1
"R01_F01",1,1,98,1
"R01_F01",1,1,99,4
"R01_F01",1,1,100,4
"R01_F01",1,1,102,4
"R01_F01",1,1,103,4
"R01_F01",1,1,105,2
"R01_F01",1,1,106,1
"R01_F01",1,1,108,3
"R01_F01",1,1,109,2
"R01_F01",1,1,112,1
"R01_F01",1,1,113,3
"R01_F01",1,1,114,3
"R01_F01",1,1,115,3
"R01_F01",1,1,117,3
"R01_F01",1,1,118,3
"R01_F01",1,1,119,2
"R01_F01",1,1,120,2
"R01_F01",1,1,122,4
"R01_F01",1,1,123,3
"R01_F01",1,1,124,2
"R01_F01",1,1,125,2
"R01_F01",1,1,126,1
"R01_F01",1,1,127,4
"R01_F01",1,1,128,2
"R01_F01",1,1,130,3
"R01_F01",1,1,131,1
"R01_F01",1,1,132,2
"R01_F01",1,1,133,2
"R01_F01",1,1,134,4
"R01_F01",1,1,135,1
"R01_F01",1,1,136,1
"R01_F01",1,1,137,4
"R01_F01",1,1,138,3
"R01_F01",1,1,139,1
"R01_F01",1,1,140,4
"R01_F01",1,1,141,4
"R01_F01",1,1,142,1
"R01_F01",1,1,143,1
"R01_F01",1,1,144,1
"R01_F01",1,1,145,1
"R01_F01",1,1,146,3
"R01_F01",1,1,147,4
"R01_F01",1,1,148,3
"R01_F01",1,1,149,4
"R01_F01",1,1,150,3
"R01_F01",1,1,151,3
"R01_F01",1,1,152,2
"R01_F01",1,1,155,2
"R01_F01",1,1,156,3
"R01_F01",1,1,157,4
"R01_F01",1,1,158,1
"R01_F01",1,1,160,3
"R01_F01",1,1,161,2
"R01_F01",1,1,162,4
"R01_F01",1,1,163,4
"R01_F01",1,1,164,3
"R01_F01",1,1,165,1
"R01_F01",1,1,166,2
"R01_F01",1,1,167,4
"R01_F01",1,1,168,2
"R01_F01",1,1,169,1
"R01_F01",1,1,170,3
"R01_F01",1,1,171,4
"R01_F01",1,1,173,3
"R01_F01",1,1,174,4
"R01_F01",1,1,175,4
"R01_F01",1,1,176,4
"R01_F01",1,1,177,4
"R01_F01",1,1,178,1
"R01_F01",1,1,179,3
"R01_F01",1,1,180,3
"R01_F01",1,1,181,4
"R01_F01",1,1,183,4
"R01_F01",1,1,184,2
"R01_F01",1,1,185,4
"R01_F01",1,1,186,2
"R01_F01",1,1,187,4
"R01_F01",1,1,188,2
"R01_F01",1,1,189,1
"R01_F01",1,1,190,2
"R01_F01",1,1,191,2
"R01_F01",1,1,194,4
"R01_F01",1,1,197,4
"R01_F01",1,1,198,4
"R01_F01",1,1,199,1
"R01_F01",1,1,200,2
"R01_F01",1,1,201,1
"R01_F01",1,1,203,3
"R01_F01",1,1,204,4
"R01_F01",1,1,205,3
"R01_F01",1,1,206,4
"R01_F01",1,1,207,4
"R01_F01",1,1,208,4
"R01_F01",1,1,212,3
"R01_F01",1,1,213,1
"R01_F01",1,1,214,1
"R01_F01",1,1,215,4
"R01_F01",1,1,217,3
"R01_F01",1,1,218,2
"R01_F01",1,1,219,2
"R01_F01",1,1,220,1
"R01_F01",1,1,221,4
"R01_F01",1,1,222,1
"R01_F01",1,1,223,4
"R01_F01",1,1,224,3
"R01_F01",1,1,226,1
"R01_F01",1,1,227,3
"R01_F01",1,1,230,4
"R01_F01",1,1,231,3
"R01_F01",1,1,232,4
"R01_F01",1,1,234,4
"R01_F01",1,1,237,3
"R01_F01",1,1,241,3
"R01_F01",1,1,242,4
"R01_F01",1,1,243,4
"R01_F01",1,1,245,3
"R01_F01",1,1,248,1
"R01_F01",1,1,249,3
"R01_F01",1,1,250,1
"R01_F01",1,1,251,3
"R01_F01",1,1,252,1
"R01_F01",1,1,253,2
"R01_F01",1,1,255,4
"R01_F01",1,1,256,4
"R01_F01",1,1,257,1
"R01_F01",1,1,258,1
"R01_F01",1,1,260,4
"R01_F01",1,1,261,2
"R01_F01",1,1,262,1
"R01_F01",1,1,264,2
"R01_F01",1,1,265,1
"R01_F01",1,1,266,1
"R01_F01",1,1,267,2
"R01_F01",1,1,268,4
"R01_F01",1,1,270,2
"R01_F01",1,1,271,4
"R01_F01",1,1,272,1
"R01_F01",1,1,273,2
"R01_F01",1,1,274,3
"R01_F01",1,1,275,1
"R01_F01",1,1,276,2
"R01_F01",1,1,277,3
"R01_F01",1,1,278,4
"R01_F01",1,1,279,2
"R01_F01",1,1,280,3
"R01_F01",1,1,281,2
"R01_F01",1,1,282,1
"R01_F01",1,1,284,4
"R01_F01",1,1,285,4
"R01_F01",1,1,286,3
"R01_F01",1,1,287,4
"R01_F01",1,1,289,2
"R01_F01",1,1,291,2
"R01_F01",1,1,293,4
"R01_F01",1,1,294,1
"R01_F01",1,1,296,3
"R01_F01",1,1,297,4
"R01_F01",1,1,298,2
"R01_F01",1,1,299,1
"R01_F01",1,1,300,3
"R01_F01",1,1,301,1
"R01_F01",1,1,303,1
"R01_F01",1,1,306,1
"R01_F01",1,1,308,4
"R01_F01",1,1,309,3
"R01_F01",1,1,310,3
"R01_F01",1,1,311,1
"R01_F01",1,1,312,3
"R01_F01",1,1,313,2
"R01_F01",1,1,315,1
"R01_F01",1,1,316,2
"R01_F01",1,1,317,2
"R01_F01",1,1,318,2
"R01_F01",1,1,319,1
"R01_F01",1,1,321,3
"R01_F01",1,1,322,1
"R01_F01",1,1,323,1
"R01_F01",1,1,324,2
"R01_F01",1,1,326,4
"R01_F01",1,1,327,1
"R01_F01",1,1,328,2
"R01_F01",1,1,329,2
"R01_F01",1,1,330,2
"R01_F01",1,1,331,3
"R01_F01",1,1,332,2
"R01_F01",1,1,333,1
"R01_F01",1,1,334,2
"R01_F01",1,1,336,4
"R01_F01",1,1,337,4
"R01_F01",1,1,338,4
"R01_F01",1,1,339,4
"R01_F01",1,1,340,3
"R01_F01",1,1,341,3
"R01_F01",1,1,343,3
"R01_F01",1,1,345,3
"R01_F01",1,1,346,1
"R01_F01",1,1,347,2
"R01_F01",1,1,348,1
"R01_F01",1,1,349,2
"R01_F01",1,1,350,1
"R01_F01",1,1,351,1
"R01_F01",1,1,352,4
"R01_F01",1,1,353,3
"R01_F01",1,1,354,4
"R01_F01",1,1,355,4
"R01_F01",1,1,356,4
"R01_F01",1,1,357,3
"R01_F01",1,1,358,4
"R01_F01",1,1,361,3
"R01_F01",1,1,362,2
"R01_F01",1,1,363,4
"R01_F01",1,1,364,1
"R01_F01",1,1,365,3
"R01_F01",1,1,366,1
"R01_F01",1,1,368,1
"R01_F01",1,1,369,4
"R01_F01",1,1,370,1
"R01_F01",1,1,371,3
"R01_F01",1,1,373,3
"R01_F01",1,1,374,2
"R01_F01",1,1,375,3
"R01_F01",1,1,377,3
"R01_F01",1,1,378,3
"R01_F01",1,1,380,1
"R01_F01",1,1,381,4
"R01_F01",1,1,382,4
"R01_F01",1,1,383,3
"R01_F01",1,1,384,4
"R01_F01",1,1,386,2
"R01_F01",1,1,388,4
"R01_F01",1,1,389,3
"R01_F01",1,1,391,3
"R01_F01",1,1,392,1
"R01_F01",1,1,393,1
"R01_F01",1,1,394,4
"R01_F01",1,1,395,1
"R01_F01",1,1,396,3
"R01_F01",1,1,398,4
"R01_F01",1,1,399,2
"R01_F01",1,1,401,1
"R01_F01",1,1,403,1
"R01_F01",1,1,404,1
"R01_F01",1,1,405,4
"R01_F01",1,1,407,2
"R01_F01",1,1,408,3
"R01_F01",1,1,409,2
"R01_F01",1,1,410,2
"R01_F01",1,1,411,2
"R01_F01",1,1,412,3
"R01_F01",1,1,413,2
"R01_F01",1,1,415,1
"R01_F01",1,1,417,4
"R01_F01",1,1,418,1
"R01_F01",1,1,419,4
"R01_F01",1,1,420,2
"R01_F01",1,1,421,4
"R01_F01",1,1,424,3
"R01_F01",1,1,425,4
"R01_F01",1,1,426,1
"R01_F01",1,1,427,1
"R01_F01",1,1,428,4
"R01_F01",1,1,429,1
"R01_F01",1,1,430,3
"R01_F01",1,1,431,1
"R01_F01",1,1,432,3
"R01_F01",1,1,433,3
"R01_F01",1,1,434,3
"R01_F01",1,1,435,3
"R01_F01",1,1,436,4
"R01_F01",1,1,438,4
"R01_F01",1,1,439,4
"R01_F01",1,1,440,3
"R01_F01",1,1,442,2
"R01_F01",1,1,444,3
"R01_F01",1,1,445,4
"R01_F01",1,1,447,3
"R01_F01",1,1,448,4
"R01_F01",1,1,449,3
"R01_F01",1,1,450,3
"R01_F01",1,1,451,4
"R01_F01",1,1,452,4
"R01_F01",1,1,453,2
"R01_F01",1,1,454,3
"R01_F01",1,1,456,4
"R01_F01",1,1,457,2
"R01_F01",1,1,459,3
"R01_F01",1,1,460,1
"R01_F01",1,1,461,4
"R01_F01",1,1,462,2
"R01_F01",1,1,463,2
"R01_F01",1,1,464,2
"R01_F01",1,1,465,3
"R01_F01",1,1,467,2
"R01_F01",1,1,468,1
"R01_F01",1,1,470,1
"R01_F01",1,1,471,2
"R01_F01",1,1,472,2
"R01_F01",1,1,473,3
"R01_F01",1,1,474,2
"R01_F01",1,1,475,2
"R01_F01",1,1,476,4
"R01_F01",1,1,477,2
"R01_F01",1,1,478,4
"R01_F01",1,1,480,4
"R01_F01",1,1,481,3
"R01_F01",1,1,482,3
"R01_F01",1,1,486,2
"R01_F01",1,1,487,2
"R01_F01",1,1,488,3
"R01_F01",1,1,489,4
"R01_F01",1,1,490,1
"R01_F01",1,1,491,4
"R01_F01",1,1,492,4
"R01_F01",1,1,494,4
"R01_F01",1,1,495,2
"R01_F01",1,1,496,4
"R01_F01",1,1,498,2
"R01_F01",1,1,499,1
"R01_F01",1,1,500,1
"R01_F01",1,1,504,1
"R01_F01",1,1,507,2
"R01_F01",1,1,508,4
"R01_F01",1,1,509,1
"R01_F01",1,1,510,1
"R01_F01",1,1,512,4
"R01_F01",1,1,513,3
"R01_F01",1,1,515,2
"R01_F01",1,1,516,4
"R01_F01",1,1,518,1
"R01_F01",1,1,519,4
"R01_F01",1,1,520,1
"R01_F01",1,1,521,4
"R01_F01",1,1,522,3
"R01_F01",1,1,523,4
"R01_F01",1,1,524,1
"R01_F01",1,1,526,2
"R01_F01",1,1,527,4
"R01_F01",1,1,529,4
"R01_F01",1,1,530,4
"R01_F01",1,1,531,4
"R01_F01",1,1,532,4
"R01_F01",1,1,534,3
"R01_F01",1,1,535,3
"R01_F01",1,1,536,2
"R01_F01",1,1,537,4
"R01_F01",1,1,538,3
"R01_F01",1,1,539,2
"R01_F01",1,1,541,2
"R01_F01",1,1,542,3
"R01_F01",1,1,543,2
"R01_F01",1,1,544,1
"R01_F01",1,1,545,2
"R01_F01",1,1,546,3
"R01_F01",1,1,547,2
"R01_F01",1,1,548,3
"R01_F01",1,1,549,3
"R01_F01",1,1,550,2
"R01_F01",1,1,552,3
"R01_F01",1,1,553,1
"R01_F01",1,1,554,4
"R01_F01",1,1,557,4
"R01_F01",1,1,558,2
"R01_F01",1,1,560,1
"R01_F01",1,1,561,4
"R01_F01",1,1,562,4
"R01_F01",1,1,565,4
"R01_F01",1,1,566,4
"R01_F01",1,1,567,1
"R01_F01",1,1,568,3
"R01_F01",1,1,569,2
"R01_F01",1,1,572,2
"R01_F01",1,1,573,1
"R01_F01",1,1,574,3
"R01_F01",1,1,576,4
"R01_F01",1,1,577,4
"R01_F01",1,1,578,1
"R01_F01",1,1,579,2
"R01_F01",1,1,580,1
"R01_F01",1,1,582,3
"R01_F01",1,1,583,4
"R01_F01",1,1,584,1
"R01_F01",1,1,585,1
"R01_F01",1,1,586,4
"R01_F01",1,1,587,1
"R01_F01",1,1,588,2
"R01_F01",1,1,589,2
"R01_F01",1,1,590,3
"R01_F01",1,1,591,1
"R01_F01",1,1,592,4
"R01_F01",1,1,593,3
"R01_F01",1,1,594,3
"R01_F01",1,1,595,2
"R01_F01",1,1,596,3
"R01_F01",1,1,597,2
"R01_F01",1,1,599,1
"R01_F01",1,1,600,1
"R01_F01",1,1,601,2
"R01_F01",1,1,602,1
"R01_F01",1,1,603,4
"R01_F01",1,1,604,1
"R01_F01",1,1,605,2
"R01_F01",1,1,606,2
"R01_F01",1,1,607,4
"R01_F01",1,1,608,4
"R01_F01",1,1,611,1
"R01_F01",1,1,612,2
"R01_F01",1,1,613,3
"R01_F01",1,1,614,4
"R01_F01",1,1,615,1
"R01_F01",1,1,616,3
"R01_F01",1,1,617,2
"R01_F01",1,1,619,2
"R01_F01",1,1,621,2
"R01_F01",1,1,622,3
"R01_F01",1,1,623,4
"R01_F01",1,1,624,2
"R01_F01",1,1,625,2
"R01_F01",1,1,626,4
"R01_F01",1,1,627,1
"R01_F01",1,1,628,1
"R01_F01",1,1,631,2
"R01_F01",1,1,632,2
"R01_F01",1,1,633,4
"R01_F01",1,1,634,1
"R01_F01",1,1,635,3
"R01_F01",1,1,637,3
"R01_F01",1,1,639,1
"R01_F01",1,1,640,4
"R01_F01",1,1,641,2
"R01_F01",1,1,643,2
"R01_F01",1,1,644,3
"R01_F01",1,1,645,3
"R01_F01",1,1,646,3
"R01_F01",1,1,647,1
"R01_F01",1,1,648,3
"R01_F01",1,1,649,2
"R01_F01",1,1,653,4
"R01_F01",1,1,654,4
"R01_F01",1,1,655,2
"R01_F01",1,1,656,3
"R01_F01",1,1,657,2
"R01_F01",1,1,658,3
"R01_F01",1,1,659,3
"R01_F01",1,1,660,3
"R01_F01",1,1,661,2
"R01_F01",1,1,662,4
"R01_F01",1,1,663,3
"R01_F01",1,1,664,1
"R01_F01",1,1,665,2
"R01_F01",1,1,666,3
"R01_F01",1,1,668,2
"R01_F01",1,1,669,4
"R01_F01",1,1,670,3
"R01_F01",1,1,672,1
"R01_F01",1,1,674,1
"R01_F01",1,1,675,3
"R01_F01",1,1,677,1
"R01_F01",1,1,678,3
"R01_F01",1,1,679,2
"R01_F01",1,1,680,3
"R01_F01",1,1,681,1
"R01_F01",1,1,682,2
"R01_F01",1,1,683,1
"R01_F01",1,1,684,3
"R01_F01",1,1,685,2
"R01_F01",1,1,687,1
"R01_F01",1,1,688,1
"R01_F01",1,1,689,2
"R01_F01",1,1,690,1
"R01_F01",1,1,691,1
"R01_F01",1,1,692,4
"R01_F01",1,1,694,3
"R01_F01",1,1,696,2
"R01_F01",1,1,697,1
"R01_F01",1,1,698,2
"R01_F01",1,1,700,2
"R01_F01",1,1,701,3
"R01_F01",1,1,702,3
"R01_F01",1,1,703,1
"R01_F01",1,1,707,2
"R01_F01",1,1,708,1
"R01_F01",1,1,709,2
"R01_F01",1,1,711,3
"R01_F01",1,1,714,3
"R01_F01",1,1,715,4
"R01_F01",1,1,716,1
"R01_F01",1,1,717,2
"R01_F01",1,1,718,1
"R01_F01",1,1,721,2
"R01_F01",1,1,722,3
"R01_F01",1,1,723,3
"R01_F01",1,1,725,4
"R01_F01",1,1,726,3
"R01_F01",1,1,727,2
"R01_F01",1,1,729,2
"R01_F01",1,1,730,3
"R01_F01",1,1,731,1
"R01_F01",1,1,732,3
"R01_F01",1,1,734,3
"R01_F01",1,1,735,4
"R01_F01",1,1,736,4
"R01_F01",1,1,737,2
"R01_F01",1,1,739,4
"R01_F01",1,1,740,3
"R01_F01",1,1,742,2
"R01_F01",1,1,743,2
"R01_F01",1,1,744,2
"R01_F01",1,1,745,4
"R01_F01",1,1,746,1
"R01_F01",1,1,748,4
"R01_F01",1,1,749,4
"R01_F01",1,1,750,1
"R01_F01",1,1,751,4
"R01_F01",1,1,752,4
"R01_F01",1,1,753,1
"R01_F01",1,1,754,1
"R01_F01",1,1,755,4
"R01_F01",1,1,756,2
"R01_F01",1,1,758,4
"R01_F01",1,1,759,2
"R01_F01",1,1,760,3
"R01_F01",1,1,763,3
"R01_F01",1,1,764,1
"R01_F01",1,1,765,1
"R01_F01",1,1,766,1
"R01_F01",1,1,767,2
"R01_F01",1,1,768,2
"R01_F01",1,1,769,3
"R01_F01",1,1,770,1
"R01_F01",1,1,771,2
"R01_F01",1,1,772,1
"R01_F01",1,1,773,3
"R01_F01",1,1,774,2
"R01_F01",1,1,775,1
"R01_F01",1,1,776,4
"R01_F01",1,1,777,1
"R01_F01",1,1,780,2
"R01_F01",1,1,781,1
"R01_F01",1,1,782,4
"R01_F01",1,1,784,4
"R01_F01",1,1,786,4
"R01_F01",1,1,787,4
"R01_F01",1,1,789,2
"R01_F01",1,1,790,2
"R01_F01",1,1,791,4
"R01_F01",1,1,792,1
"R01_F01",1,1,793,1
"R01_F01",1,1,794,2
"R01_F01",1,1,795,3
"R01_F01",1,1,796,2
"R01_F01",1,1,798,2
"R01_F01",1,1,799,4
"R01_F01",1,1,800,1
"R01_F01",1,1,801,2
"R01_F01",1,1,802,3
"R01_F01",1,1,803,1
"R01_F01",1,1,804,3
"R01_F01",1,1,805,3
"R01_F01",1,1,806,3
"R01_F01",1,1,808,1
"R01_F01",1,1,809,1
"R01_F01",1,1,810,2
"R01_F01",1,1,811,4
"R01_F01",1,1,812,4
"R01_F01",1,1,813,2
"R01_F01",1,1,814,1
"R01_F01",1,1,815,4
"R01_F01",1,1,816,1
"R01_F01",1,1,817,2
"R01_F01",1,1,818,2
"R01_F01",1,1,819,2
"R01_F01",1,1,820,1
"R01_F01",1,1,821,4
"R01_F01",1,1,822,1
"R01_F01",1,1,823,4
"R01_F01",1,1,824,3
"R01_F01",1,1,825,1
"R01_F01",1,1,826,2
"R01_F01",1,1,827,1
"R01_F01",1,1,828,1
"R01_F01",1,1,830,2
"R01_F01",1,1,831,2
"R01_F01",1,1,832,2
"R01_F01",1,1,833,4
"R01_F01",1,1,834,1
"R01_F01",1,1,836,1
"R01_F01",1,1,837,1
"R01_F01",1,1,838,2
"R01_F01",1,1,839,1
"R01_F01",1,1,840,3
"R01_F01",1,1,841,1
"R01_F01",1,1,842,3
"R01_F01",1,1,843,3
"R01_F01",1,1,845,4
"R01_F01",1,1,846,3
"R01_F01",1,1,847,4
"R01_F01",1,1,848,3
"R01_F01",1,1,849,1
"R01_F01",1,1,850,2
"R01_F01",1,1,853,4
"R01_F01",1,1,854,4
"R01_F01",1,1,855,2
"R01_F01",1,1,856,1
"R01_F01",1,1,857,1
"R01_F01",1,1,858,3
"R01_F01",1,1,860,2
"R01_F01",1,1,861,4
"R01_F01",1,1,862,3
"R01_F01",1,1,863,1
"R01_F01",1,1,864,1
"R01_F01",1,1,865,1
"R01_F01",1,1,866,1
"R01_F01",1,1,867,1
"R01_F01",1,1,868,3
"R01_F01",1,1,869,1
"R01_F01",1,1,870,1
"R01_F01",1,1,871,1
"R01_F01",1,1,872,4
"R01_F01",1,1,873,1
"R01_F01",1,1,874,4
"R01_F01",1,1,875,1
"R01_F01",1,1,876,3
"R01_F01",1,1,878,2
"R01_F01",1,1,880,4
"R01_F01",1,1,881,4
"R01_F01",1,1,882,2
"R01_F01",1,1,883,1
"R01_F01",1,1,884,2
"R01_F01",1,1,886,3
"R01_F01",1,1,887,1
"R01_F01",1,1,888,1
"R01_F01",1,1,889,4
"R01_F01",1,1,890,4
"R01_F01",1,1,892,4
"R01_F01",1,1,893,2
"R01_F01",1,1,894,1
"R01_F01",1,1,895,2
"R01_F01",1,1,896,3
"R01_F01",1,1,897,4
"R01_F01",1,1,898,3
"R01_F01",1,1,900,3
"R01_F01",1,1,901,2
"R01_F01",1,1,902,3
"R01_F01",1,1,903,3
"R01_F01",1,1,904,4
"R01_F01",1,1,905,4
"R01_F01",1,1,906,4
"R01_F01",1,1,907,4
"R01_F01",1,1,909,1
"R01_F01",1,1,910,2
"R01_F01",1,1,911,2
"R01_F01",1,1,912,4
"R01_F01",1,1,913,1
"R01_F01",1,1,917,1
"R01_F01",1,1,918,3
"R01_F01",1,1,919,2
"R01_F01",1,1,920,1
"R01_F01",1,1,921,3
"R01_F01",1,1,922,3
"R01_F01",1,1,923,2
"R01_F01",1,1,924,4
"R01_F01",1,1,925,1
"R01_F01",1,1,926,1
"R01_F01",1,1,928,2
"R01_F01",1,1,929,4
"R01_F01",1,1,931,3
"R01_F01",1,1,932,3
"R01_F01",1,1,933,4
"R01_F01",1,1,934,4
"R01_F01",1,1,935,4
"R01_F01",1,1,936,1
"R01_F01",1,1,937,2
"R01_F01",1,1,938,3
"R01_F01",1,1,939,1
"R01_F01",1,1,940,4
"R01_F01",1,1,941,3
"R01_F01",1,1,942,2
"R01_F01",1,1,945,3
"R01_F01",1,1,946,4
"R01_F01",1,1,948,4
"R01_F01",1,1,949,1
"R01_F01",1,1,950,4
"R01_F01",1,1,951,2
"R01_F01",1,1,953,2
"R01_F01",1,1,954,1
"R01_F01",1,1,956,4
"R01_F01",1,1,957,2
"R01_F01",1,1,958,3
"R01_F01",1,1,959,3
"R01_F01",1,1,960,1
"R01_F01",1,1,961,2
"R01_F01",1,1,962,1
"R01_F01",1,1,964,3
"R01_F01",1,1,967,2
"R01_F01",1,1,970,3
"R01_F01",1,1,971,3
"R01_F01",1,1,973,3
"R01_F01",1,1,975,3
"R01_F01",1,1,976,2
"R01_F01",1,1,977,2
"R01_F01",1,1,978,2
"R01_F01",1,1,979,1
"R01_F01",1,1,980,1
"R01_F01",1,1,981,2
"R01_F01",1,1,982,4
"R01_F01",1,1,984,1
"R01_F01",1,1,985,2
"R01_F01",1,1,986,2
"R01_F01",1,1,987,2
"R01_F01",1,1,988,2
"R01_F01",1,1,989,2
"R01_F01",1,1,991,4
"R01_F01",1,1,992,1
"R01_F01",1,1,993,1
"R01_F01",1,1,994,2
"R01_F01",1,1,995,3
"R01_F01",1,1,996,3
"R01_F01",1,1,997,3
"R01_F01",1,1,998,2
"R01_F01",1,1,999,4
"R01_F01",1,1,1000,1
"R01_F02",1,2,1,3
"R01_F02",1,2,2,4
"R01_F02",1,2,3,3
"R01_F02",1,2,4,3
"R01_F02",1,2,6,2
"R01_F02",1,2,8,2
"R01_F02",1,2,9,4
"R01_F02",1,2,10,1
"R01_F02",1,2,11,4
"R01_F02",1,2,12,1
"R01_F02",1,2,13,2
"R01_F02",1,2,16,3
"R01_F02",1,2,17,4
"R01_F02",1,2,19,1
"R01_F02",1,2,20,4
"R01_F02",1,2,21,3
"R01_F02",1,2,22,1
"R01_F02",1,2,23,3
"R01_F02",1,2,25,3
"R01_F02",1,2,26,1
"R01_F02",1,2,27,4
"R01_F02",1,2,28,1
"R01_F02",1,2,29,3
"R01_F02",1,2,30,1
"R01_F02",1,2,31,3
"R01_F02",1,2,32,4
"R01_F02",1,2,33,3
"R01_F02",1,2,34,1
"R01_F02",1,2,35,4
"R01_F02",1,2,36,2
"R01_F02",1,2,37,1
"R01_F02",1,2,40,3
"R01_F02",1,2,41,1
"R01_F02",1,2,45,3
"R01_F02",1,2,46,2
"R01_F02",1,2,47,4
"R01_F02",1,2,49,2
"R01_F02",1,2,50,4
"R01_F02",1,2,53,2
"R01_F02",1,2,54,2
"R01_F02",1,2,55,4
"R01_F02",1,2,56,4
"R01_F02",1,2,57,4
"R01_F02",1,2,58,1
"R01_F02",1,2,59,3
"R01_F02",1,2,60,1
"R01_F02",1,2,62,3
"R01_F02",1,2,63,1
"R01_F02",1,2,64,4
"R01_F02",1,2,65,1
"R01_F02",1,2,66,2
"R01_F02",1,2,67,1
"R01_F02",1,2,68,2
"R01_F02",1,2,69,3
"R01_F02",1,2,70,4
"R01_F02",1,2,72,3
"R01_F02",1,2,73,4
"R01_F02",1,2,76,2
"R01_F02",1,2,77,1
"R01_F02",1,2,78,1
"R01_F02",1,2,79,4
"R01_F02",1,2,80,4
"R01_F02",1,2,81,3
"R01_F02",1,2,82,1
"R01_F02",1,2,83,3
"R01_F02",1,2,84,2
"R01_F02",1,2,85,4
"R01_F02",1,2,87,4
"R01_F02",1,2,88,4
"R01_F02",1,2,89,3
"R01_F02",1,2,90,3
"R01_F02",1,2,91,4
"R01_F02",1,2,92,1
"R01_F02",1,2,93,2
"R01_F02",1,2,94,2
"R01_F02",1,2,95,3
"R01_F02",1,2,96,1
"R01_F02",1,2,97,4
"R01_F02",1,2,100,1
"R01_F02",1,2,101,4
"R01_F02",1,2,102,1
"R01_F02",1,2,103,2
"R01_F02",1,2,104,2
"R01_F02",1,2,105,3
"R01_F02",1,2,106,3
"R01_F02",1,2,107,1
"R01_F02",1,2,109,3
"R01_F02",1,2,110,1
"R01_F02",1,2,111,2
"R01_F02",1,2,112,2
"R01_F02",1,2,114,4
"R01_F02",1,2,115,1
"R01_F02",1,2,116,1
"R01_F02",1,2,117,4
"R01_F02",1,2,118,4
"R01_F02",1,2,120,3
"R01_F02",1,2,121,4
"R01_F02",1,2,122,3
"R01_F02",1,2,126,3
"R01_F02",1,2,127,3
"R01_F02",1,2,128,1
"R01_F02",1,2,129,1
"R01_F02",1,2,130,1
"R01_F02",1,2,131,2
"R01_F02",1,2,132,4
"R01_F02",1,2,133,3
"R01_F02",1,2,136,2
"R01_F02",1,2,138,4
"R01_F02",1,2,141,2
"R01_F02",1,2,142,2
"R01_F02",1,2,145,3
"R01_F02",1,2,146,4
"R01_F02",1,2,148,1
"R01_F02",1,2,149,4
"R01_F02",1,2,150,3
"R01_F02",1,2,151,3
"R01_F02",1,2,152,4
"R01_F02",1,2,153,1
"R01_F02",1,2,154,1
"R01_F02",1,2,155,2
"R01_F02",1,2,156,1
"R01_F02",1,2,157,3
"R01_F02",1,2,158,1
"R01_F02",1,2,159,2
"R01_F02",1,2,160,2
"R01_F02",1,2,163,4
"R01_F02",1,2,165,4
"R01_F02",1,2,166,3
"R01_F02",1,2,167,4
"R01_F02",1,2,168,3
"R01_F02",1,2,169,4
"R01_F02",1,2,170,3
"R01_F02",1,2,171,1
"R01_F02",1,2,172,2
"R01_F02",1,2,173,2
"R01_F02",1,2,176,1
"R01_F02",1,2,178,3
"R01_F02",1,2,180,3
"R01_F02",1,2,181,1
"R01_F02",1,2,182,3
"R01_F02",1,2,183,1
"R01_F02",1,2,185,2
"R01_F02",1,2,187,2
"R01_F02",1,2,188,2
"R01_F02",1,2,189,4
"R01_F02",1,2,191,2
"R01_F02",1,2,192,1
"R01_F02",1,2,193,3
"R01_F02",1,2,194,3
"R01_F02",1,2,195,2
"R01_F02",1,2,196,1
"R01_F02",1,2,198,4
"R01_F02",1,2,200,2
"R01_F02",1,2,201,2
"R01_F02",1,2,202,4
"R01_F02",1,2,203,4
"R01_F02",1,2,204,2
"R01_F02",1,2,205,1
"R01_F02",1,2,206,3
"R01_F02",1,2,207,3
"R01_F02",1,2,208,1
"R01_F02",1,2,209,3
"R01_F02",1,2,210,4
"R01_F02",1,2,211,2
"R01_F02",1,2,212,3
"R01_F02",1,2,213,2
"R01_F02",1,2,214,4
"R01_F02",1,2,215,1
"R01_F02",1,2,216,4
"R01_F02",1,2,218,3
"R01_F02",1,2,219,4
"R01_F02",1,2,221,4
"R01_F02",1,2,222,2
"R01_F02",1,2,224,4
"R01_F02",1,2,225,4
"R01_F02",1,2,226,3
"R01_F02",1,2,227,1
"R01_F02",1,2,228,1
"R01_F02",1,2,229,2
"R01_F02",1,2,232,3
"R01_F02",1,2,233,4
"R01_F02",1,2,234,2
"R01_F02",1,2,235,3
"R01_F02",1,2,236,1
"R01_F02",1,2,237,2
"R01_F02",1,2,238,1
"R01_F02",1,2,239,4
"R01_F02",1,2,240,2
"R01_F02",1,2,241,1
"R01_F02",1,2,242,1
"R01_F02",1,2,243,1
"R01_F02",1,2,244,3
"R01_F02",1,2,245,3
"R01_F02",1,2,246,4
"R01_F02",1,2,247,2
"R01_F02",1,2,250,2
"R01_F02",1,2,251,2
"R01_F02",1,2,253,3
"R01_F02",1,2,254,2
"R01_F02",1,2,255,1
"R01_F02",1,2,256,2
"R01_F02",1,2,257,4
"R01_F02",1,2,258,4
"R01_F02",1,2,259,3
"R01_F02",1,2,260,1
"R01_F02",1,2,261,4
"R01_F02",1,2,262,3
"R01_F02",1,2,263,4
"R01_F02",1,2,264,4
"R01_F02",1,2,265,1
"R01_F02",1,2,267,2
"R01_F02",1,2,268,3
"R01_F02",1,2,269,1
"R01_F02",1,2,270,4
"R01_F02",1,2,272,2
"R01_F02",1,2,274,2
"R01_F02",1,2,275,4
"R01_F02",1,2,276,4
"R01_F02",1,2,277,1
"R01_F02",1,2,279,4
"R01_F02",1,2,280,2
"R01_F02",1,2,282,2
"R01_F02",1,2,283,2
"R01_F02",1,2,284,2
"R01_F02",1,2,285,2
"R01_F02",1,2,286,4
"R01_F02",1,2,288,1
"R01_F02",1,2,289,3
"R01_F02",1,2,290,3
"R01_F02",1,2,291,1
"R01_F02",1,2,292,4
"R01_F02",1,2,293,3
"R01_F02",1,2,294,1
"R01_F02",1,2,295,2
"R01_F02",1,2,296,4
"R01_F02",1,2,297,4
"R01_F02",1,2,298,4
"R01_F02",1,2,299,3
"R01_F02",1,2,300,3
"R01_F02",1,2,301,4
"R01_F02",1,2,302,3
"R01_F02",1,2,303,1
"R01_F02",1,2,304,3
"R01_F02",1,2,305,1
"R01_F02",1,2,306,2
"R01_F02",1,2,307,3
"R01_F02",1,2,308,4
"R01_F02",1,2,309,1
"R01_F02",1,2,310,1
"R01_F02",1,2,311,3
"R01_F02",1,2,314,1
"R01_F02",1,2,317,4
"R01_F02",1,2,319,3
"R01_F02",1,2,320,2
"R01_F02",1,2,322,1
"R01_F02",1,2,324,1
"R01_F02",1,2,325,3
"R01_F02",1,2,326,3
"R01_F02",1,2,328,1
"R01_F02",1,2,329,3
"R01_F02",1,2,330,4
"R01_F02",1,2,331,4
"R01_F02",1,2,332,1
"R01_F02",1,2,333,3
"R01_F02",1,2,334,3
"R01_F02",1,2,335,2
"R01_F02",1,2,336,4
"R01_F02",1,2,339,4
"R01_F02",1,2,340,1
"R01_F02",1,2,341,1
"R01_F02",1,2,342,4
"R01_F02",1,2,344,4
"R01_F02",1,2,345,1
"R01_F02",1,2,346,2
"R01_F02",1,2,347,2
"R01_F02",1,2,349,4
"R01_F02",1,2,351,2
"R01_F02",1,2,352,2
"R01_F02",1,2,353,4
"R01_F02",1,2,354,3
"R01_F02",1,2,355,3
"R01_F02",1,2,359,3
"R01_F02",1,2,360,2
"R01_F02",1,2,365,4
"R01_F02",1,2,366,3
"R01_F02",1,2,367,1
"R01_F02",1,2,368,2
"R01_F02",1,2,370,3
"R01_F02",1,2,372,3
"R01_F02",1,2,373,1
"R01_F02",1,2,374,2
"R01_F02",1,2,376,2
"R01_F02",1,2,377,2
"R01_F02",1,2,378,2
"R01_F02",1,2,379,1
"R01_F02",1,2,380,3
"R01_F02",1,2,381,1
"R01_F02",1,2,383,1
"R01_F02",1,2,384,3
"R01_F02",1,2,385,3
"R01_F02",1,2,386,3
"R01_F02",1,2,387,3
"R01_F02",1,2,388,4
"R01_F02",1,2,389,2
"R01_F02",1,2,390,4
"R01_F02",1,2,391,1
"R01_F02",1,2,394,3
"R01_F02",1,2,395,4
"R01_F02",1,2,396,4
"R01_F02",1,2,397,1
"R01_F02",1,2,399,2
"R01_F02",1,2,400,2
"R01_F02",1,2,401,1
"R01_F02",1,2,402,2
"R01_F02",1,2,403,1
"R01_F02",1,2,405,2
"R01_F02",1,2,406,2
"R01_F02",1,2,407,1
"R01_F02",1,2,408,4
"R01_F02",1,2,409,1
"R01_F02",1,2,411,1
"R01_F02",1,2,412,3
"R01_F02",1,2,414,1
"R01_F02",1,2,415,2
"R01_F02",1,2,416,3
"R01_F02",1,2,418,3
"R01_F02",1,2,419,2
"R01_F02",1,2,420,4
"R01_F02",1,2,421,4
"R01_F02",1,2,422,1
"R01_F02",1,2,423,2
"R01_F02",1,2,425,4
"R01_F02",1,2,426,4
"R01_F02",1,2,427,1
"R01_F02",1,2,429,2
"R01_F02",1,2,430,4
"R01_F02",1,2,431,1
"R01_F02",1,2,432,2
"R01_F02",1,2,433,3
"R01_F02",1,2,437,2
"R01_F02",1,2,438,3
"R01_F02",1,2,439,2
"R01_F02",1,2,441,4
"R01_F02",1,2,443,1
"R01_F02",1,2,444,2
"R01_F02",1,2,445,3
"R01_F02",1,2,446,1
"R01_F02",1,2,447,1
"R01_F02",1,2,448,3
"R01_F02",1,2,449,4
"R01_F02",1,2,450,1
"R01_F02",1,2,451,1
"R01_F02",1,2,452,4
"R01_F02",1,2,454,4
"R01_F02",1,2,455,2
"R01_F02",1,2,456,3
"R01_F02",1,2,457,4
"R01_F02",1,2,458,1
"R01_F02",1,2,459,1
"R01_F02",1,2,460,2
"R01_F02",1,2,461,1
"R01_F02",1,2,462,2
"R01_F02",1,2,464,1
"R01_F02",1,2,465,1
"R01_F02",1,2,466,2
"R01_F02",1,2,467,4
"R01_F02",1,2,468,3
"R01_F02",1,2,469,4
"R01_F02",1,2,470,2
"R01_F02",1,2,471,1
"R01_F02",1,2,473,4
"R01_F02",1,2,474,3
"R01_F02",1,2,475,2
"R01_F02",1,2,476,3
"R01_F02",1,2,477,1
"R01_F02",1,2,478,1
"R01_F02",1,2,479,1
"R01_F02",1,2,481,4
"R01_F02",1,2,482,3
"R01_F02",1,2,483,2
"R01_F02",1,2,484,4
"R01_F02",1,2,485,4
"R01_F02",1,2,486,1
"R01_F02",1,2,487,4
"R01_F02",1,2,489,4
"R01_F02",1,2,490,1
"R01_F02",1,2,491,2
"R01_F02",1,2,493,2
"R01_F02",1,2,494,1
"R01_F02",1,2,495,3
"R01_F02",1,2,497,1
"R01_F02",1,2,498,2
"R01_F02",1,2,501,3
"R01_F02",1,2,502,2
"R01_F02",1,2,503,1
"R01_F02",1,2,504,1
"R01_F02",1,2,505,2
"R01_F02",1,2,506,2
"R01_F02",1,2,507,4
"R01_F02",1,2,508,2
"R01_F02",1,2,509,1
"R01_F02",1,2,511,1
"R01_F02",1,2,513,1
"R01_F02",1,2,514,2
"R01_F02",1,2,515,1
"R01_F02",1,2,516,3
"R01_F02",1,2,517,4
"R01_F02",1,2,518,4
"R01_F02",1,2,519,4
"R01_F02",1,2,520,3
"R01_F02",1,2,522,2
"R01_F02",1,2,523,2
"R01_F02",1,2,524,4
"R01_F02",1,2,525,1
"R01_F02",1,2,526,2
"R01_F02",1,2,527,3
"R01_F02",1,2,528,2
"R01_F02",1,2,531,2
"R01_F02",1,2,532,1
"R01_F02",1,2,533,4
"R01_F02",1,2,534,2
"R01_F02",1,2,535,3
"R01_F02",1,2,537,4
"R01_F02",1,2,538,1
"R01_F02",1,2,540,4
"R01_F02",1,2,542,4
"R01_F02",1,2,543,2
"R01_F02",1,2,544,1
"R01_F02",1,2,545,3
"R01_F02",1,2,546,4
"R01_F02",1,2,547,1
"R01_F02",1,2,548,2
"R01_F02",1,2,549,4
"R01_F02",1,2,550,4
"R01_F02",1,2,551,1
"R01_F02",1,2,552,2
"R01_F02",1,2,553,3
"R01_F02",1,2,554,2
"R01_F02",1,2,555,2
"R01_F02",1,2,556,3
"R01_F02",1,2,557,4
"R01_F02",1,2,558,4
"R01_F02",1,2,559,3
"R01_F02",1,2,562,4
"R01_F02",1,2,563,4
"R01_F02",1,2,564,3
"R01_F02",1,2,565,4
"R01_F02",1,2,566,2
"R01_F02",1,2,568,2
"R01_F02",1,2,570,4
"R01_F02",1,2,571,4
"R01_F02",1,2,572,3
"R01_F02",1,2,573,2
"R01_F02",1,2,575,3
"R01_F02",1,2,576,3
"R01_F02",1,2,577,1
"R01_F02",1,2,578,1
"R01_F02",1,2,579,1
"R01_F02",1,2,580,4
"R01_F02",1,2,581,1
"R01_F02",1,2,583,2
"R01_F02",1,2,584,3
"R01_F02",1,2,585,2
"R01_F02",1,2,587,2
"R01_F02",1,2,589,4
"R01_F02",1,2,590,1
"R01_F02",1,2,591,2
"R01_F02",1,2,592,1
"R01_F02",1,2,593,2
"R01_F02",1,2,594,2
"R01_F02",1,2,595,2
"R01_F02",1,2,596,2
"R01_F02",1,2,598,1
"R01_F02",1,2,599,2
"R01_F02",1,2,600,3
"R01_F02",1,2,601,3
"R01_F02",1,2,603,4
"R01_F02",1,2,604,2
"R01_F02",1,2,606,4
"R01_F02",1,2,607,2
"R01_F02",1,2,608,4
"R01_F02",1,2,609,4
"R01_F02",1,2,610,3
"R01_F02",1,2,613,3
"R01_F02",1,2,614,4
"R01_F02",1,2,615,1
"R01_F02",1,2,616,3
"R01_F02",1,2,618,1
"R01_F02",1,2,619,2
"R01_F02",1,2,620,3
"R01_F02",1,2,622,4
"R01_F02",1,2,623,4
"R01_F02",1,2,624,4
"R01_F02",1,2,625,3
"R01_F02",1,2,626,3
"R01_F02",1,2,629,1
"R01_F02",1,2,630,1
"R01_F02",1,2,631,3
"R01_F02",1,2,632,3
"R01_F02",1,2,633,2
"R01_F02",1,2,634,2
"R01_F02",1,2,635,1
"R01_F02",1,2,636,3
"R01_F02",1,2,638,4
"R01_F02",1,2,639,4
"R01_F02",1,2,640,1
"R01_F02",1,2,642,4
"R01_F02",1,2,643,2
"R01_F02",1,2,644,1
"R01_F02",1,2,646,2
"R01_F02",1,2,647,3
"R01_F02",1,2,648,1
"R01_F02",1,2,649,2
"R01_F02",1,2,650,2
"R01_F02",1,2,651,4
"R01_F02",1,2,652,2
"R01_F02",1,2,653,4
"R01_F02",1,2,654,4
"R01_F02",1,2,655,2
"R01_F02",1,2,656,1
"R01_F02",1,2,657,3
"R01_F02",1,2,658,3
"R01_F02",1,2,659,3
"R01_F02",1,2,661,2
"R01_F02",1,2,662,3
"R01_F02",1,2,664,1
"R01_F02",1,2,665,4
"R01_F02",1,2,666,1
"R01_F02",1,2,667,2
"R01_F02",1,2,668,1
"R01_F02",1,2,669,3
"R01_F02",1,2,670,1
"R01_F02",1,2,671,2
"R01_F02",1,2,672,3
"R01_F02",1,2,673,3
"R01_F02",1,2,674,4
"R01_F02",1,2,675,1
"R01_F02",1,2,676,1
"R01_F02",1,2,677,3
"R01_F02",1,2,679,3
"R01_F02",1,2,680,4
"R01_F02",1,2,681,3
"R01_F02",1,2,683,2
"R01_F02",1,2,684,1
"R01_F02",1,2,686,3
"R01_F02",1,2,688,2
"R01_F02",1,2,689,1
"R01_F02",1,2,691,1
"R01_F02",1,2,692,3
"R01_F02",1,2,693,2
"R01_F02",1,2,694,3
"R01_F02",1,2,695,3
"R01_F02",1,2,696,4
"R01_F02",1,2,697,4
"R01_F02",1,2,698,1
"R01_F02",1,2,699,3
"R01_F02",1,2,701,1
"R01_F02",1,2,702,2
"R01_F02",1,2,704,3
"R01_F02",1,2,705,1
"R01_F02",1,2,706,2
"R01_F02",1,2,707,4
"R01_F02",1,2,708,3
"R01_F02",1,2,709,1
"R01_F02",1,2,710,2
"R01_F02",1,2,711,4
"R01_F02",1,2,712,2
"R01_F02",1,2,713,3
"R01_F02",1,2,714,1
"R01_F02",1,2,716,2
"R01_F02",1,2,717,4
"R01_F02",1,2,718,4
"R01_F02",1,2,719,2
"R01_F02",1,2,720,1
"R01_F02",1,2,721,2
"R01_F02",1,2,722,1
"R01_F02",1,2,724,1
"R01_F02",1,2,725,3
"R01_F02",1,2,726,4
"R01_F02",1,2,727,4
"R01_F02",1,2,728,1
"R01_F02",1,2,730,1
"R01_F02",1,2,731,3
"R01_F02",1,2,732,3
"R01_F02",1,2,733,1
"R01_F02",1,2,734,4
"R01_F02",1,2,735,1
"R01_F02",1,2,736,2
"R01_F02",1,2,738,4
"R01_F02",1,2,740,1
"R01_F02",1,2,741,3
"R01_F02",1,2,742,2
"R01_F02",1,2,743,1
"R01_F02",1,2,744,2
"R01_F02",1,2,745,3
"R01_F02",1,2,746,4
"R01_F02",1,2,747,2
"R01_F02",1,2,748,4
"R01_F02",1,2,749,3
"R01_F02",1,2,750,2
"R01_F02",1,2,751,2
"R01_F02",1,2,752,3
"R01_F02",1,2,753,4
"R01_F02",1,2,754,4
"R01_F02",1,2,755,2
"R01_F02",1,2,756,1
"R01_F02",1,2,757,1
"R01_F02",1,2,758,2
"R01_F02",1,2,759,2
"R01_F02",1,2,760,4
"R01_F02",1,2,761,1
"R01_F02",1,2,762,2
"R01_F02",1,2,763,1
"R01_F02",1,2,764,4
"R01_F02",1,2,768,3
"R01_F02",1,2,770,3
"R01_F02",1,2,771,2
"R01_F02",1,2,772,3
"R01_F02",1,2,773,2
"R01_F02",1,2,775,1
"R01_F02",1,2,776,4
"R01_F02",1,2,777,1
"R01_F02",1,2,778,2
"R01_F02",1,2,779,3
"R01_F02",1,2,780,3
"R01_F02",1,2,781,4
"R01_F02",1,2,782,2
"R01_F02",1,2,783,4
"R01_F02",1,2,784,4
"R01_F02",1,2,785,2
"R01_F02",1,2,786,4
"R01_F02",1,2,788,2
"R01_F02",1,2,789,3
"R01_F02",1,2,791,3
"R01_F02",1,2,792,1
"R01_F02",1,2,793,4
"R01_F02",1,2,794,2
"R01_F02",1,2,796,1
"R01_F02",1,2,797,1
"R01_F02",1,2,798,2
"R01_F02",1,2,799,2
"R01_F02",1,2,800,1
"R01_F02",1,2,801,3
"R01_F02",1,2,803,3
"R01_F02",1,2,806,2
"R01_F02",1,2,807,4
"R01_F02",1,2,808,2
"R01_F02",1,2,809,3
"R01_F02",1,2,813,3
"R01_F02",1,2,815,4
"R01_F02",1,2,816,3
"R01_F02",1,2,817,4
"R01_F02",1,2,818,2
"R01_F02",1,2,820,1
"R01_F02",1,2,821,3
"R01_F02",1,2,822,3
"R01_F02",1,2,823,3
"R01_F02",1,2,824,4
"R01_F02",1,2,825,4
"R01_F02",1,2,826,2
"R01_F02",1,2,827,4
"R01_F02",1,2,829,2
"R01_F02",1,2,830,2
"R01_F02",1,2,831,2
"R01_F02",1,2,832,4
"R01_F02",1,2,833,4
"R01_F02",1,2,834,3
"R01_F02",1,2,835,3
"R01_F02",1,2,837,1
"R01_F02",1,2,838,3
"R01_F02",1,2,840,1
"R01_F02",1,2,841,4
"R01_F02",1,2,842,1
"R01_F02",1,2,843,1
"R01_F02",1,2,844,3
"R01_F02",1,2,845,4
"R01_F02",1,2,846,2
"R01_F02",1,2,847,2
"R01_F02",1,2,848,1
"R01_F02",1,2,849,4
"R01_F02",1,2,851,3
"R01_F02",1,2,852,3
"R01_F02",1,2,853,3
"R01_F02",1,2,855,1
"R01_F02",1,2,856,4
"R01_F02",1,2,859,3
"R01_F02",1,2,861,3
"R01_F02",1,2,862,3
"R01_F02",1,2,863,3
"R01_F02",1,2,866,2
"R01_F02",1,2,867,1
"R01_F02",1,2,868,3
"R01_F02",1,2,869,4
"R01_F02",1,2,870,4
"R01_F02",1,2,871,3
"R01_F02",1,2,872,2
"R01_F02",1,2,873,1
"R01_F02",1,2,875,2
"R01_F02",1,2,876,4
"R01_F02",1,2,877,1
"R01_F02",1,2,879,4
"R01_F02",1,2,880,4
"R01_F02",1,2,882,4
"R01_F02",1,2,883,3
"R01_F02",1,2,884,1
"R01_F02",1,2,885,4
"R01_F02",1,2,886,3
"R01_F02",1,2,887,2
"R01_F02",1,2,888,2
"R01_F02",1,2,889,1
"R01_F02",1,2,891,1
"R01_F02",1,2,892,1
"R01_F02",1,2,895,2
"R01_F02",1,2,896,1
"R01_F02",1,2,898,3
"R01_F02",1,2,899,1
"R01_F02",1,2,900,1
"R01_F02",1,2,901,1
"R01_F02",1,2,902,3
"R01_F02",1,2,903,3
"R01_F02",1,2,904,1
"R01_F02",1,2,905,3
"R01_F02",1,2,906,1
"R01_F02",1,2,907,4
"R01_F02",1,2,908,1
"R01_F02",1,2,909,4
"R01_F02",1,2,911,1
"R01_F02",1,2,912,2
"R01_F02",1,2,913,3
"R01_F02",1,2,914,2
"R01_F02",1,2,915,1
"R01_F02",1,2,916,3
"R01_F02",1,2,918,2
"R01_F02",1,2,919,3
"R01_F02",1,2,921,4
"R01_F02",1,2,922,4
"R01_F02",1,2,923,1
"R01_F02",1,2,924,1
"R01_F02",1,2,925,2
"R01_F02",1,2,926,3
"R01_F02",1,2,927,4
"R01_F02",1,2,928,1
"R01_F02",1,2,929,3
"R01_F02",1,2,930,3
"R01_F02",1,2,934,2
"R01_F02",1,2,936,2
"R01_F02",1,2,938,3
"R01_F02",1,2,939,2
"R01_F02",1,2,941,4
"R01_F02",1,2,942,1
"R01_F02",1,2,943,3
"R01_F02",1,2,944,4
"R01_F02",1,2,946,4
"R01_F02",1,2,947,4
"R01_F02",1,2,948,4
"R01_F02",1,2,949,4
"R01_F02",1,2,950,3
"R01_F02",1,2,952,3
"R01_F02",1,2,953,2
"R01_F02",1,2,954,1
"R01_F02",1,2,955,3
"R01_F02",1,2,956,3
"R01_F02",1,2,958,2
"R01_F02",1,2,959,2
"R01_F02",1,2,960,2
"R01_F02",1,2,961,3
"R01_F02",1,2,962,4
"R01_F02",1,2,963,1
"R01_F02",1,2,965,2
"R01_F02",1,2,966,2
"R01_F02",1,2,967,4
"R01_F02",1,2,968,2
"R01_F02",1,2,969,4
"R01_F02",1,2,970,2
"R01_F02",1,2,971,2
"R01_F02",1,2,972,3
"R01_F02",1,2,974,4
"R01_F02",1,2,975,2
"R01_F02",1,2,976,1
"R01_F02",1,2,977,1
"R01_F02",1,2,978,2
"R01_F02",1,2,980,3
"R01_F02",1,2,982,4
"R01_F02",1,2,983,2
"R01_F02",1,2,984,4
"R01_F02",1,2,985,2
"R01_F02",1,2,986,1
"R01_F02",1,2,987,3
"R01_F02",1,2,988,4
"R01_F02",1,2,989,2
"R01_F02",1,2,990,3
"R01_F02",1,2,991,1
"R01_F02",1,2,992,3
"R01_F02",1,2,993,4
"R01_F02",1,2,994,1
"R01_F02",1,2,995,3
"R01_F02",1,2,996,3
"R01_F02",1,2,998,4
"R01_F02",1,2,999,1
"R01_F02",1,2,1000,4
"R01_F03",1,3,2,1
"R01_F03",1,3,3,3
"R01_F03",1,3,4,3
"R01_F03",1,3,5,4
"R01_F03",1,3,7,4
"R01_F03",1,3,10,3
"R01_F03",1,3,11,4
"R01_F03",1,3,12,1
"R01_F03",1,3,13,4
"R01_F03",1,3,14,2
"R01_F03",1,3,15,2
"R01_F03",1,3,16,3
"R01_F03",1,3,17,1
"R01_F03",1,3,18,2
"R01_F03",1,3,20,4
"R01_F03",1,3,22,4
"R01_F03",1,3,23,3
"R01_F03",1,3,24,2
"R01_F03",1,3,25,1
"R01_F03",1,3,26,4
"R01_F03",1,3,27,1
"R01_F03",1,3,28,4
"R01_F03",1,3,30,1
"R01_F03",1,3,31,3
"R01_F03",1,3,32,1
"R01_F03",1,3,33,1
"R01_F03",1,3,36,4
"R01_F03",1,3,37,2
"R01_F03",1,3,38,3
"R01_F03",1,3,39,4
"R01_F03",1,3,41,1
"R01_F03",1,3,42,1
"R01_F03",1,3,43,2
"R01_F03",1,3,44,4
"R01_F03",1,3,45,2
"R01_F03",1,3,47,2
"R01_F03",1,3,48,4
"R01_F03",1,3,49,1
"R01_F03",1,3,50,4
"R01_F03",1,3,51,4
"R01_F03",1,3,52,1
"R01_F03",1,3,54,3
"R01_F03",1,3,55,4
"R01_F03",1,3,56,4
"R01_F03",1,3,57,1
"R01_F03",1,3,59,3
"R01_F03",1,3,61,4
"R01_F03",1,3,62,1
"R01_F03",1,3,63,1
"R01_F03",1,3,65,4
"R01_F03",1,3,66,4
"R01_F03",1,3,68,2
"R01_F03",1,3,69,4
"R01_F03",1,3,71,3
"R01_F03",1,3,72,1
"R01_F03",1,3,74,4
"R01_F03",1,3,75,2
"R01_F03",1,3,76,3
"R01_F03",1,3,78,1
"R01_F03",1,3,80,3
"R01_F03",1,3,82,4
"R01_F03",1,3,83,1
"R01_F03",1,3,84,1
"R01_F03",1,3,86,4
"R01_F03",1,3,87,1
"R01_F03",1,3,90,3
"R01_F03",1,3,93,3
"R01_F03",1,3,94,2
"R01_F03",1,3,95,4
"R01_F03",1,3,97,3
"R01_F03",1,3,98,2
"R01_F03",1,3,99,2
"R01_F03",1,3,100,2
"R01_F03",1,3,101,2
"R01_F03",1,3,102,4
"R01_F03",1,3,104,3
"R01_F03",1,3,105,2
"R01_F03",1,3,106,2
"R01_F03",1,3,107,1
"R01_F03",1,3,108,1
"R01_F03",1,3,110,1
"R01_F03",1,3,111,1
"R01_F03",1,3,113,4
"R01_F03",1,3,115,1
"R01_F03",1,3,116,3
"R01_F03",1,3,117,4
"R01_F03",1,3,118,4
"R01_F03",1,3,119,2
"R01_F03",1,3,120,3
"R01_F03",1,3,121,4
"R01_F03",1,3,122,1
"R01_F03",1,3,123,4
"R01_F03",1,3,124,2
"R01_F03",1,3,125,1
"R01_F03",1,3,126,3
"R01_F03",1,3,127,4
"R01_F03",1,3,128,1
"R01_F03",1,3,129,2
"R01_F03",1,3,132,2
"R01_F03",1,3,133,2
"R01_F03",1,3,134,1
"R01_F03",1,3,135,1
"R01_F03",1,3,136,2
"R01_F03",1,3,137,2
"R01_F03",1,3,138,1
"R01_F03",1,3,139,4
"R01_F03",1,3,140,3
"R01_F03",1,3,142,2
"R01_F03",1,3,143,3
"R01_F03",1,3,144,4
"R01_F03",1,3,145,3
"R01_F03",1,3,147,2
"R01_F03",1,3,151,3
"R01_F03",1,3,152,1
"R01_F03",1,3,153,1
"R01_F03",1,3,154,1
"R01_F03",1,3,156,1
"R01_F03",1,3,157,1
"R01_F03",1,3,158,4
"R01_F03",1,3,159,4
"R01_F03",1,3,161,4
"R01_F03",1,3,162,1
"R01_F03",1,3,163,1
"R01_F03",1,3,164,1
"R01_F03",1,3,165,2
"R01_F03",1,3,167,1
"R01_F03",1,3,168,1
"R01_F03",1,3,169,1
"R01_F03",1,3,170,4
"R01_F03",1,3,171,1
"R01_F03",1,3,172,1
"R01_F03",1,3,174,3
"R01_F03",1,3,175,2
"R01_F03",1,3,177,1
"R01_F03",1,3,179,2
"R01_F03",1,3,181,1
"R01_F03",1,3,182,2
"R01_F03",1,3,183,3
"R01_F03",1,3,184,1
"R01_F03",1,3,185,1
"R01_F03",1,3,186,3
"R01_F03",1,3,187,4
"R01_F03",1,3,188,3
"R01_F03",1,3,189,4
"R01_F03",1,3,190,2
"R01_F03",1,3,191,2
"R01_F03",1,3,192,4
"R01_F03",1,3,193,3
"R01_F03",1,3,194,1
"R01_F03",1,3,195,1
"R01_F03",1,3,196,2
"R01_F03",1,3,197,2
"R01_F03",1,3,198,3
"R01_F03",1,3,199,2
"R01_F03",1,3,200,4
"R01_F03",1,3,201,1
"R01_F03",1,3,202,2
"R01_F03",1,3,203,3
"R01_F03",1,3,204,4
"R01_F03",1,3,205,3
"R01_F03",1,3,206,3
"R01_F03",1,3,208,4
"R01_F03",1,3,209,4
"R01_F03",1,3,210,4
"R01_F03",1,3,211,3
"R01_F03",1,3,213,1
"R01_F03",1,3,214,4
"R01_F03",1,3,215,2
"R01_F03",1,3,216,1
"R01_F03",1,3,217,4
"R01_F03",1,3,218,1
"R01_F03",1,3,219,3
"R01_F03",1,3,220,3
"R01_F03",1,3,222,4
"R01_F03",1,3,223,3
"R01_F03",1,3,225,2
"R01_F03",1,3,226,1
"R01_F03",1,3,228,2
"R01_F03",1,3,229,4
"R01_F03",1,3,230,2
"R01_F03",1,3,231,4
"R01_F03",1,3,232,1
"R01_F03",1,3,233,2
"R01_F03",1,3,234,2
"R01_F03",1,3,235,1
"R01_F03",1,3,236,3
"R01_F03",1,3,237,2
"R01_F03",1,3,238,2
"R01_F03",1,3,239,2
"R01_F03",1,3,240,1
"R01_F03",1,3,242,2
"R01_F03",1,3,243,3
"R01_F03",1,3,244,1
"R01_F03",1,3,246,2
"R01_F03",1,3,247,1
"R01_F03",1,3,248,4
"R01_F03",1,3,249,2
"R01_F03",1,3,251,1
"R01_F03",1,3,252,2
"R01_F03",1,3,254,4
"R01_F03",1,3,255,1
"R01_F03",1,3,257,1
"R01_F03",1,3,259,3
"R01_F03",1,3,261,3
"R01_F03",1,3,262,1
"R01_F03",1,3,263,4
"R01_F03",1,3,264,3
"R01_F03",1,3,265,4
"R01_F03",1,3,266,2
"R01_F03",1,3,267,3
"R01_F03",1,3,268,4
"R01_F03",1,3,269,4
"R01_F03",1,3,271,4
"R01_F03",1,3,272,4
"R01_F03",1,3,273,3
"R01_F03",1,3,274,3
"R01_F03",1,3,275,1
"R01_F03",1,3,277,4
"R01_F03",1,3,278,2
"R01_F03",1,3,279,1
"R01_F03",1,3,281,4
"R01_F03",1,3,283,3
"R01_F03",1,3,285,2
"R01_F03",1,3,287,4
"R01_F03",1,3,288,2
"R01_F03",1,3,289,1
"R01_F03",1,3,290,1
"R01_F03",1,3,291,1
"R01_F03",1,3,292,4
"R01_F03",1,3,295,1
"R01_F03",1,3,296,2
"R01_F03",1,3,297,4
"R01_F03",1,3,300,4
"R01_F03",1,3,301,2
"R01_F03",1,3,302,2
"R01_F03",1,3,303,3
"R01_F03",1,3,304,2
"R01_F03",1,3,305,4
"R01_F03",1,3,307,1
"R01_F03",1,3,310,1
"R01_F03",1,3,311,4
"R01_F03",1,3,312,4
"R01_F03",1,3,313,3
"R01_F03",1,3,314,4
"R01_F03",1,3,315,3
"R01_F03",1,3,316,3
"R01_F03",1,3,318,2
"R01_F03",1,3,320,3
"R01_F03",1,3,321,3
"R01_F03",1,3,322,2
"R01_F03",1,3,323,2
"R01_F03",1,3,325,4
"R01_F03",1,3,326,4
"R01_F03",1,3,327,1
"R01_F03",1,3,328,2
"R01_F03",1,3,329,3
"R01_F03",1,3,331,3
"R01_F03",1,3,332,4
"R01_F03",1,3,333,2
"R01_F03",1,3,335,2
"R01_F03",1,3,337,4
"R01_F03",1,3,338,1
"R01_F03",1,3,339,1
"R01_F03",1,3,340,3
"R01_F03",1,3,341,1
"R01_F03",1,3,342,1
"R01_F03",1,3,343,1
"R01_F03",1,3,344,3
"R01_F03",1,3,345,4
"R01_F03",1,3,347,2
"R01_F03",1,3,348,4
"R01_F03",1,3,349,3
"R01_F03",1,3,350,3
"R01_F03",1,3,351,1
"R01_F03",1,3,352,4
"R01_F03",1,3,353,3
"R01_F03",1,3,354,2
"R01_F03",1,3,355,2
"R01_F03",1,3,356,3
"R01_F03",1,3,357,1
"R01_F03",1,3,358,1
"R01_F03",1,3,359,3
"R01_F03",1,3,360,1
"R01_F03",1,3,361,4
"R01_F03",1,3,362,3
"R01_F03",1,3,363,4
"R01_F03",1,3,364,3
"R01_F03",1,3,366,2
"R01_F03",1,3,367,2
"R01_F03",1,3,369,1
"R01_F03",1,3,370,1
"R01_F03",1,3,371,1
"R01_F03",1,3,372,2
"R01_F03",1,3,375,1
"R01_F03",1,3,376,1
"R01_F03",1,3,377,2
"R01_F03",1,3,379,3
"R01_F03",1,3,381,4
"R01_F03",1,3,382,2
"R01_F03",1,3,384,4
"R01_F03",1,3,385,2
"R01_F03",1,3,386,3
"R01_F03",1,3,387,1
"R01_F03",1,3,388,2
"R01_F03",1,3,389,3
"R01_F03",1,3,390,4
"R01_F03",1,3,392,1
"R01_F03",1,3,393,1
"R01_F03",1,3,394,1
"R01_F03",1,3,395,1
"R01_F03",1,3,396,1
"R01_F03",1,3,397,3
"R01_F03",1,3,398,2
"R01_F03",1,3,399,2
"R01_F03",1,3,400,2
"R01_F03",1,3,401,3
"R01_F03",1,3,402,3
"R01_F03",1,3,404,4
"R01_F03",1,3,405,2
"R01_F03",1,3,406,4
"R01_F03",1,3,407,1
"R01_F03",1,3,408,4
"R01_F03",1,3,410,2
"R01_F03",1,3,413,4
"R01_F03",1,3,414,3
"R01_F03",1,3,415,3
"R01_F03",1,3,416,1
"R01_F03",1,3,417,4
"R01_F03",1,3,420,2
"R01_F03",1,3,421,3
"R01_F03",1,3,422,1
"R01_F03",1,3,423,1
"R01_F03",1,3,424,2
"R01_F03",1,3,425,4
"R01_F03",1,3,428,4
"R01_F03",1,3,429,4
"R01_F03",1,3,430,2
"R01_F03",1,3,431,4
"R01_F03",1,3,432,2
"R01_F03",1,3,433,3
"R01_F03",1,3,434,4
"R01_F03",1,3,435,2
"R01_F03",1,3,436,1
"R01_F03",1,3,437,3
"R01_F03",1,3,438,4
"R01_F03",1,3,440,1
"R01_F03",1,3,441,2
"R01_F03",1,3,442,3
"R01_F03",1,3,443,1
"R01_F03",1,3,444,1
"R01_F03",1,3,446,2
"R01_F03",1,3,449,1
"R01_F03",1,3,450,4
"R01_F03",1,3,451,2
"R01_F03",1,3,452,1
"R01_F03",1,3,453,3
"R01_F03",1,3,455,4
"R01_F03",1,3,456,4
"R01_F03",1,3,457,4
"R01_F03",1,3,458,1
"R01_F03",1,3,459,4
"R01_F03",1,3,460,4
"R01_F03",1,3,461,2
"R01_F03",1,3,462,2
"R01_F03",1,3,463,2
"R01_F03",1,3,466,4
"R01_F03",1,3,468,1
"R01_F03",1,3,469,1
"R01_F03",1,3,471,3
"R01_F03",1,3,472,2
"R01_F03",1,3,474,4
"R01_F03",1,3,475,1
"R01_F03",1,3,477,3
"R01_F03",1,3,478,2
"R01_F03",1,3,479,4
"R01_F03",1,3,480,4
"R01_F03",1,3,482,4
"R01_F03",1,3,483,4
"R01_F03",1,3,484,2
"R01_F03",1,3,485,2
"R01_F03",1,3,487,1
"R01_F03",1,3,488,1
"R01_F03",1,3,489,2
"R01_F03",1,3,492,3
"R01_F03",1,3,493,3
"R01_F03",1,3,495,4
"R01_F03",1,3,496,4
"R01_F03",1,3,497,3
"R01_F03",1,3,498,3
"R01_F03",1,3,499,2
"R01_F03",1,3,500,1
"R01_F03",1,3,501,3
"R01_F03",1,3,502,1
"R01_F03",1,3,503,3
"R01_F03",1,3,504,4
"R01_F03",1,3,505,3
"R01_F03",1,3,506,2
"R01_F03",1,3,507,2
"R01_F03",1,3,509,3
"R01_F03",1,3,510,3
"R01_F03",1,3,511,3
"R01_F03",1,3,512,1
"R01_F03",1,3,513,3
"R01_F03",1,3,514,3
"R01_F03",1,3,516,4
"R01_F03",1,3,517,3
"R01_F03",1,3,518,4
"R01_F03",1,3,519,4
"R01_F03",1,3,520,4
"R01_F03",1,3,521,1
"R01_F03",1,3,522,3
"R01_F03",1,3,523,4
"R01_F03",1,3,524,1
"R01_F03",1,3,525,3
"R01_F03",1,3,527,1
"R01_F03",1,3,528,2
"R01_F03",1,3,529,3
"R01_F03",1,3,530,2
"R01_F03",1,3,532,4
"R01_F03",1,3,533,1
"R01_F03",1,3,534,1
"R01_F03",1,3,536,2
"R01_F03",1,3,537,3
"R01_F03",1,3,539,1
"R01_F03",1,3,540,2
"R01_F03",1,3,541,3
"R01_F03",1,3,542,4
"R01_F03",1,3,547,3
"R01_F03",1,3,549,3
"R01_F03",1,3,550,1
"R01_F03",1,3,551,2
"R01_F03",1,3,552,2
"R01_F03",1,3,553,4
"R01_F03",1,3,555,2
"R01_F03",1,3,556,2
"R01_F03",1,3,558,2
"R01_F03",1,3,559,2
"R01_F03",1,3,560,3
"R01_F03",1,3,561,1
"R01_F03",1,3,562,1
"R01_F03",1,3,563,2
"R01_F03",1,3,564,2
"R01_F03",1,3,565,1
"R01_F03",1,3,566,2
"R01_F03",1,3,567,3
"R01_F03",1,3,569,4
"R01_F03",1,3,570,3
"R01_F03",1,3,571,1
"R01_F03",1,3,572,3
"R01_F03",1,3,573,3
"R01_F03",1,3,574,2
"R01_F03",1,3,575,2
"R01_F03",1,3,576,4
"R01_F03",1,3,577,3
"R01_F03",1,3,578,4
"R01_F03",1,3,579,3
"R01_F03",1,3,581,3
"R01_F03",1,3,582,1
"R01_F03",1,3,584,3
"R01_F03",1,3,585,1
"R01_F03",1,3,586,2
"R01_F03",1,3,587,2
"R01_F03",1,3,588,2
"R01_F03",1,3,591,1
"R01_F03",1,3,592,2
"R01_F03",1,3,593,2
"R01_F03",1,3,594,4
"R01_F03",1,3,595,3
"R01_F03",1,3,596,1
"R01_F03",1,3,597,4
"R01_F03",1,3,598,1
"R01_F03",1,3,599,3
"R01_F03",1,3,600,4
"R01_F03",1,3,601,3
"R01_F03",1,3,602,4
"R01_F03",1,3,603,2
"R01_F03",1,3,604,3
"R01_F03",1,3,605,3
"R01_F03",1,3,606,1
"R01_F03",1,3,607,3
"R01_F03",1,3,609,2
"R01_F03",1,3,610,3
"R01_F03",1,3,611,4
"R01_F03",1,3,612,3
"R01_F03",1,3,614,3
"R01_F03",1,3,615,4
"R01_F03",1,3,616,1
"R01_F03",1,3,617,2
"R01_F03",1,3,618,2
"R01_F03",1,3,619,3
"R01_F03",1,3,620,1
"R01_F03",1,3,621,4
"R01_F03",1,3,622,3
"R01_F03",1,3,623,3
"R01_F03",1,3,624,1
"R01_F03",1,3,625,3
"R01_F03",1,3,626,4
"R01_F03",1,3,627,2
"R01_F03",1,3,628,3
"R01_F03",1,3,629,4
"R01_F03",1,3,630,3
"R01_F03",1,3,631,2
"R01_F03",1,3,632,3
"R01_F03",1,3,633,4
"R01_F03",1,3,635,3
"R01_F03",1,3,636,2
"R01_F03",1,3,637,3
"R01_F03",1,3,638,3
"R01_F03",1,3,640,3
"R01_F03",1,3,641,3
"R01_F03",1,3,642,1
"R01_F03",1,3,643,1
"R01_F03",1,3,644,1
"R01_F03",1,3,645,4
"R01_F03",1,3,647,2
"R01_F03",1,3,648,2
"R01_F03",1,3,649,4
"R01_F03",1,3,650,3
"R01_F03",1,3,651,1
"R01_F03",1,3,652,4
"R01_F03",1,3,654,1
"R01_F03",1,3,655,4
"R01_F03",1,3,656,1
"R01_F03",1,3,657,1
"R01_F03",1,3,658,1
"R01_F03",1,3,659,2
"R01_F03",1,3,660,4
"R01_F03",1,3,662,1
"R01_F03",1,3,663,2
"R01_F03",1,3,664,2
"R01_F03",1,3,665,1
"R01_F03",1,3,666,2
"R01_F03",1,3,667,4
"R01_F03",1,3,668,3
"R01_F03",1,3,669,2
"R01_F03",1,3,671,2
"R01_F03",1,3,672,4
"R01_F03",1,3,673,3
"R01_F03",1,3,674,1
"R01_F03",1,3,675,4
"R01_F03",1,3,676,2
"R01_F03",1,3,678,2
"R01_F03",1,3,679,4
"R01_F03",1,3,681,4
"R01_F03",1,3,682,4
"R01_F03",1,3,685,2
"R01_F03",1,3,686,4
"R01_F03",1,3,687,3
"R01_F03",1,3,688,2
"R01_F03",1,3,689,2
"R01_F03",1,3,690,1
"R01_F03",1,3,691,4
"R01_F03",1,3,692,4
"R01_F03",1,3,693,3
"R01_F03",1,3,695,2
"R01_F03",1,3,697,1
"R01_F03",1,3,699,2
"R01_F03",1,3,700,2
"R01_F03",1,3,703,2
"R01_F03",1,3,704,2
"R01_F03",1,3,705,4
"R01_F03",1,3,706,1
"R01_F03",1,3,707,2
"R01_F03",1,3,708,4
"R01_F03",1,3,709,2
"R01_F03",1,3,710,3
"R01_F03",1,3,711,3
"R01_F03",1,3,712,3
"R01_F03",1,3,713,4
"R01_F03",1,3,714,4
"R01_F03",1,3,715,1
"R01_F03",1,3,716,1
"R01_F03",1,3,717,3
"R01_F03",1,3,719,1
"R01_F03",1,3,720,1
"R01_F03",1,3,721,1
"R01_F03",1,3,722,1
"R01_F03",1,3,723,4
"R01_F03",1,3,724,1
"R01_F03",1,3,725,3
"R01_F03",1,3,726,2
"R01_F03",1,3,728,1
"R01_F03",1,3,729,1
"R01_F03",1,3,730,4
"R01_F03",1,3,731,3
"R01_F03",1,3,733,3
"R01_F03",1,3,735,3
"R01_F03",1,3,736,2
"R01_F03",1,3,737,4
"R01_F03",1,3,738,3
"R01_F03",1,3,739,1
"R01_F03",1,3,740,1
"R01_F03",1,3,741,1
"R01_F03",1,3,743,3
"R01_F03",1,3,744,3
"R01_F03",1,3,745,1
"R01_F03",1,3,746,2
"R01_F03",1,3,747,3
"R01_F03",1,3,748,4
"R01_F03",1,3,749,3
"R01_F03",1,3,750,1
"R01_F03",1,3,751,2
"R01_F03",1,3,752,4
"R01_F03",1,3,753,1
"R01_F03",1,3,754,3
"R01_F03",1,3,755,1
"R01_F03",1,3,757,4
"R01_F03",1,3,759,2
"R01_F03",1,3,760,3
"R01_F03",1,3,761,1
"R01_F03",1,3,762,2
"R01_F03",1,3,763,4
"R01_F03",1,3,764,2
"R01_F03",1,3,765,4
"R01_F03",1,3,766,1
"R01_F03",1,3,767,3
"R01_F03",1,3,768,1
"R01_F03",1,3,769,2
"R01_F03",1,3,771,4
"R01_F03",1,3,772,2
"R01_F03",1,3,773,4
"R01_F03",1,3,774,4
"R01_F03",1,3,775,4
"R01_F03",1,3,776,1
"R01_F03",1,3,777,3
"R01_F03",1,3,778,3
"R01_F03",1,3,779,2
"R01_F03",1,3,782,2
"R01_F03",1,3,783,3
"R01_F03",1,3,784,3
"R01_F03",1,3,785,3
"R01_F03",1,3,787,3
"R01_F03",1,3,788,4
"R01_F03",1,3,789,4
"R01_F03",1,3,790,1
"R01_F03",1,3,792,3
"R01_F03",1,3,793,4
"R01_F03",1,3,794,2
"R01_F03",1,3,795,3
"R01_F03",1,3,797,1
"R01_F03",1,3,798,4
"R01_F03",1,3,800,2
"R01_F03",1,3,801,3
"R01_F03",1,3,802,4
"R01_F03",1,3,803,1
"R01_F03",1,3,804,3
"R01_F03",1,3,805,4
"R01_F03",1,3,806,4
"R01_F03",1,3,807,1
"R01_F03",1,3,809,3
"R01_F03",1,3,810,2
"R01_F03",1,3,811,3
"R01_F03",1,3,812,4
"R01_F03",1,3,813,1
"R01_F03",1,3,814,4
"R01_F03",1,3,816,2
"R01_F03",1,3,817,3
"R01_F03",1,3,819,2
"R01_F03",1,3,820,3
"R01_F03",1,3,821,3
"R01_F03",1,3,822,4
"R01_F03",1,3,825,2
"R01_F03",1,3,826,4
"R01_F03",1,3,828,4
"R01_F03",1,3,829,1
"R01_F03",1,3,831,1
"R01_F03",1,3,832,4
"R01_F03",1,3,834,3
"R01_F03",1,3,835,4
"R01_F03",1,3,836,2
"R01_F03",1,3,837,3
"R01_F03",1,3,838,3
"R01_F03",1,3,839,2
"R01_F03",1,3,840,2
"R01_F03",1,3,841,4
"R01_F03",1,3,842,3
"R01_F03",1,3,843,3
"R01_F03",1,3,844,4
"R01_F03",1,3,845,3
"R01_F03",1,3,846,2
"R01_F03",1,3,848,3
"R01_F03",1,3,850,3
"R01_F03",1,3,851,3
"R01_F03",1,3,852,2
"R01_F03",1,3,853,1
"R01_F03",1,3,854,3
"R01_F03",1,3,855,4
"R01_F03",1,3,856,4
"R01_F03",1,3,857,3
"R01_F03",1,3,858,1
"R01_F03",1,3,859,1
"R01_F03",1,3,860,1
"R01_F03",1,3,861,3
"R01_F03",1,3,862,4
"R01_F03",1,3,863,3
"R01_F03",1,3,864,4
"R01_F03",1,3,865,4
"R01_F03",1,3,867,1
"R01_F03",1,3,868,3
"R01_F03",1,3,869,3
"R01_F03",1,3,871,1
"R01_F03",1,3,872,4
"R01_F03",1,3,874,4
"R01_F03",1,3,876,2
"R01_F03",1,3,877,4
"R01_F03",1,3,878,1
"R01_F03",1,3,879,4
"R01_F03",1,3,880,3
"R01_F03",1,3,881,3
"R01_F03",1,3,883,2
"R01_F03",1,3,885,2
"R01_F03",1,3,886,2
"R01_F03",1,3,888,4
"R01_F03",1,3,889,2
"R01_F03",1,3,890,1
"R01_F03",1,3,891,4
"R01_F03",1,3,893,2
"R01_F03",1,3,894,2
"R01_F03",1,3,895,3
"R01_F03",1,3,896,2
"R01_F03",1,3,897,3
"R01_F03",1,3,898,3
"R01_F03",1,3,899,2
"R01_F03",1,3,900,2
"R01_F03",1,3,902,2
"R01_F03",1,3,903,4
"R01_F03",1,3,904,2
"R01_F03",1,3,905,4
"R01_F03",1,3,906,3
"R01_F03",1,3,908,2
"R01_F03",1,3,910,1
"R01_F03",1,3,911,2
"R01_F03",1,3,912,3
"R01_F03",1,3,913,4
"R01_F03",1,3,914,3
"R01_F03",1,3,915,2
"R01_F03",1,3,916,4
"R01_F03",1,3,917,1
"R01_F03",1,3,918,2
"R01_F03",1,3,919,4
"R01_F03",1,3,920,3
"R01_F03",1,3,922,3
"R01_F03",1,3,923,1
"R01_F03",1,3,925,4
"R01_F03",1,3,926,1
"R01_F03",1,3,927,4
"R01_F03",1,3,928,2
"R01_F03",1,3,929,2
"R01_F03",1,3,930,1
"R01_F03",1,3,931,1
"R01_F03",1,3,932,2
"R01_F03",1,3,933,1
"R01_F03",1,3,934,4
"R01_F03",1,3,935,2
"R01_F03",1,3,936,2
"R01_F03",1,3,937,1
"R01_F03",1,3,940,4
"R01_F03",1,3,942,2
"R01_F03",1,3,943,1
"R01_F03",1,3,944,3
"R01_F03",1,3,945,2
"R01_F03",1,3,946,1
"R01_F03",1,3,947,3
"R01_F03",1,3,948,1
"R01_F03",1,3,949,2
"R01_F03",1,3,950,2
"R01_F03",1,3,951,3
"R01_F03",1,3,952,2
"R01_F03",1,3,953,1
"R01_F03",1,3,954,3
"R01_F03",1,3,955,2
"R01_F03",1,3,956,1
"R01_F03",1,3,957,4
"R01_F03",1,3,958,4
"R01_F03",1,3,959,3
"R01_F03",1,3,961,3
"R01_F03",1,3,963,3
"R01_F03",1,3,964,3
"R01_F03",1,3,965,3
"R01_F03",1,3,966,1
"R01_F03",1,3,968,1
"R01_F03",1,3,969,2
"R01_F03",1,3,971,3
"R01_F03",1,3,972,2
"R01_F03",1,3,973,1
"R01_F03",1,3,974,2
"R01_F03",1,3,975,1
"R01_F03",1,3,977,3
"R01_F03",1,3,979,4
"R01_F03",1,3,980,4
"R01_F03",1,3,981,2
"R01_F03",1,3,983,4
"R01_F03",1,3,984,2
"R01_F03",1,3,985,1
"R01_F03",1,3,986,4
"R01_F03",1,3,989,3
"R01_F03",1,3,990,2
"R01_F03",1,3,992,2
"R01_F03",1,3,997,1
"R01_F03",1,3,999,4
"R01_F04",1,4,1,3
"R01_F04",1,4,3,3
"R01_F04",1,4,5,4
"R01_F04",1,4,6,1
"R01_F04",1,4,7,2
"R01_F04",1,4,8,2
"R01_F04",1,4,9,3
"R01_F04",1,4,10,1
"R01_F04",1,4,12,3
"R01_F04",1,4,13,3
"R01_F04",1,4,14,2
"R01_F04",1,4,15,2
"R01_F04",1,4,16,3
"R01_F04",1,4,18,1
"R01_F04",1,4,19,2
"R01_F04",1,4,20,4
"R01_F04",1,4,21,1
"R01_F04",1,4,22,1
"R01_F04",1,4,23,2
"R01_F04",1,4,24,2
"R01_F04",1,4,25,3
"R01_F04",1,4,26,4
"R01_F04",1,4,27,4
"R01_F04",1,4,28,2
"R01_F04",1,4,29,3
"R01_F04",1,4,31,3
"R01_F04",1,4,33,1
"R01_F04",1,4,34,4
"R01_F04",1,4,35,2
"R01_F04",1,4,37,4
"R01_F04",1,4,38,4
"R01_F04",1,4,39,3
"R01_F04",1,4,40,2
"R01_F04",1,4,42,1
"R01_F04",1,4,43,4
"R01_F04",1,4,44,2
"R01_F04",1,4,46,2
"R01_F04",1,4,48,4
"R01_F04",1,4,51,2
"R01_F04",1,4,52,2
"R01_F04",1,4,53,4
"R01_F04",1,4,54,1
"R01_F04",1,4,55,1
"R01_F04",1,4,57,4
"R01_F04",1,4,58,4
"R01_F04",1,4,59,1
"R01_F04",1,4,60,1
"R01_F04",1,4,61,1
"R01_F04",1,4,62,2
"R01_F04",1,4,63,3
"R01_F04",1,4,64,2
"R01_F04",1,4,65,1
"R01_F04",1,4,66,1
"R01_F04",1,4,67,2
"R01_F04",1,4,68,2
"R01_F04",1,4,70,3
"R01_F04",1,4,71,1
"R01_F04",1,4,73,2
"R01_F04",1,4,74,4
"R01_F04",1,4,75,4
"R01_F04",1,4,76,4
"R01_F04",1,4,77,4
"R01_F04",1,4,79,3
"R01_F04",1,4,81,2
"R01_F04",1,4,82,1
"R01_F04",1,4,83,3
"R01_F04",1,4,84,1
"R01_F04",1,4,85,1
"R01_F04",1,4,86,1
"R01_F04",1,4,87,3
"R01_F04",1,4,88,2
"R01_F04",1,4,89,3
"R01_F04",1,4,90,2
"R01_F04",1,4,91,3
"R01_F04",1,4,92,2
"R01_F04",1,4,94,2
"R01_F04",1,4,96,3
"R01_F04",1,4,97,2
"R01_F04",1,4,98,2
"R01_F04",1,4,99,2
"R01_F04",1,4,101,1
"R01_F04",1,4,103,4
"R01_F04",1,4,104,3
"R01_F04",1,4,105,2
"R01_F04",1,4,106,3
"R01_F04",1,4,107,2
"R01_F04",1,4,108,2
"R01_F04",1,4,109,3
"R01_F04",1,4,110,3
"R01_F04",1,4,111,4
"R01_F04",1,4,112,2
"R01_F04",1,4,113,2
"R01_F04",1,4,114,1
"R01_F04",1,4,115,4
"R01_F04",1,4,116,2
"R01_F04",1,4,117,3
"R01_F04",1,4,119,2
"R01_F04",1,4,120,4
"R01_F04",1,4,121,3
"R01_F04",1,4,122,3
"R01_F04",1,4,123,2
"R01_F04",1,4,124,4
"R01_F04",1,4,125,1
"R01_F04",1,4,126,2
"R01_F04",1,4,129,4
"R01_F04",1,4,130,1
"R01_F04",1,4,131,3
"R01_F04",1,4,132,4
"R01_F04",1,4,134,2
"R01_F04",1,4,135,3
"R01_F04",1,4,137,1
"R01_F04",1,4,138,2
"R01_F04",1,4,139,3
"R01_F04",1,4,140,4
"R01_F04",1,4,141,4
"R01_F04",1,4,143,3
"R01_F04",1,4,144,1
"R01_F04",1,4,146,3
"R01_F04",1,4,147,4
"R01_F04",1,4,148,3
"R01_F04",1,4,149,3
"R01_F04",1,4,150,1
"R01_F04",1,4,153,4
"R01_F04",1,4,154,1
"R01_F04",1,4,155,3
"R01_F04",1,4,156,4
"R01_F04",1,4,158,2
"R01_F04",1,4,159,1
"R01_F04",1,4,160,2
"R01_F04",1,4,161,2
"R01_F04",1,4,162,1
"R01_F04",1,4,164,2
"R01_F04",1,4,165,3
"R01_F04",1,4,166,2
"R01_F04",1,4,168,2
"R01_F04",1,4,169,1
"R01_F04",1,4,170,2
"R01_F04",1,4,172,3
"R01_F04",1,4,173,2
"R01_F04",1,4,174,1
"R01_F04",1,4,175,4
"R01_F04",1,4,176,2
"R01_F04",1,4,177,1
"R01_F04",1,4,178,3
"R01_F04",1,4,179,1
"R01_F04",1,4,180,3
"R01_F04",1,4,182,1
"R01_F04",1,4,184,4
"R01_F04",1,4,185,2
"R01_F04",1,4,186,4
"R01_F04",1,4,190,4
"R01_F04",1,4,192,4
"R01_F04",1,4,193,3
"R01_F04",1,4,194,2
"R01_F04",1,4,195,1
"R01_F04",1,4,196,4
"R01_F04",1,4,197,3
"R01_F04",1,4,199,1
"R01_F04",1,4,201,3
"R01_F04",1,4,202,4
"R01_F04",1,4,204,1
"R01_F04",1,4,206,2
"R01_F04",1,4,207,1
"R01_F04",1,4,208,2
"R01_F04",1,4,209,1
"R01_F04",1,4,210,3
"R01_F04",1,4,211,3
"R01_F04",1,4,212,3
"R01_F04",1,4,213,3
"R01_F04",1,4,214,3
"R01_F04",1,4,215,2
"R01_F04",1,4,216,1
"R01_F04",1,4,217,1
"R01_F04",1,4,219,2
"R01_F04",1,4,220,2
"R01_F04",1,4,221,3
"R01_F04",1,4,223,2
"R01_F04",1,4,224,4
"R01_F04",1,4,225,2
"R01_F04",1,4,226,4
"R01_F04",1,4,227,1
"R01_F04",1,4,228,3
"R01_F04",1,4,229,4
"R01_F04",1,4,230,1
"R01_F04",1,4,231,2
"R01_F04",1,4,232,1
"R01_F04",1,4,233,4
"R01_F04",1,4,235,3
"R01_F04",1,4,236,2
"R01_F04",1,4,237,3
"R01_F04",1,4,238,2
"R01_F04",1,4,239,4
"R01_F04",1,4,240,1
"R01_F04",1,4,241,3
"R01_F04",1,4,242,2
"R01_F04",1,4,244,1
"R01_F04",1,4,245,1
"R01_F04",1,4,246,1
"R01_F04",1,4,247,1
"R01_F04",1,4,248,4
"R01_F04",1,4,249,1
"R01_F04",1,4,250,2
"R01_F04",1,4,252,2
"R01_F04",1,4,253,4
"R01_F04",1,4,254,3
"R01_F04",1,4,256,2
"R01_F04",1,4,257,4
"R01_F04",1,4,258,4
"R01_F04",1,4,259,4
"R01_F04",1,4,260,3
"R01_F04",1,4,262,3
"R01_F04",1,4,263,3
"R01_F04",1,4,264,3
"R01_F04",1,4,265,3
"R01_F04",1,4,266,4
"R01_F04",1,4,267,2
"R01_F04",1,4,269,1
"R01_F04",1,4,270,1
"R01_F04",1,4,271,1
"R01_F04",1,4,272,3
"R01_F04",1,4,273,1
"R01_F04",1,4,275,4
"R01_F04",1,4,276,4
"R01_F04",1,4,278,4
"R01_F04",1,4,279,2
"R01_F04",1,4,280,3
"R01_F04",1,4,281,3
"R01_F04",1,4,282,3
"R01_F04",1,4,283,2
"R01_F04",1,4,284,3
"R01_F04",1,4,285,1
"R01_F04",1,4,286,1
"R01_F04",1,4,287,2
"R01_F04",1,4,288,4
"R01_F04",1,4,290,1
"R01_F04",1,4,291,2
"R01_F04",1,4,292,1
"R01_F04",1,4,293,3
"R01_F04",1,4,294,1
"R01_F04",1,4,295,1
"R01_F04",1,4,296,1
"R01_F04",1,4,298,4
"R01_F04",1,4,299,4
"R01_F04",1,4,300,4
"R01_F04",1,4,302,4
"R01_F04",1,4,303,2
"R01_F04",1,4,304,2
"R01_F04",1,4,305,3
"R01_F04",1,4,306,4
"R01_F04",1,4,307,2
"R01_F04",1,4,308,3
"R01_F04",1,4,309,4
"R01_F04",1,4,310,4
"R01_F04",1,4,312,1
"R01_F04",1,4,313,3
"R01_F04",1,4,314,2
"R01_F04",1,4,315,2
"R01_F04",1,4,316,1
"R01_F04",1,4,317,2
"R01_F04",1,4,318,1
"R01_F04",1,4,319,1
"R01_F04",1,4,320,2
"R01_F04",1,4,321,2
"R01_F04",1,4,322,2
"R01_F04",1,4,323,3
"R01_F04",1,4,324,1
"R01_F04",1,4,325,1
"R01_F04",1,4,327,4
"R01_F04",1,4,328,3
"R01_F04",1,4,330,4
"R01_F04",1,4,334,3
"R01_F04",1,4,335,3
"R01_F04",1,4,336,1
"R01_F04",1,4,337,3
"R01_F04",1,4,338,1
"R01_F04",1,4,340,2
"R01_F04",1,4,341,3
"R01_F04",1,4,342,4
"R01_F04",1,4,343,4
"R01_F04",1,4,344,1
"R01_F04",1,4,346,4
"R01_F04",1,4,348,1
"R01_F04",1,4,350,1
"R01_F04",1,4,353,2
"R01_F04",1,4,355,2
"R01_F04",1,4,356,3
"R01_F04",1,4,357,3
"R01_F04",1,4,358,3
"R01_F04",1,4,359,3
"R01_F04",1,4,360,1
"R01_F04",1,4,361,2
"R01_F04",1,4,362,2
"R01_F04",1,4,363,2
"R01_F04",1,4,364,4
"R01_F04",1,4,365,1
"R01_F04",1,4,366,2
"R01_F04",1,4,367,4
"R01_F04",1,4,368,2
"R01_F04",1,4,369,1
"R01_F04",1,4,370,1
"R01_F04",1,4,371,1
"R01_F04",1,4,372,3
"R01_F04",1,4,373,4
"R01_F04",1,4,374,3
"R01_F04",1,4,375,2
"R01_F04",1,4,376,4
"R01_F04",1,4,378,1
"R01_F04",1,4,379,1
"R01_F04",1,4,380,1
"R01_F04",1,4,382,2
"R01_F04",1,4,383,1
"R01_F04",1,4,385,3
"R01_F04",1,4,387,1
"R01_F04",1,4,388,3
"R01_F04",1,4,390,2
"R01_F04",1,4,391,2
"R01_F04",1,4,392,4
"R01_F04",1,4,393,1
"R01_F04",1,4,394,4
"R01_F04",1,4,395,2
"R01_F04",1,4,396,1
"R01_F04",1,4,397,1
"R01_F04",1,4,398,4
"R01_F04",1,4,400,4
"R01_F04",1,4,402,2
"R01_F04",1,4,403,3
"R01_F04",1,4,404,1
"R01_F04",1,4,406,1
"R01_F04",1,4,408,4
"R01_F04",1,4,409,1
"R01_F04",1,4,410,4
"R01_F04",1,4,411,1
"R01_F04",1,4,412,4
"R01_F04",1,4,413,3
"R01_F04",1,4,414,4
"R01_F04",1,4,416,2
"R01_F04",1,4,417,1
"R01_F04",1,4,418,3
"R01_F04",1,4,419,2
"R01_F04",1,4,420,2
"R01_F04",1,4,422,4
"R01_F04",1,4,423,4
"R01_F04",1,4,424,4
"R01_F04",1,4,425,1
"R01_F04",1,4,426,3
"R01_F04",1,4,427,1
"R01_F04",1,4,428,1
"R01_F04",1,4,432,4
"R01_F04",1,4,434,4
"R01_F04",1,4,435,1
"R01_F04",1,4,436,3
"R01_F04",1,4,437,4
"R01_F04",1,4,438,2
"R01_F04",1,4,439,3
"R01_F04",1,4,440,3
"R01_F04",1,4,441,1
"R01_F04",1,4,442,2
"R01_F04",1,4,443,1
"R01_F04",1,4,445,3
"R01_F04",1,4,446,1
"R01_F04",1,4,447,2
"R01_F04",1,4,448,3
"R01_F04",1,4,450,3
"R01_F04",1,4,452,4
"R01_F04",1,4,453,3
"R01_F04",1,4,454,2
"R01_F04",1,4,455,1
"R01_F04",1,4,457,1
"R01_F04",1,4,458,3
"R01_F04",1,4,460,3
"R01_F04",1,4,461,4
"R01_F04",1,4,463,4
"R01_F04",1,4,464,1
"R01_F04",1,4,465,3
"R01_F04",1,4,466,2
"R01_F04",1,4,467,3
"R01_F04",1,4,468,3
"R01_F04",1,4,469,1
"R01_F04",1,4,470,4
"R01_F04",1,4,472,4
"R01_F04",1,4,473,3
"R01_F04",1,4,474,3
"R01_F04",1,4,476,4
"R01_F04",1,4,478,2
"R01_F04",1,4,479,4
"R01_F04",1,4,480,1
"R01_F04",1,4,481,1
"R01_F04",1,4,482,4
"R01_F04",1,4,483,2
"R01_F04",1,4,484,2
"R01_F04",1,4,485,1
"R01_F04",1,4,486,4
"R01_F04",1,4,487,3
"R01_F04",1,4,488,1
"R01_F04",1,4,489,3
"R01_F04",1,4,490,2
"R01_F04",1,4,491,2
"R01_F04",1,4,492,1
"R01_F04",1,4,493,4
"R01_F04",1,4,494,4
"R01_F04",1,4,495,1
"R01_F04",1,4,496,3
"R01_F04",1,4,497,1
"R01_F04",1,4,498,4
"R01_F04",1,4,499,3
"R01_F04",1,4,500,4
"R01_F04",1,4,501,4
"R01_F04",1,4,502,3
"R01_F04",1,4,503,2
"R01_F04",1,4,504,4
"R01_F04",1,4,505,1
"R01_F04",1,4,506,4
"R01_F04",1,4,507,1
"R01_F04",1,4,508,3
"R01_F04",1,4,510,2
"R01_F04",1,4,511,2
"R01_F04",1,4,512,2
"R01_F04",1,4,513,3
"R01_F04",1,4,514,4
"R01_F04",1,4,515,4
"R01_F04",1,4,517,3
"R01_F04",1,4,518,4
"R01_F04",1,4,521,1
"R01_F04",1,4,522,4
"R01_F04",1,4,525,4
"R01_F04",1,4,526,3
"R01_F04",1,4,527,4
"R01_F04",1,4,528,4
"R01_F04",1,4,529,4
"R01_F04",1,4,530,4
"R01_F04",1,4,531,3
"R01_F04",1,4,533,4
"R01_F04",1,4,534,3
"R01_F04",1,4,535,4
"R01_F04",1,4,536,1
"R01_F04",1,4,537,3
"R01_F04",1,4,538,1
"R01_F04",1,4,539,1
"R01_F04",1,4,540,1
"R01_F04",1,4,541,2
"R01_F04",1,4,542,3
"R01_F04",1,4,543,4
"R01_F04",1,4,544,4
"R01_F04",1,4,545,2
"R01_F04",1,4,546,4
"R01_F04",1,4,548,4
"R01_F04",1,4,549,1
"R01_F04",1,4,551,3
"R01_F04",1,4,554,4
"R01_F04",1,4,555,2
"R01_F04",1,4,556,3
"R01_F04",1,4,557,3
"R01_F04",1,4,559,4
"R01_F04",1,4,560,2
"R01_F04",1,4,561,1
"R01_F04",1,4,563,4
"R01_F04",1,4,564,4
"R01_F04",1,4,565,2
"R01_F04",1,4,567,2
"R01_F04",1,4,568,2
"R01_F04",1,4,569,3
"R01_F04",1,4,570,1
"R01_F04",1,4,571,3
"R01_F04",1,4,572,4
"R01_F04",1,4,573,4
"R01_F04",1,4,574,3
"R01_F04",1,4,575,1
"R01_F04",1,4,576,4
"R01_F04",1,4,579,2
"R01_F04",1,4,580,4
"R01_F04",1,4,581,4
"R01_F04",1,4,582,4
"R01_F04",1,4,583,2
"R01_F04",1,4,586,3
"R01_F04",1,4,588,3
"R01_F04",1,4,589,1
"R01_F04",1,4,590,2
"R01_F04",1,4,591,4
"R01_F04",1,4,593,4
"R01_F04",1,4,595,2
"R01_F04",1,4,596,2
"R01_F04",1,4,597,4
"R01_F04",1,4,598,2
"R01_F04",1,4,600,2
"R01_F04",1,4,601,4
"R01_F04",1,4,602,3
"R01_F04",1,4,604,3
"R01_F04",1,4,605,2
"R01_F04",1,4,606,1
"R01_F04",1,4,607,1
"R01_F04",1,4,608,4
"R01_F04",1,4,609,1
"R01_F04",1,4,610,4
"R01_F04",1,4,611,3
"R01_F04",1,4,612,4
"R01_F04",1,4,613,1
"R01_F04",1,4,615,4
"R01_F04",1,4,617,3
"R01_F04",1,4,618,1
"R01_F04",1,4,620,3
"R01_F04",1,4,621,4
"R01_F04",1,4,622,1
"R01_F04",1,4,623,2
"R01_F04",1,4,624,3
"R01_F04",1,4,625,1
"R01_F04",1,4,627,3
"R01_F04",1,4,628,3
"R01_F04",1,4,629,4
"R01_F04",1,4,630,2
"R01_F04",1,4,631,2
"R01_F04",1,4,632,1
"R01_F04",1,4,634,3
"R01_F04",1,4,635,1
"R01_F04",1,4,636,2
"R01_F04",1,4,637,1
"R01_F04",1,4,638,3
"R01_F04",1,4,639,1
"R01_F04",1,4,641,2
"R01_F04",1,4,642,4
"R01_F04",1,4,643,4
"R01_F04",1,4,645,4
"R01_F04",1,4,646,4
"R01_F04",1,4,647,1
"R01_F04",1,4,650,3
"R01_F04",1,4,651,4
"R01_F04",1,4,652,2
"R01_F04",1,4,653,3
"R01_F04",1,4,655,3
"R01_F04",1,4,656,2
"R01_F04",1,4,660,2
"R01_F04",1,4,661,3
"R01_F04",1,4,663,4
"R01_F04",1,4,665,2
"R01_F04",1,4,666,4
"R01_F04",1,4,667,1
"R01_F04",1,4,669,1
"R01_F04",1,4,670,4
"R01_F04",1,4,671,4
"R01_F04",1,4,673,1
"R01_F04",1,4,674,2
"R01_F04",1,4,676,4
"R01_F04",1,4,677,3
"R01_F04",1,4,678,1
"R01_F04",1,4,679,1
"R01_F04",1,4,680,2
"R01_F04",1,4,682,1
"R01_F04",1,4,683,2
"R01_F04",1,4,684,4
"R01_F04",1,4,685,3
"R01_F04",1,4,686,4
"R01_F04",1,4,687,1
"R01_F04",1,4,690,4
"R01_F04",1,4,691,1
"R01_F04",1,4,692,4
"R01_F04",1,4,693,1
"R01_F04",1,4,694,2
"R01_F04",1,4,695,3
"R01_F04",1,4,696,3
"R01_F04",1,4,697,1
"R01_F04",1,4,698,2
"R01_F04",1,4,699,3
"R01_F04",1,4,700,4
"R01_F04",1,4,701,4
"R01_F04",1,4,702,3
"R01_F04",1,4,703,3
"R01_F04",1,4,704,2
"R01_F04",1,4,705,3
"R01_F04",1,4,706,1
"R01_F04",1,4,707,3
"R01_F04",1,4,708,1
"R01_F04",1,4,709,3
"R01_F04",1,4,710,4
"R01_F04",1,4,711,1
"R01_F04",1,4,712,4
"R01_F04",1,4,713,4
"R01_F04",1,4,715,2
"R01_F04",1,4,717,2
"R01_F04",1,4,718,3
"R01_F04",1,4,719,1
"R01_F04",1,4,720,1
"R01_F04",1,4,721,3
"R01_F04",1,4,722,4
"R01_F04",1,4,723,2
"R01_F04",1,4,724,2
"R01_F04",1,4,725,1
"R01_F04",1,4,726,1
"R01_F04",1,4,727,4
"R01_F04",1,4,728,2
"R01_F04",1,4,729,4
"R01_F04",1,4,730,4
"R01_F04",1,4,732,2
"R01_F04",1,4,733,2
"R01_F04",1,4,734,2
"R01_F04",1,4,735,4
"R01_F04",1,4,737,4
"R01_F04",1,4,738,3
"R01_F04",1,4,739,4
"R01_F04",1,4,741,1
"R01_F04",1,4,742,3
"R01_F04",1,4,743,2
"R01_F04",1,4,745,3
"R01_F04",1,4,746,2
"R01_F04",1,4,747,2
"R01_F04",1,4,748,3
"R01_F04",1,4,750,1
"R01_F04",1,4,751,3
"R01_F04",1,4,752,3
"R01_F04",1,4,753,2
"R01_F04",1,4,756,3
"R01_F04",1,4,757,1
"R01_F04",1,4,758,2
"R01_F04",1,4,760,4
"R01_F04",1,4,761,2
"R01_F04",1,4,762,1
"R01_F04",1,4,763,2
"R01_F04",1,4,765,4
"R01_F04",1,4,766,1
"R01_F04",1,4,767,1
"R01_F04",1,4,769,4
"R01_F04",1,4,770,1
"R01_F04",1,4,771,1
"R01_F04",1,4,772,1
"R01_F04",1,4,774,3
"R01_F04",1,4,775,1
"R01_F04",1,4,776,1
"R01_F04",1,4,778,1
"R01_F04",1,4,779,3
"R01_F04",1,4,780,2
"R01_F04",1,4,781,2
"R01_F04",1,4,783,3
"R01_F04",1,4,784,2
"R01_F04",1,4,785,4
"R01_F04",1,4,786,1
"R01_F04",1,4,787,3
"R01_F04",1,4,788,1
"R01_F04",1,4,789,1
"R01_F04",1,4,790,3
"R01_F04",1,4,791,1
"R01_F04",1,4,794,3
"R01_F04",1,4,795,4
"R01_F04",1,4,796,2
"R01_F04",1,4,797,4
"R01_F04",1,4,799,4
"R01_F04",1,4,800,3
"R01_F04",1,4,802,2
"R01_F04",1,4,804,2
"R01_F04",1,4,805,2
"R01_F04",1,4,807,4
"R01_F04",1,4,808,4
"R01_F04",1,4,810,3
"R01_F04",1,4,811,4
"R01_F04",1,4,812,2
"R01_F04",1,4,813,4
"R01_F04",1,4,814,4
"R01_F04",1,4,815,4
"R01_F04",1,4,818,4
"R01_F04",1,4,819,4
"R01_F04",1,4,820,1
"R01_F04",1,4,823,4
"R01_F04",1,4,824,1
"R01_F04",1,4,825,3
"R01_F04",1,4,826,2
"R01_F04",1,4,827,2
"R01_F04",1,4,828,3
"R01_F04",1,4,829,4
"R01_F04",1,4,830,4
"R01_F04",1,4,831,3
"R01_F04",1,4,832,4
"R01_F04",1,4,833,4
"R01_F04",1,4,835,1
"R01_F04",1,4,836,4
"R01_F04",1,4,838,4
"R01_F04",1,4,839,2
"R01_F04",1,4,840,4
"R01_F04",1,4,841,2
"R01_F04",1,4,844,2
"R01_F04",1,4,846,3
"R01_F04",1,4,847,1
"R01_F04",1,4,849,1
"R01_F04",1,4,850,4
"R01_F04",1,4,851,2
"R01_F04",1,4,852,1
"R01_F04",1,4,853,3
"R01_F04",1,4,854,3
"R01_F04",1,4,855,3
"R01_F04",1,4,856,3
"R01_F04",1,4,857,4
"R01_F04",1,4,858,2
"R01_F04",1,4,859,3
"R01_F04",1,4,860,3
"R01_F04",1,4,861,4
"R01_F04",1,4,864,2
"R01_F04",1,4,865,1
"R01_F04",1,4,866,2
"R01_F04",1,4,867,4
"R01_F04",1,4,868,2
"R01_F04",1,4,869,1
"R01_F04",1,4,870,3
"R01_F04",1,4,871,2
"R01_F04",1,4,873,4
"R01_F04",1,4,874,3
"R01_F04",1,4,875,1
"R01_F04",1,4,877,3
"R01_F04",1,4,878,2
"R01_F04",1,4,879,4
"R01_F04",1,4,881,2
"R01_F04",1,4,882,4
"R01_F04",1,4,884,2
"R01_F04",1,4,885,1
"R01_F04",1,4,887,3
"R01_F04",1,4,889,2
"R01_F04",1,4,890,3
"R01_F04",1,4,891,3
"R01_F04",1,4,892,4
"R01_F04",1,4,893,3
"R01_F04",1,4,894,1
"R01_F04",1,4,895,3
"R01_F04",1,4,896,1
"R01_F04",1,4,897,1
"R01_F04",1,4,898,3
"R01_F04",1,4,899,2
"R01_F04",1,4,901,2
"R01_F04",1,4,902,2
"R01_F04",1,4,904,2
"R01_F04",1,4,905,4
"R01_F04",1,4,906,3
"R01_F04",1,4,907,4
"R01_F04",1,4,908,4
"R01_F04",1,4,909,3
"R01_F04",1,4,910,1
"R01_F04",1,4,913,4
"R01_F04",1,4,914,1
"R01_F04",1,4,915,1
"R01_F04",1,4,916,2
"R01_F04",1,4,917,3
"R01_F04",1,4,918,1
"R01_F04",1,4,920,1
"R01_F04",1,4,921,3
"R01_F04",1,4,924,2
"R01_F04",1,4,925,3
"R01_F04",1,4,927,3
"R01_F04",1,4,929,3
"R01_F04",1,4,930,1
"R01_F04",1,4,931,1
"R01_F04",1,4,932,2
"R01_F04",1,4,933,2
"R01_F04",1,4,934,3
"R01_F04",1,4,935,2
"R01_F04",1,4,937,1
"R01_F04",1,4,938,3
"R01_F04",1,4,939,3
"R01_F04",1,4,940,3
"R01_F04",1,4,941,3
"R01_F04",1,4,942,2
"R01_F04",1,4,943,1
"R01_F04",1,4,944,4
"R01_F04",1,4,945,4
"R01_F04",1,4,946,2
"R01_F04",1,4,947,3
"R01_F04",1,4,948,1
"R01_F04",1,4,951,1
"R01_F04",1,4,952,2
"R01_F04",1,4,953,2
"R01_F04",1,4,955,4
"R01_F04",1,4,956,2
"R01_F04",1,4,957,4
"R01_F04",1,4,959,1
"R01_F04",1,4,960,1
"R01_F04",1,4,962,4
"R01_F04",1,4,963,4
"R01_F04",1,4,964,2
"R01_F04",1,4,965,2
"R01_F04",1,4,966,1
"R01_F04",1,4,967,2
"R01_F04",1,4,968,3
"R01_F04",1,4,969,1
"R01_F04",1,4,970,1
"R01_F04",1,4,972,2
"R01_F04",1,4,973,2
"R01_F04",1,4,974,3
"R01_F04",1,4,976,2
"R01_F04",1,4,978,1
"R01_F04",1,4,979,3
"R01_F04",1,4,981,3
"R01_F04",1,4,982,3
"R01_F04",1,4,983,3
"R01_F04",1,4,984,4
"R01_F04",1,4,987,3
"R01_F04",1,4,988,1
"R01_F04",1,4,989,2
"R01_F04",1,4,990,3
"R01_F04",1,4,991,1
"R01_F04",1,4,992,4
"R01_F04",1,4,993,1
"R01_F04",1,4,994,2
"R01_F04",1,4,995,2
"R01_F04",1,4,996,3
"R01_F04",1,4,997,1
"R01_F04",1,4,998,2
"R01_F04",1,4,1000,1
"R01_F05",1,5,1,1
"R01_F05",1,5,2,3
"R01_F05",1,5,4,4
"R01_F05",1,5,5,2
"R01_F05",1,5,6,4
"R01_F05",1,5,7,1
"R01_F05",1,5,8,1
"R01_F05",1,5,9,4
"R01_F05",1,5,11,4
"R01_F05",1,5,13,4
"R01_F05",1,5,14,1
"R01_F05",1,5,15,2
"R01_F05",1,5,16,3
"R01_F05",1,5,17,1
"R01_F05",1,5,18,1
"R01_F05",1,5,19,2
"R01_F05",1,5,21,1
"R01_F05",1,5,23,2
"R01_F05",1,5,24,4
"R01_F05",1,5,25,1
"R01_F05",1,5,27,1
"R01_F05",1,5,28,3
"R01_F05",1,5,29,2
"R01_F05",1,5,30,1
"R01_F05",1,5,31,1
"R01_F05",1,5,32,4
"R01_F05",1,5,33,1
"R01_F05",1,5,34,2
"R01_F05",1,5,35,2
"R01_F05",1,5,36,2
"R01_F05",1,5,37,3
"R01_F05",1,5,38,4
"R01_F05",1,5,39,4
"R01_F05",1,5,40,2
"R01_F05",1,5,41,4
"R01_F05",1,5,42,3
"R01_F05",1,5,43,1
"R01_F05",1,5,44,4
"R01_F05",1,5,45,4
"R01_F05",1,5,46,2
"R01_F05",1,5,47,3
"R01_F05",1,5,48,1
"R01_F05",1,5,49,1
"R01_F05",1,5,50,4
"R01_F05",1,5,51,3
"R01_F05",1,5,52,4
"R01_F05",1,5,53,4
"R01_F05",1,5,56,3
"R01_F05",1,5,57,3
"R01_F05",1,5,58,2
"R01_F05",1,5,60,2
"R01_F05",1,5,61,3
"R01_F05",1,5,63,4
"R01_F05",1,5,64,1
"R01_F05",1,5,67,3
"R01_F05",1,5,68,1
"R01_F05",1,5,69,3
"R01_F05",1,5,70,1
"R01_F05",1,5,71,1
"R01_F05",1,5,72,2
"R01_F05",1,5,73,2
"R01_F05",1,5,74,2
"R01_F05",1,5,75,3
"R01_F05",1,5,76,3
"R01_F05",1,5,77,4
"R01_F05",1,5,78,4
"R01_F05",1,5,79,3
"R01_F05",1,5,80,3
"R01_F05",1,5,81,3
"R01_F05",1,5,82,4
"R01_F05",1,5,84,2
"R01_F05",1,5,85,3
"R01_F05",1,5,86,4
"R01_F05",1,5,87,2
"R01_F05",1,5,88,4
"R01_F05",1,5,89,1
"R01_F05",1,5,90,3
"R01_F05",1,5,91,2
"R01_F05",1,5,92,2
"R01_F05",1,5,93,2
"R01_F05",1,5,94,3
"R01_F05",1,5,95,4
"R01_F05",1,5,96,2
"R01_F05",1,5,98,2
"R01_F05",1,5,99,3
"R01_F05",1,5,100,1
"R01_F05",1,5,101,4
"R01_F05",1,5,102,2
"R01_F05",1,5,103,4
"R01_F05",1,5,104,1
"R01_F05",1,5,107,4
"R01_F05",1,5,108,3
"R01_F05",1,5,109,2
"R01_F05",1,5,110,4
"R01_F05",1,5,111,2
"R01_F05",1,5,112,1
"R01_F05",1,5,113,1
"R01_F05",1,5,114,4
"R01_F05",1,5,116,1
"R01_F05",1,5,118,1
"R01_F05",1,5,119,4
"R01_F05",1,5,121,3
"R01_F05",1,5,123,3
"R01_F05",1,5,124,4
"R01_F05",1,5,125,1
"R01_F05",1,5,127,2
"R01_F05",1,5,128,2
"R01_F05",1,5,129,3
"R01_F05",1,5,130,3
"R01_F05",1,5,131,2
"R01_F05",1,5,133,2
"R01_F05",1,5,134,1
"R01_F05",1,5,135,3
"R01_F05",1,5,136,4
"R01_F05",1,5,137,1
"R01_F05",1,5,139,1
"R01_F05",1,5,140,3
"R01_F05",1,5,141,3
"R01_F05",1,5,142,4
"R01_F05",1,5,143,4
"R01_F05",1,5,144,2
"R01_F05",1,5,145,4
"R01_F05",1,5,146,3
"R01_F05",1,5,147,3
"R01_F05",1,5,148,2
"R01_F05",1,5,149,4
"R01_F05",1,5,150,2
"R01_F05",1,5,151,4
"R01_F05",1,5,152,1
"R01_F05",1,5,153,2
"R01_F05",1,5,154,1
"R01_F05",1,5,155,3
"R01_F05",1,5,157,3
"R01_F05",1,5,159,3
"R01_F05",1,5,160,2
"R01_F05",1,5,161,3
"R01_F05",1,5,162,1
"R01_F05",1,5,163,2
"R01_F05",1,5,164,3
"R01_F05",1,5,166,1
"R01_F05",1,5,167,2
"R01_F05",1,5,171,1
"R01_F05",1,5,172,3
"R01_F05",1,5,173,4
"R01_F05",1,5,174,2
"R01_F05",1,5,175,3
"R01_F05",1,5,176,3
"R01_F05",1,5,177,2
"R01_F05",1,5,178,4
"R01_F05",1,5,179,1
"R01_F05",1,5,180,2
"R01_F05",1,5,181,3
"R01_F05",1,5,182,1
"R01_F05",1,5,183,4
"R01_F05",1,5,184,3
"R01_F05",1,5,186,3
"R01_F05",1,5,187,2
"R01_F05",1,5,188,3
"R01_F05",1,5,189,1
"R01_F05",1,5,190,2
"R01_F05",1,5,191,1
"R01_F05",1,5,192,4
"R01_F05",1,5,193,3
"R01_F05",1,5,195,2
"R01_F05",1,5,196,4
"R01_F05",1,5,197,1
"R01_F05",1,5,198,4
"R01_F05",1,5,199,2
"R01_F05",1,5,200,4
"R01_F05",1,5,202,4
"R01_F05",1,5,203,3
"R01_F05",1,5,205,1
"R01_F05",1,5,207,2
"R01_F05",1,5,209,4
"R01_F05",1,5,210,3
"R01_F05",1,5,211,1
"R01_F05",1,5,212,2
"R01_F05",1,5,216,2
"R01_F05",1,5,217,2
"R01_F05",1,5,218,1
"R01_F05",1,5,220,1
"R01_F05",1,5,221,1
"R01_F05",1,5,222,2
"R01_F05",1,5,223,3
"R01_F05",1,5,224,4
"R01_F05",1,5,225,4
"R01_F05",1,5,227,2
"R01_F05",1,5,228,3
"R01_F05",1,5,229,4
"R01_F05",1,5,230,1
"R01_F05",1,5,231,1
"R01_F05",1,5,233,2
"R01_F05",1,5,234,4
"R01_F05",1,5,235,4
"R01_F05",1,5,236,2
"R01_F05",1,5,238,4
"R01_F05",1,5,239,4
"R01_F05",1,5,240,1
"R01_F05",1,5,241,4
"R01_F05",1,5,243,2
"R01_F05",1,5,244,2
"R01_F05",1,5,245,2
"R01_F05",1,5,246,2
"R01_F05",1,5,247,1
"R01_F05",1,5,248,2
"R01_F05",1,5,249,3
"R01_F05",1,5,250,2
"R01_F05",1,5,251,3
"R01_F05",1,5,252,3
"R01_F05",1,5,253,2
"R01_F05",1,5,254,4
"R01_F05",1,5,255,4
"R01_F05",1,5,256,2
"R01_F05",1,5,258,4
"R01_F05",1,5,259,4
"R01_F05",1,5,260,2
"R01_F05",1,5,261,1
"R01_F05",1,5,263,1
"R01_F05",1,5,266,1
"R01_F05",1,5,268,3
"R01_F05",1,5,269,4
"R01_F05",1,5,270,4
"R01_F05",1,5,271,4
"R01_F05",1,5,273,4
"R01_F05",1,5,274,4
"R01_F05",1,5,276,1
"R01_F05",1,5,277,2
"R01_F05",1,5,278,3
"R01_F05",1,5,280,2
"R01_F05",1,5,281,2
"R01_F05",1,5,282,4
"R01_F05",1,5,283,2
"R01_F05",1,5,284,1
"R01_F05",1,5,286,4
"R01_F05",1,5,287,1
"R01_F05",1,5,288,4
"R01_F05",1,5,289,4
"R01_F05",1,5,290,4
"R01_F05",1,5,292,1
"R01_F05",1,5,293,4
"R01_F05",1,5,294,3
"R01_F05",1,5,295,2
"R01_F05",1,5,297,4
"R01_F05",1,5,298,4
"R01_F05",1,5,299,2
"R01_F05",1,5,301,1
"R01_F05",1,5,302,3
"R01_F05",1,5,304,3
"R01_F05",1,5,305,4
"R01_F05",1,5,306,1
"R01_F05",1,5,307,3
"R01_F05",1,5,308,4
"R01_F05",1,5,309,4
"R01_F05",1,5,311,2
"R01_F05",1,5,312,3
"R01_F05",1,5,313,4
"R01_F05",1,5,314,3
"R01_F05",1,5,315,3
"R01_F05",1,5,316,4
"R01_F05",1,5,317,1
"R01_F05",1,5,318,4
"R01_F05",1,5,319,4
"R01_F05",1,5,320,1
"R01_F05",1,5,321,3
"R01_F05",1,5,323,4
"R01_F05",1,5,324,3
"R01_F05",1,5,325,4
"R01_F05",1,5,326,3
"R01_F05",1,5,327,3
"R01_F05",1,5,329,3
"R01_F05",1,5,330,2
"R01_F05",1,5,331,1
"R01_F05",1,5,332,1
"R01_F05",1,5,333,3
"R01_F05",1,5,334,1
"R01_F05",1,5,335,2
"R01_F05",1,5,336,2
"R01_F05",1,5,337,1
"R01_F05",1,5,338,3
"R01_F05",1,5,339,1
"R01_F05",1,5,342,2
"R01_F05",1,5,343,1
"R01_F05",1,5,344,4
"R01_F05",1,5,345,3
"R01_F05",1,5,346,2
"R01_F05",1,5,347,3
"R01_F05",1,5,348,2
"R01_F05",1,5,349,1
"R01_F05",1,5,350,2
"R01_F05",1,5,351,4
"R01_F05",1,5,352,2
"R01_F05",1,5,354,4
"R01_F05",1,5,356,2
"R01_F05",1,5,357,4
"R01_F05",1,5,358,3
"R01_F05",1,5,359,4
"R01_F05",1,5,360,1
"R01_F05",1,5,361,4
"R01_F05",1,5,362,1
"R01_F05",1,5,363,2
"R01_F05",1,5,364,3
"R01_F05",1,5,365,4
"R01_F05",1,5,367,4
"R01_F05",1,5,368,4
"R01_F05",1,5,369,4
"R01_F05",1,5,371,2
"R01_F05",1,5,372,3
"R01_F05",1,5,373,2
"R01_F05",1,5,374,3
"R01_F05",1,5,375,1
"R01_F05",1,5,376,4
"R01_F05",1,5,377,4
"R01_F05",1,5,378,3
"R01_F05",1,5,379,2
"R01_F05",1,5,380,4
"R01_F05",1,5,381,1
"R01_F05",1,5,382,4
"R01_F05",1,5,383,1
"R01_F05",1,5,384,4
"R01_F05",1,5,385,3
"R01_F05",1,5,386,2
"R01_F05",1,5,387,4
"R01_F05",1,5,389,2
"R01_F05",1,5,390,2
"R01_F05",1,5,391,3
"R01_F05",1,5,392,3
"R01_F05",1,5,393,2
"R01_F05",1,5,397,1
"R01_F05",1,5,398,3
"R01_F05",1,5,399,2
"R01_F05",1,5,400,2
"R01_F05",1,5,401,3
"R01_F05",1,5,402,2
"R01_F05",1,5,403,1
"R01_F05",1,5,404,2
"R01_F05",1,5,405,3
"R01_F05",1,5,406,3
"R01_F05",1,5,407,1
"R01_F05",1,5,409,4
"R01_F05",1,5,410,3
"R01_F05",1,5,411,4
"R01_F05",1,5,412,1
"R01_F05",1,5,413,3
"R01_F05",1,5,414,4
"R01_F05",1,5,415,1
"R01_F05",1,5,416,3
"R01_F05",1,5,417,2
"R01_F05",1,5,418,1
"R01_F05",1,5,419,2
"R01_F05",1,5,421,1
"R01_F05",1,5,422,3
"R01_F05",1,5,423,3
"R01_F05",1,5,424,4
"R01_F05",1,5,426,4
"R01_F05",1,5,427,4
"R01_F05",1,5,428,3
"R01_F05",1,5,429,2
"R01_F05",1,5,430,2
"R01_F05",1,5,431,2
"R01_F05",1,5,433,2
"R01_F05",1,5,434,2
"R01_F05",1,5,435,4
"R01_F05",1,5,436,4
"R01_F05",1,5,437,1
"R01_F05",1,5,439,1
"R01_F05",1,5,440,3
"R01_F05",1,5,441,4
"R01_F05",1,5,442,3
"R01_F05",1,5,443,1
"R01_F05",1,5,444,2
"R01_F05",1,5,445,4
"R01_F05",1,5,446,1
"R01_F05",1,5,447,2
"R01_F05",1,5,448,4
"R01_F05",1,5,449,4
"R01_F05",1,5,451,2
"R01_F05",1,5,453,4
"R01_F05",1,5,454,1
"R01_F05",1,5,455,2
"R01_F05",1,5,456,4
"R01_F05",1,5,458,2
"R01_F05",1,5,459,3
"R01_F05",1,5,462,3
"R01_F05",1,5,463,2
"R01_F05",1,5,464,3
"R01_F05",1,5,465,2
"R01_F05",1,5,466,2
"R01_F05",1,5,467,3
"R01_F05",1,5,469,3
"R01_F05",1,5,470,4
"R01_F05",1,5,471,1
"R01_F05",1,5,472,1
"R01_F05",1,5,473,1
"R01_F05",1,5,475,2
"R01_F05",1,5,476,4
"R01_F05",1,5,477,1
"R01_F05",1,5,479,3
"R01_F05",1,5,480,1
"R01_F05",1,5,481,3
"R01_F05",1,5,483,4
"R01_F05",1,5,484,2
"R01_F05",1,5,485,4
"R01_F05",1,5,486,3
"R01_F05",1,5,488,1
"R01_F05",1,5,490,1
"R01_F05",1,5,491,4
"R01_F05",1,5,492,2
"R01_F05",1,5,493,4
"R01_F05",1,5,494,1
"R01_F05",1,5,496,2
"R01_F05",1,5,497,1
"R01_F05",1,5,499,2
"R01_F05",1,5,500,3
"R01_F05",1,5,501,4
"R01_F05",1,5,502,2
"R01_F05",1,5,503,3
"R01_F05",1,5,505,3
"R01_F05",1,5,506,3
"R01_F05",1,5,508,3
"R01_F05",1,5,509,4
"R01_F05",1,5,510,3
"R01_F05",1,5,511,4
"R01_F05",1,5,512,4
"R01_F05",1,5,514,4
"R01_F05",1,5,515,1
"R01_F05",1,5,516,4
"R01_F05",1,5,517,1
"R01_F05",1,5,519,3
"R01_F05",1,5,520,4
"R01_F05",1,5,521,1
"R01_F05",1,5,523,4
"R01_F05",1,5,524,4
"R01_F05",1,5,525,2
"R01_F05",1,5,526,1
"R01_F05",1,5,528,4
"R01_F05",1,5,529,1
"R01_F05",1,5,530,1
"R01_F05",1,5,531,4
"R01_F05",1,5,532,3
"R01_F05",1,5,533,2
"R01_F05",1,5,535,4
"R01_F05",1,5,536,2
"R01_F05",1,5,538,1
"R01_F05",1,5,539,4
"R01_F05",1,5,540,1
"R01_F05",1,5,541,4
"R01_F05",1,5,543,4
"R01_F05",1,5,544,4
"R01_F05",1,5,545,4
"R01_F05",1,5,546,3
"R01_F05",1,5,547,2
"R01_F05",1,5,548,2
"R01_F05",1,5,550,1
"R01_F05",1,5,551,1
"R01_F05",1,5,552,1
"R01_F05",1,5,553,1
"R01_F05",1,5,554,1
"R01_F05",1,5,555,3
"R01_F05",1,5,556,1
"R01_F05",1,5,557,3
"R01_F05",1,5,558,1
"R01_F05",1,5,559,1
"R01_F05",1,5,560,4
"R01_F05",1,5,561,3
"R01_F05",1,5,562,2
"R01_F05",1,5,563,3
"R01_F05",1,5,564,4
"R01_F05",1,5,566,3
"R01_F05",1,5,567,2
"R01_F05",1,5,568,1
"R01_F05",1,5,569,3
"R01_F05",1,5,570,4
"R01_F05",1,5,571,4
"R01_F05",1,5,574,2
"R01_F05",1,5,575,4
"R01_F05",1,5,577,4
"R01_F05",1,5,578,1
"R01_F05",1,5,580,2
"R01_F05",1,5,581,2
"R01_F05",1,5,582,1
"R01_F05",1,5,583,3
"R01_F05",1,5,584,4
"R01_F05",1,5,585,4
"R01_F05",1,5,586,2
"R01_F05",1,5,587,2
"R01_F05",1,5,588,1
"R01_F05",1,5,589,2
"R01_F05",1,5,590,4
"R01_F05",1,5,592,1
"R01_F05",1,5,594,2
"R01_F05",1,5,597,4
"R01_F05",1,5,598,4
"R01_F05",1,5,599,1
"R01_F05",1,5,602,4
"R01_F05",1,5,603,2
"R01_F05",1,5,605,4
"R01_F05",1,5,608,2
"R01_F05",1,5,609,2
"R01_F05",1,5,610,2
"R01_F05",1,5,611,1
"R01_F05",1,5,612,4
"R01_F05",1,5,613,3
"R01_F05",1,5,614,2
"R01_F05",1,5,616,2
"R01_F05",1,5,617,3
"R01_F05",1,5,618,3
"R01_F05",1,5,619,4
"R01_F05",1,5,620,4
"R01_F05",1,5,621,3
"R01_F05",1,5,626,4
"R01_F05",1,5,627,3
"R01_F05",1,5,628,2
"R01_F05",1,5,629,3
"R01_F05",1,5,630,1
"R01_F05",1,5,633,3
"R01_F05",1,5,634,1
"R01_F05",1,5,636,1
"R01_F05",1,5,637,2
"R01_F05",1,5,638,2
"R01_F05",1,5,639,1
"R01_F05",1,5,640,3
"R01_F05",1,5,641,3
"R01_F05",1,5,642,4
"R01_F05",1,5,644,4
"R01_F05",1,5,645,1
"R01_F05",1,5,646,1
"R01_F05",1,5,648,3
"R01_F05",1,5,649,3
"R01_F05",1,5,650,3
"R01_F05",1,5,651,3
"R01_F05",1,5,652,3
"R01_F05",1,5,653,3
"R01_F05",1,5,654,3
"R01_F05",1,5,657,1
"R01_F05",1,5,658,1
"R01_F05",1,5,659,2
"R01_F05",1,5,660,3
"R01_F05",1,5,661,3
"R01_F05",1,5,662,2
"R01_F05",1,5,663,3
"R01_F05",1,5,664,1
"R01_F05",1,5,667,3
"R01_F05",1,5,668,3
"R01_F05",1,5,670,2
"R01_F05",1,5,671,1
"R01_F05",1,5,672,3
"R01_F05",1,5,673,1
"R01_F05",1,5,675,4
"R01_F05",1,5,676,1
"R01_F05",1,5,677,3
"R01_F05",1,5,678,1
"R01_F05",1,5,680,3
"R01_F05",1,5,681,2
"R01_F05",1,5,682,4
"R01_F05",1,5,683,2
"R01_F05",1,5,684,1
"R01_F05",1,5,685,3
"R01_F05",1,5,686,3
"R01_F05",1,5,687,3
"R01_F05",1,5,688,2
"R01_F05",1,5,689,1
"R01_F05",1,5,690,1
"R01_F05",1,5,693,4
"R01_F05",1,5,694,1
"R01_F05",1,5,695,1
"R01_F05",1,5,696,4
"R01_F05",1,5,698,2
"R01_F05",1,5,699,1
"R01_F05",1,5,700,1
"R01_F05",1,5,701,1
"R01_F05",1,5,702,1
"R01_F05",1,5,703,1
"R01_F05",1,5,704,4
"R01_F05",1,5,705,1
"R01_F05",1,5,706,3
"R01_F05",1,5,710,3
"R01_F05",1,5,712,2
"R01_F05",1,5,713,1
"R01_F05",1,5,714,1
"R01_F05",1,5,715,1
"R01_F05",1,5,716,4
"R01_F05",1,5,718,1
"R01_F05",1,5,719,1
"R01_F05",1,5,720,1
"R01_F05",1,5,723,4
"R01_F05",1,5,724,3
"R01_F05",1,5,727,3
"R01_F05",1,5,728,3
"R01_F05",1,5,729,2
"R01_F05",1,5,731,1
"R01_F05",1,5,732,2
"R01_F05",1,5,733,2
"R01_F05",1,5,734,2
"R01_F05",1,5,736,1
"R01_F05",1,5,737,4
"R01_F05",1,5,738,2
"R01_F05",1,5,739,2
"R01_F05",1,5,740,1
"R01_F05",1,5,741,1
"R01_F05",1,5,742,1
"R01_F05",1,5,744,1
"R01_F05",1,5,747,1
"R01_F05",1,5,749,2
"R01_F05",1,5,754,1
"R01_F05",1,5,755,1
"R01_F05",1,5,756,4
"R01_F05",1,5,757,1
"R01_F05",1,5,758,4
"R01_F05",1,5,759,3
"R01_F05",1,5,761,2
"R01_F05",1,5,762,3
"R01_F05",1,5,764,4
"R01_F05",1,5,765,3
"R01_F05",1,5,766,1
"R01_F05",1,5,767,2
"R01_F05",1,5,768,3
"R01_F05",1,5,769,4
"R01_F05",1,5,770,1
"R01_F05",1,5,773,2
"R01_F05",1,5,774,2
"R01_F05",1,5,777,3
"R01_F05",1,5,778,3
"R01_F05",1,5,779,2
"R01_F05",1,5,780,4
"R01_F05",1,5,781,1
"R01_F05",1,5,782,3
"R01_F05",1,5,783,3
"R01_F05",1,5,785,1
"R01_F05",1,5,786,3
"R01_F05",1,5,787,1
"R01_F05",1,5,788,1
"R01_F05",1,5,790,1
"R01_F05",1,5,791,4
"R01_F05",1,5,792,1
"R01_F05",1,5,793,1
"R01_F05",1,5,795,3
"R01_F05",1,5,796,2
"R01_F05",1,5,797,2
"R01_F05",1,5,798,2
"R01_F05",1,5,799,3
"R01_F05",1,5,801,1
"R01_F05",1,5,802,2
"R01_F05",1,5,803,3
"R01_F05",1,5,804,2
"R01_F05",1,5,805,2
"R01_F05",1,5,806,4
"R01_F05",1,5,807,3
"R01_F05",1,5,808,3
"R01_F05",1,5,809,4
"R01_F05",1,5,810,2
"R01_F05",1,5,811,4
"R01_F05",1,5,812,2
"R01_F05",1,5,814,3
"R01_F05",1,5,815,2
"R01_F05",1,5,816,1
"R01_F05",1,5,817,1
"R01_F05",1,5,818,3
"R01_F05",1,5,819,2
"R01_F05",1,5,821,1
"R01_F05",1,5,822,1
"R01_F05",1,5,823,1
"R01_F05",1,5,824,4
"R01_F05",1,5,827,2
"R01_F05",1,5,828,4
"R01_F05",1,5,829,4
"R01_F05",1,5,830,4
"R01_F05",1,5,833,3
"R01_F05",1,5,834,3
"R01_F05",1,5,835,2
"R01_F05",1,5,836,2
"R01_F05",1,5,837,2
"R01_F05",1,5,839,2
"R01_F05",1,5,842,1
"R01_F05",1,5,843,2
"R01_F05",1,5,844,2
"R01_F05",1,5,845,3
"R01_F05",1,5,847,1
"R01_F05",1,5,848,4
"R01_F05",1,5,849,1
"R01_F05",1,5,850,2
"R01_F05",1,5,851,4
"R01_F05",1,5,852,3
"R01_F05",1,5,854,3
"R01_F05",1,5,857,2
"R01_F05",1,5,858,3
"R01_F05",1,5,859,4
"R01_F05",1,5,860,1
"R01_F05",1,5,862,3
"R01_F05",1,5,863,4
"R01_F05",1,5,864,2
"R01_F05",1,5,865,2
"R01_F05",1,5,866,3
"R01_F05",1,5,870,3
"R01_F05",1,5,872,3
"R01_F05",1,5,873,4
"R01_F05",1,5,874,3
"R01_F05",1,5,875,4
"R01_F05",1,5,876,3
"R01_F05",1,5,877,2
"R01_F05",1,5,878,4
"R01_F05",1,5,879,2
"R01_F05",1,5,880,1
"R01_F05",1,5,881,2
"R01_F05",1,5,882,1
"R01_F05",1,5,883,3
"R01_F05",1,5,884,4
"R01_F05",1,5,885,4
"R01_F05",1,5,886,1
"R01_F05",1,5,887,2
"R01_F05",1,5,888,2
"R01_F05",1,5,890,1
"R01_F05",1,5,891,2
"R01_F05",1,5,892,2
"R01_F05",1,5,893,2
"R01_F05",1,5,894,3
"R01_F05",1,5,897,1
"R01_F05",1,5,899,3
"R01_F05",1,5,900,2
"R01_F05",1,5,901,1
"R01_F05",1,5,903,1
"R01_F05",1,5,907,4
"R01_F05",1,5,908,3
"R01_F05",1,5,909,2
"R01_F05",1,5,910,1
"R01_F05",1,5,911,2
"R01_F05",1,5,912,1
"R01_F05",1,5,914,2
"R01_F05",1,5,915,3
"R01_F05",1,5,916,4
"R01_F05",1,5,917,4
"R01_F05",1,5,919,4
"R01_F05",1,5,920,3
"R01_F05",1,5,921,4
"R01_F05",1,5,922,3
"R01_F05",1,5,923,2
"R01_F05",1,5,924,1
"R01_F05",1,5,926,2
"R01_F05",1,5,927,2
"R01_F05",1,5,928,2
"R01_F05",1,5,930,2
"R01_F05",1,5,931,4
"R01_F05",1,5,932,1
"R01_F05",1,5,933,2
"R01_F05",1,5,935,1
"R01_F05",1,5,936,3
"R01_F05",1,5,937,4
"R01_F05",1,5,938,2
"R01_F05",1,5,939,4
"R01_F05",1,5,940,1
"R01_F05",1,5,941,4
"R01_F05",1,5,943,3
"R01_F05",1,5,944,3
"R01_F05",1,5,945,3
"R01_F05",1,5,947,2
"R01_F05",1,5,949,2
"R01_F05",1,5,950,3
"R01_F05",1,5,951,3
"R01_F05",1,5,952,4
"R01_F05",1,5,954,1
"R01_F05",1,5,955,1
"R01_F05",1,5,957,4
"R01_F05",1,5,958,1
"R01_F05",1,5,960,3
"R01_F05",1,5,961,1
"R01_F05",1,5,962,4
"R01_F05",1,5,963,3
"R01_F05",1,5,964,3
"R01_F05",1,5,965,3
"R01_F05",1,5,966,4
"R01_F05",1,5,967,4
"R01_F05",1,5,968,3
"R01_F05",1,5,969,3
"R01_F05",1,5,970,3
"R01_F05",1,5,971,3
"R01_F05",1,5,972,1
"R01_F05",1,5,973,4
"R01_F05",1,5,974,3
"R01_F05",1,5,975,4
"R01_F05",1,5,976,4
"R01_F05",1,5,977,2
"R01_F05",1,5,978,1
"R01_F05",1,5,979,1
"R01_F05",1,5,980,3
"R01_F05",1,5,981,2
"R01_F05",1,5,982,4
"R01_F05",1,5,983,1
"R01_F05",1,5,985,3
"R01_F05",1,5,986,2
"R01_F05",1,5,987,2
"R01_F05",1,5,988,1
"R01_F05",1,5,990,4
"R01_F05",1,5,991,1
"R01_F05",1,5,993,1
"R01_F05",1,5,994,2
"R01_F05",1,5,995,3
"R01_F05",1,5,996,1
"R01_F05",1,5,997,3
"R01_F05",1,5,998,4
"R01_F05",1,5,999,3
"R01_F05",1,5,1000,2
"R02_F01",2,1,1,1
"R02_F01",2,1,2,4
"R02_F01",2,1,4,4
"R02_F01",2,1,5,2
"R02_F01",2,1,6,1
"R02_F01",2,1,7,1
"R02_F01",2,1,10,2
"R02_F01",2,1,11,1
"R02_F01",2,1,12,4
"R02_F01",2,1,13,2
"R02_F01",2,1,14,3
"R02_F01",2,1,15,2
"R02_F01",2,1,16,2
"R02_F01",2,1,17,1
"R02_F01",2,1,18,2
"R02_F01",2,1,20,3
"R02_F01",2,1,21,2
"R02_F01",2,1,22,2
"R02_F01",2,1,23,3
"R02_F01",2,1,24,3
"R02_F01",2,1,25,2
"R02_F01",2,1,26,1
"R02_F01",2,1,27,4
"R02_F01",2,1,28,4
"R02_F01",2,1,29,4
"R02_F01",2,1,30,4
"R02_F01",2,1,31,4
"R02_F01",2,1,32,4
"R02_F01",2,1,33,3
"R02_F01",2,1,34,1
"R02_F01",2,1,36,3
"R02_F01",2,1,37,4
"R02_F01",2,1,38,1
"R02_F01",2,1,39,4
"R02_F01",2,1,40,1
"R02_F01",2,1,41,3
"R02_F01",2,1,42,1
"R02_F01",2,1,44,4
"R02_F01",2,1,45,2
"R02_F01",2,1,48,4
"R02_F01",2,1,49,2
"R02_F01",2,1,50,2
"R02_F01",2,1,51,3
"R02_F01",2,1,52,3
"R02_F01",2,1,53,1
"R02_F01",2,1,54,4
"R02_F01",2,1,57,1
"R02_F01",2,1,58,1
"R02_F01",2,1,59,4
"R02_F01",2,1,60,3
"R02_F01",2,1,61,3
"R02_F01",2,1,62,2
"R02_F01",2,1,63,3
"R02_F01",2,1,64,1
"R02_F01",2,1,65,3
"R02_F01",2,1,68,3
"R02_F01",2,1,69,1
"R02_F01",2,1,70,1
"R02_F01",2,1,71,1
"R02_F01",2,1,72,3
"R02_F01",2,1,74,2
"R02_F01",2,1,75,4
"R02_F01",2,1,76,4
"R02_F01",2,1,77,3
"R02_F01",2,1,78,4
"R02_F01",2,1,79,2
"R02_F01",2,1,80,4
"R02_F01",2,1,82,2
"R02_F01",2,1,83,1
"R02_F01",2,1,84,1
"R02_F01",2,1,85,1
"R02_F01",2,1,87,2
"R02_F01",2,1,89,1
"R02_F01",2,1,90,1
"R02_F01",2,1,92,3
"R02_F01",2,1,94,2
"R02_F01",2,1,96,2
"R02_F01",2,1,97,1
"R02_F01",2,1,98,4
"R02_F01",2,1,100,3
"R02_F01",2,1,101,4
"R02_F01",2,1,102,4
"R02_F01",2,1,103,2
"R02_F01",2,1,104,2
"R02_F01",2,1,105,1
"R02_F01",2,1,106,1
"R02_F01",2,1,107,4
"R02_F01",2,1,108,2
"R02_F01",2,1,109,4
"R02_F01",2,1,110,4
"R02_F01",2,1,111,4
"R02_F01",2,1,112,3
"R02_F01",2,1,113,3
"R02_F01",2,1,114,2
"R02_F01",2,1,116,3
"R02_F01",2,1,117,2
"R02_F01",2,1,118,4
"R02_F01",2,1,119,4
"R02_F01",2,1,120,4
"R02_F01",2,1,121,3
"R02_F01",2,1,122,4
"R02_F01",2,1,123,4
"R02_F01",2,1,124,4
"R02_F01",2,1,125,4
"R02_F01",2,1,126,1
"R02_F01",2,1,127,3
"R02_F01",2,1,129,2
"R02_F01",2,1,132,2
"R02_F01",2,1,134,3
"R02_F01",2,1,135,2
"R02_F01",2,1,137,3
"R02_F01",2,1,138,4
"R02_F01",2,1,139,3
"R02_F01",2,1,140,2
"R02_F01",2,1,141,3
"R02_F01",2,1,143,2
"R02_F01",2,1,144,1
"R02_F01",2,1,145,2
"R02_F01",2,1,146,1
"R02_F01",2,1,147,1
"R02_F01",2,1,149,3
"R02_F01",2,1,150,2
"R02_F01",2,1,151,2
"R02_F01",2,1,152,3
"R02_F01",2,1,156,1
"R02_F01",2,1,158,1
"R02_F01",2,1,159,3
"R02_F01",2,1,160,4
"R02_F01",2,1,161,1
"R02_F01",2,1,162,2
"R02_F01",2,1,163,1
"R02_F01",2,1,165,1
"R02_F01",2,1,167,2
"R02_F01",2,1,168,4
"R02_F01",2,1,169,4
"R02_F01",2,1,170,4
"R02_F01",2,1,171,4
"R02_F01",2,1,172,2
"R02_F01",2,1,173,3
"R02_F01",2,1,174,4
"R02_F01",2,1,175,3
"R02_F01",2,1,176,3
"R02_F01",2,1,177,4
"R02_F01",2,1,178,2
"R02_F01",2,1,179,4
"R02_F01",2,1,180,2
"R02_F01",2,1,181,1
"R02_F01",2,1,183,4
"R02_F01",2,1,184,1
"R02_F01",2,1,186,2
"R02_F01",2,1,187,4
"R02_F01",2,1,189,2
"R02_F01",2,1,190,2
"R02_F01",2,1,191,4
"R02_F01",2,1,192,2
"R02_F01",2,1,193,3
"R02_F01",2,1,194,2
"R02_F01",2,1,196,1
"R02_F01",2,1,197,3
"R02_F01",2,1,198,4
"R02_F01",2,1,200,1
"R02_F01",2,1,202,2
"R02_F01",2,1,203,4
"R02_F01",2,1,204,1
"R02_F01",2,1,205,3
"R02_F01",2,1,207,2
"R02_F01",2,1,208,4
"R02_F01",2,1,209,2
"R02_F01",2,1,210,2
"R02_F01",2,1,211,1
"R02_F01",2,1,212,1
"R02_F01",2,1,213,1
"R02_F01",2,1,214,4
"R02_F01",2,1,215,2
"R02_F01",2,1,216,2
"R02_F01",2,1,217,3
"R02_F01",2,1,218,2
"R02_F01",2,1,219,3
"R02_F01",2,1,222,2
"R02_F01",2,1,223,2
"R02_F01",2,1,224,4
"R02_F01",2,1,226,4
"R02_F01",2,1,227,2
"R02_F01",2,1,229,2
"R02_F01",2,1,230,3
"R02_F01",2,1,231,3
"R02_F01",2,1,233,2
"R02_F01",2,1,234,3
"R02_F01",2,1,235,2
"R02_F01",2,1,236,2
"R02_F01",2,1,237,1
"R02_F01",2,1,238,2
"R02_F01",2,1,239,4
"R02_F01",2,1,240,3
"R02_F01",2,1,241,3
"R02_F01",2,1,242,1
"R02_F01",2,1,243,4
"R02_F01",2,1,244,4
"R02_F01",2,1,245,2
"R02_F01",2,1,246,3
"R02_F01",2,1,249,3
"R02_F01",2,1,250,1
"R02_F01",2,1,252,3
"R02_F01",2,1,253,1
"R02_F01",2,1,254,2
"R02_F01",2,1,255,2
"R02_F01",2,1,256,2
"R02_F01",2,1,257,3
"R02_F01",2,1,258,4
"R02_F01",2,1,259,3
"R02_F01",2,1,261,3
"R02_F01",2,1,263,4
"R02_F01",2,1,266,1
"R02_F01",2,1,268,4
"R02_F01",2,1,269,4
"R02_F01",2,1,272,1
"R02_F01",2,1,274,2
"R02_F01",2,1,275,3
"R02_F01",2,1,276,1
"R02_F01",2,1,277,3
"R02_F01",2,1,278,1
"R02_F01",2,1,279,1
"R02_F01",2,1,280,1
"R02_F01",2,1,281,3
"R02_F01",2,1,282,1
"R02_F01",2,1,283,4
"R02_F01",2,1,284,1
"R02_F01",2,1,285,4
"R02_F01",2,1,286,1
"R02_F01",2,1,287,1
"R02_F01",2,1,288,4
"R02_F01",2,1,289,1
"R02_F01",2,1,290,3
"R02_F01",2,1,291,2
"R02_F01",2,1,292,2
"R02_F01",2,1,293,2
"R02_F01",2,1,294,2
"R02_F01",2,1,296,2
"R02_F01",2,1,297,2
"R02_F01",2,1,298,2
"R02_F01",2,1,299,4
"R02_F01",2,1,301,3
"R02_F01",2,1,305,4
"R02_F01",2,1,308,2
"R02_F01",2,1,310,1
"R02_F01",2,1,312,1
"R02_F01",2,1,313,1
"R02_F01",2,1,316,1
"R02_F01",2,1,317,1
"R02_F01",2,1,318,4
"R02_F01",2,1,319,1
"R02_F01",2,1,320,1
"R02_F01",2,1,321,2
"R02_F01",2,1,322,1
"R02_F01",2,1,323,3
"R02_F01",2,1,324,3
"R02_F01",2,1,325,4
"R02_F01",2,1,326,1
"R02_F01",2,1,327,3
"R02_F01",2,1,328,1
"R02_F01",2,1,329,4
"R02_F01",2,1,330,1
"R02_F01",2,1,331,2
"R02_F01",2,1,332,2
"R02_F01",2,1,333,1
"R02_F01",2,1,334,4
"R02_F01",2,1,335,1
"R02_F01",2,1,336,1
"R02_F01",2,1,337,3
"R02_F01",2,1,338,4
"R02_F01",2,1,340,1
"R02_F01",2,1,341,4
"R02_F01",2,1,342,2
"R02_F01",2,1,343,4
"R02_F01",2,1,344,2
"R02_F01",2,1,345,4
"R02_F01",2,1,347,1
"R02_F01",2,1,348,1
"R02_F01",2,1,349,3
"R02_F01",2,1,350,2
"R02_F01",2,1,351,2
"R02_F01",2,1,352,4
"R02_F01",2,1,353,3
"R02_F01",2,1,354,1
"R02_F01",2,1,355,4
"R02_F01",2,1,356,3
"R02_F01",2,1,357,4
"R02_F01",2,1,358,2
"R02_F01",2,1,359,2
"R02_F01",2,1,360,1
"R02_F01",2,1,361,3
"R02_F01",2,1,362,3
"R02_F01",2,1,363,3
"R02_F01",2,1,364,1
"R02_F01",2,1,366,2
"R02_F01",2,1,367,1
"R02_F01",2,1,368,3
"R02_F01",2,1,369,2
"R02_F01",2,1,370,1
"R02_F01",2,1,371,1
"R02_F01",2,1,372,3
"R02_F01",2,1,373,3
"R02_F01",2,1,374,3
"R02_F01",2,1,375,4
"R02_F01",2,1,376,2
"R02_F01",2,1,377,2
"R02_F01",2,1,378,4
"R02_F01",2,1,379,4
"R02_F01",2,1,380,2
"R02_F01",2,1,381,1
"R02_F01",2,1,382,1
"R02_F01",2,1,383,4
"R02_F01",2,1,385,3
"R02_F01",2,1,386,4
"R02_F01",2,1,387,1
"R02_F01",2,1,388,3
"R02_F01",2,1,391,4
"R02_F01",2,1,392,3
"R02_F01",2,1,393,1
"R02_F01",2,1,394,3
"R02_F01",2,1,395,3
"R02_F01",2,1,396,2
"R02_F01",2,1,397,4
"R02_F01",2,1,399,3
"R02_F01",2,1,400,3
"R02_F01",2,1,401,3
"R02_F01",2,1,402,1
"R02_F01",2,1,403,4
"R02_F01",2,1,404,2
"R02_F01",2,1,405,3
"R02_F01",2,1,406,4
"R02_F01",2,1,407,3
"R02_F01",2,1,409,2
"R02_F01",2,1,410,4
"R02_F01",2,1,411,1
"R02_F01",2,1,412,2
"R02_F01",2,1,413,4
"R02_F01",2,1,414,2
"R02_F01",2,1,415,2
"R02_F01",2,1,416,2
"R02_F01",2,1,417,2
"R02_F01",2,1,418,1
"R02_F01",2,1,421,4
"R02_F01",2,1,422,2
"R02_F01",2,1,423,1
"R02_F01",2,1,424,2
"R02_F01",2,1,425,1
"R02_F01",2,1,426,4
"R02_F01",2,1,427,4
"R02_F01",2,1,429,2
"R02_F01",2,1,430,1
"R02_F01",2,1,432,4
"R02_F01",2,1,433,1
"R02_F01",2,1,434,3
"R02_F01",2,1,435,1
"R02_F01",2,1,436,4
"R02_F01",2,1,437,2
"R02_F01",2,1,438,2
"R02_F01",2,1,441,1
"R02_F01",2,1,442,3
"R02_F01",2,1,443,1
"R02_F01",2,1,444,2
"R02_F01",2,1,445,3
"R02_F01",2,1,446,2
"R02_F01",2,1,448,2
"R02_F01",2,1,451,1
"R02_F01",2,1,452,2
"R02_F01",2,1,453,1
"R02_F01",2,1,454,4
"R02_F01",2,1,455,3
"R02_F01",2,1,457,3
"R02_F01",2,1,458,1
"R02_F01",2,1,459,1
"R02_F01",2,1,460,3
"R02_F01",2,1,461,3
"R02_F01",2,1,462,3
"R02_F01",2,1,463,2
"R02_F01",2,1,464,2
"R02_F01",2,1,465,3
"R02_F01",2,1,466,2
"R02_F01",2,1,470,1
"R02_F01",2,1,471,1
"R02_F01",2,1,473,3
"R02_F01",2,1,474,3
"R02_F01",2,1,475,3
"R02_F01",2,1,476,1
"R02_F01",2,1,477,4
"R02_F01",2,1,479,3
"R02_F01",2,1,480,4
"R02_F01",2,1,481,2
"R02_F01",2,1,482,4
"R02_F01",2,1,485,4
"R02_F01",2,1,486,4
"R02_F01",2,1,488,3
"R02_F01",2,1,489,1
"R02_F01",2,1,490,2
"R02_F01",2,1,491,2
"R02_F01",2,1,492,2
"R02_F01",2,1,493,1
"R02_F01",2,1,494,1
"R02_F01",2,1,495,4
"R02_F01",2,1,496,2
"R02_F01",2,1,497,4
"R02_F01",2,1,498,1
"R02_F01",2,1,500,4
"R02_F01",2,1,501,3
"R02_F01",2,1,502,4
"R02_F01",2,1,504,2
"R02_F01",2,1,505,4
"R02_F01",2,1,507,3
"R02_F01",2,1,508,3
"R02_F01",2,1,509,4
"R02_F01",2,1,510,2
"R02_F01",2,1,511,1
"R02_F01",2,1,512,3
"R02_F01",2,1,513,1
"R02_F01",2,1,514,4
"R02_F01",2,1,515,3
"R02_F01",2,1,516,4
"R02_F01",2,1,517,1
"R02_F01",2,1,518,4
"R02_F01",2,1,519,1
"R02_F01",2,1,521,4
"R02_F01",2,1,522,1
"R02_F01",2,1,523,1
"R02_F01",2,1,524,3
"R02_F01",2,1,526,1
"R02_F01",2,1,527,3
"R02_F01",2,1,528,4
"R02_F01",2,1,529,1
"R02_F01",2,1,530,1
"R02_F01",2,1,531,1
"R02_F01",2,1,532,4
"R02_F01",2,1,533,2
"R02_F01",2,1,534,3
"R02_F01",2,1,535,1
"R02_F01",2,1,536,2
"R02_F01",2,1,537,3
"R02_F01",2,1,538,1
"R02_F01",2,1,539,3
"R02_F01",2,1,540,2
"R02_F01",2,1,541,1
"R02_F01",2,1,542,4
"R02_F01",2,1,543,3
"R02_F01",2,1,545,3
"R02_F01",2,1,546,1
"R02_F01",2,1,547,3
"R02_F01",2,1,548,3
"R02_F01",2,1,549,2
"R02_F01",2,1,551,2
"R02_F01",2,1,552,2
"R02_F01",2,1,553,4
"R02_F01",2,1,554,2
"R02_F01",2,1,556,2
"R02_F01",2,1,558,1
"R02_F01",2,1,560,3
"R02_F01",2,1,561,2
"R02_F01",2,1,562,3
"R02_F01",2,1,563,4
"R02_F01",2,1,564,3
"R02_F01",2,1,565,4
"R02_F01",2,1,566,4
"R02_F01",2,1,567,4
"R02_F01",2,1,568,4
"R02_F01",2,1,570,3
"R02_F01",2,1,571,2
"R02_F01",2,1,572,4
"R02_F01",2,1,573,1
"R02_F01",2,1,574,3
"R02_F01",2,1,575,2
"R02_F01",2,1,576,1
"R02_F01",2,1,577,3
"R02_F01",2,1,579,4
"R02_F01",2,1,580,3
"R02_F01",2,1,582,1
"R02_F01",2,1,584,4
"R02_F01",2,1,585,4
"R02_F01",2,1,586,4
"R02_F01",2,1,587,4
"R02_F01",2,1,588,4
"R02_F01",2,1,589,4
"R02_F01",2,1,590,3
"R02_F01",2,1,591,2
"R02_F01",2,1,592,3
"R02_F01",2,1,593,4
"R02_F01",2,1,594,4
"R02_F01",2,1,596,3
"R02_F01",2,1,597,2
"R02_F01",2,1,598,1
"R02_F01",2,1,599,3
"R02_F01",2,1,600,2
"R02_F01",2,1,601,3
"R02_F01",2,1,603,4
"R02_F01",2,1,604,2
"R02_F01",2,1,606,3
"R02_F01",2,1,607,4
"R02_F01",2,1,608,3
"R02_F01",2,1,610,4
"R02_F01",2,1,612,1
"R02_F01",2,1,613,1
"R02_F01",2,1,614,4
"R02_F01",2,1,615,2
"R02_F01",2,1,616,2
"R02_F01",2,1,617,4
"R02_F01",2,1,619,1
"R02_F01",2,1,620,1
"R02_F01",2,1,621,1
"R02_F01",2,1,622,3
"R02_F01",2,1,623,2
"R02_F01",2,1,624,2
"R02_F01",2,1,626,1
"R02_F01",2,1,628,2
"R02_F01",2,1,629,2
"R02_F01",2,1,630,4
"R02_F01",2,1,632,1
"R02_F01",2,1,633,1
"R02_F01",2,1,634,2
"R02_F01",2,1,635,3
"R02_F01",2,1,636,4
"R02_F01",2,1,639,3
"R02_F01",2,1,640,1
"R02_F01",2,1,641,4
"R02_F01",2,1,644,2
"R02_F01",2,1,645,3
"R02_F01",2,1,646,1
"R02_F01",2,1,647,2
"R02_F01",2,1,650,1
"R02_F01",2,1,651,2
"R02_F01",2,1,652,4
"R02_F01",2,1,653,1
"R02_F01",2,1,655,2
"R02_F01",2,1,656,2
"R02_F01",2,1,658,2
"R02_F01",2,1,659,4
"R02_F01",2,1,660,2
"R02_F01",2,1,664,2
"R02_F01",2,1,665,4
"R02_F01",2,1,666,3
"R02_F01",2,1,668,3
"R02_F01",2,1,670,1
"R02_F01",2,1,671,4
"R02_F01",2,1,672,1
"R02_F01",2,1,673,4
"R02_F01",2,1,675,3
"R02_F01",2,1,676,3
"R02_F01",2,1,677,2
"R02_F01",2,1,678,3
"R02_F01",2,1,680,2
"R02_F01",2,1,682,2
"R02_F01",2,1,683,4
"R02_F01",2,1,684,3
"R02_F01",2,1,685,4
"R02_F01",2,1,686,4
"R02_F01",2,1,687,2
"R02_F01",2,1,689,4
"R02_F01",2,1,690,1
"R02_F01",2,1,692,3
"R02_F01",2,1,693,4
"R02_F01",2,1,694,3
"R02_F01",2,1,695,3
"R02_F01",2,1,696,1
"R02_F01",2,1,697,1
"R02_F01",2,1,698,3
"R02_F01",2,1,699,4
"R02_F01",2,1,700,2
"R02_F01",2,1,702,1
"R02_F01",2,1,703,4
"R02_F01",2,1,704,3
"R02_F01",2,1,705,4
"R02_F01",2,1,706,3
"R02_F01",2,1,708,4
"R02_F01",2,1,710,3
"R02_F01",2,1,711,4
"R02_F01",2,1,712,2
"R02_F01",2,1,713,2
"R02_F01",2,1,714,4
"R02_F01",2,1,715,1
"R02_F01",2,1,716,2
"R02_F01",2,1,717,4
"R02_F01",2,1,718,2
"R02_F01",2,1,719,4
"R02_F01",2,1,720,3
"R02_F01",2,1,721,3
"R02_F01",2,1,723,2
"R02_F01",2,1,724,1
"R02_F01",2,1,725,2
"R02_F01",2,1,726,2
"R02_F01",2,1,727,4
"R02_F01",2,1,728,3
"R02_F01",2,1,729,1
"R02_F01",2,1,730,3
"R02_F01",2,1,731,2
"R02_F01",2,1,732,3
"R02_F01",2,1,733,3
"R02_F01",2,1,734,1
"R02_F01",2,1,737,2
"R02_F01",2,1,738,2
"R02_F01",2,1,739,3
"R02_F01",2,1,740,3
"R02_F01",2,1,741,2
"R02_F01",2,1,742,4
"R02_F01",2,1,744,1
"R02_F01",2,1,745,2
"R02_F01",2,1,747,2
"R02_F01",2,1,748,3
"R02_F01",2,1,750,3
"R02_F01",2,1,751,4
"R02_F01",2,1,752,1
"R02_F01",2,1,753,2
"R02_F01",2,1,754,3
"R02_F01",2,1,755,3
"R02_F01",2,1,756,3
"R02_F01",2,1,758,3
"R02_F01",2,1,759,3
"R02_F01",2,1,760,4
"R02_F01",2,1,761,1
"R02_F01",2,1,762,3
"R02_F01",2,1,763,2
"R02_F01",2,1,764,1
"R02_F01",2,1,766,2
"R02_F01",2,1,767,3
"R02_F01",2,1,768,2
"R02_F01",2,1,769,4
"R02_F01",2,1,771,4
"R02_F01",2,1,772,4
"R02_F01",2,1,773,4
"R02_F01",2,1,774,3
"R02_F01",2,1,775,1
"R02_F01",2,1,776,4
"R02_F01",2,1,777,1
"R02_F01",2,1,779,2
"R02_F01",2,1,780,3
"R02_F01",2,1,781,4
"R02_F01",2,1,782,2
"R02_F01",2,1,783,2
"R02_F01",2,1,785,4
"R02_F01",2,1,786,3
"R02_F01",2,1,787,2
"R02_F01",2,1,788,3
"R02_F01",2,1,789,2
"R02_F01",2,1,790,2
"R02_F01",2,1,791,4
"R02_F01",2,1,792,3
"R02_F01",2,1,794,1
"R02_F01",2,1,795,4
"R02_F01",2,1,796,3
"R02_F01",2,1,797,2
"R02_F01",2,1,799,4
"R02_F01",2,1,800,1
"R02_F01",2,1,801,1
"R02_F01",2,1,802,1
"R02_F01",2,1,803,2
"R02_F01",2,1,804,3
"R02_F01",2,1,805,4
"R02_F01",2,1,806,4
"R02_F01",2,1,808,3
"R02_F01",2,1,810,3
"R02_F01",2,1,813,2
"R02_F01",2,1,815,4
"R02_F01",2,1,816,1
"R02_F01",2,1,817,4
"R02_F01",2,1,820,1
"R02_F01",2,1,821,3
"R02_F01",2,1,822,1
"R02_F01",2,1,825,2
"R02_F01",2,1,826,1
"R02_F01",2,1,827,3
"R02_F01",2,1,828,2
"R02_F01",2,1,829,4
"R02_F01",2,1,830,4
"R02_F01",2,1,831,3
"R02_F01",2,1,832,2
"R02_F01",2,1,833,1
"R02_F01",2,1,834,3
"R02_F01",2,1,835,2
"R02_F01",2,1,836,3
"R02_F01",2,1,837,3
"R02_F01",2,1,842,3
"R02_F01",2,1,844,2
"R02_F01",2,1,845,1
"R02_F01",2,1,846,3
"R02_F01",2,1,847,4
"R02_F01",2,1,849,3
"R02_F01",2,1,850,2
"R02_F01",2,1,851,1
"R02_F01",2,1,852,2
"R02_F01",2,1,855,2
"R02_F01",2,1,856,1
"R02_F01",2,1,857,1
"R02_F01",2,1,858,4
"R02_F01",2,1,860,4
"R02_F01",2,1,861,2
"R02_F01",2,1,862,1
"R02_F01",2,1,863,3
"R02_F01",2,1,864,3
"R02_F01",2,1,865,4
"R02_F01",2,1,866,3
"R02_F01",2,1,867,2
"R02_F01",2,1,870,1
"R02_F01",2,1,871,2
"R02_F01",2,1,873,4
"R02_F01",2,1,875,2
"R02_F01",2,1,876,3
"R02_F01",2,1,877,1
"R02_F01",2,1,878,1
"R02_F01",2,1,880,3
"R02_F01",2,1,881,3
"R02_F01",2,1,883,2
"R02_F01",2,1,885,4
"R02_F01",2,1,886,1
"R02_F01",2,1,887,1
"R02_F01",2,1,888,4
"R02_F01",2,1,889,4
"R02_F01",2,1,890,1
"R02_F01",2,1,891,3
"R02_F01",2,1,892,1
"R02_F01",2,1,893,4
"R02_F01",2,1,894,4
"R02_F01",2,1,895,4
"R02_F01",2,1,897,2
"R02_F01",2,1,898,2
"R02_F01",2,1,900,4
"R02_F01",2,1,901,3
"R02_F01",2,1,903,2
"R02_F01",2,1,904,4
"R02_F01",2,1,905,1
"R02_F01",2,1,906,4
"R02_F01",2,1,907,1
"R02_F01",2,1,908,1
"R02_F01",2,1,909,3
"R02_F01",2,1,910,4
"R02_F01",2,1,912,1
"R02_F01",2,1,914,3
"R02_F01",2,1,915,1
"R02_F01",2,1,916,3
"R02_F01",2,1,917,1
"R02_F01",2,1,918,3
"R02_F01",2,1,919,1
"R02_F01",2,1,920,2
"R02_F01",2,1,921,1
"R02_F01",2,1,922,1
"R02_F01",2,1,923,1
"R02_F01",2,1,925,2
"R02_F01",2,1,927,4
"R02_F01",2,1,928,1
"R02_F01",2,1,929,3
"R02_F01",2,1,930,4
"R02_F01",2,1,931,1
"R02_F01",2,1,932,2
"R02_F01",2,1,934,3
"R02_F01",2,1,935,2
"R02_F01",2,1,937,4
"R02_F01",2,1,938,1
"R02_F01",2,1,939,3
"R02_F01",2,1,941,3
"R02_F01",2,1,942,1
"R02_F01",2,1,944,4
"R02_F01",2,1,945,4
"R02_F01",2,1,946,2
"R02_F01",2,1,947,2
"R02_F01",2,1,948,4
"R02_F01",2,1,949,3
"R02_F01",2,1,950,3
"R02_F01",2,1,951,4
"R02_F01",2,1,953,1
"R02_F01",2,1,954,3
"R02_F01",2,1,955,4
"R02_F01",2,1,956,1
"R02_F01",2,1,957,1
"R02_F01",2,1,959,4
"R02_F01",2,1,961,1
"R02_F01",2,1,962,2
"R02_F01",2,1,964,1
"R02_F01",2,1,965,3
"R02_F01",2,1,966,4
"R02_F01",2,1,967,2
"R02_F01",2,1,969,3
"R02_F01",2,1,970,1
"R02_F01",2,1,971,3
"R02_F01",2,1,972,3
"R02_F01",2,1,973,4
"R02_F01",2,1,975,1
"R02_F01",2,1,976,2
"R02_F01",2,1,978,2
"R02_F01",2,1,980,1
"R02_F01",2,1,981,3
"R02_F01",2,1,984,1
"R02_F01",2,1,986,1
"R02_F01",2,1,987,4
"R02_F01",2,1,988,1
"R02_F01",2,1,989,2
"R02_F01",2,1,990,3
"R02_F01",2,1,993,2
"R02_F01",2,1,994,4
"R02_F01",2,1,995,4
"R02_F01",2,1,996,3
"R02_F01",2,1,997,1
"R02_F01",2,1,998,1
"R02_F01",2,1,999,3
"R02_F01",2,1,1000,3
"R02_F02",2,2,1,4
"R02_F02",2,2,3,1
"R02_F02",2,2,6,3
"R02_F02",2,2,7,1
"R02_F02",2,2,8,3
"R02_F02",2,2,9,1
"R02_F02",2,2,10,2
"R02_F02",2,2,11,4
"R02_F02",2,2,13,4
"R02_F02",2,2,14,2
"R02_F02",2,2,15,4
"R02_F02",2,2,17,4
"R02_F02",2,2,18,4
"R02_F02",2,2,19,3
"R02_F02",2,2,20,3
"R02_F02",2,2,21,2
"R02_F02",2,2,23,1
"R02_F02",2,2,24,2
"R02_F02",2,2,25,3
"R02_F02",2,2,26,1
"R02_F02",2,2,27,4
"R02_F02",2,2,28,3
"R02_F02",2,2,29,3
"R02_F02",2,2,31,3
"R02_F02",2,2,33,4
"R02_F02",2,2,35,2
"R02_F02",2,2,36,1
"R02_F02",2,2,37,3
"R02_F02",2,2,38,1
"R02_F02",2,2,39,1
"R02_F02",2,2,41,2
"R02_F02",2,2,43,3
"R02_F02",2,2,44,1
"R02_F02",2,2,45,3
"R02_F02",2,2,46,4
"R02_F02",2,2,47,1
"R02_F02",2,2,50,4
"R02_F02",2,2,52,1
"R02_F02",2,2,53,1
"R02_F02",2,2,54,3
"R02_F02",2,2,55,4
"R02_F02",2,2,56,2
"R02_F02",2,2,57,2
"R02_F02",2,2,58,4
"R02_F02",2,2,61,4
"R02_F02",2,2,62,4
"R02_F02",2,2,63,1
"R02_F02",2,2,65,2
"R02_F02",2,2,66,1
"R02_F02",2,2,67,1
"R02_F02",2,2,68,2
"R02_F02",2,2,69,2
"R02_F02",2,2,70,4
"R02_F02",2,2,72,2
"R02_F02",2,2,73,3
"R02_F02",2,2,75,4
"R02_F02",2,2,76,1
"R02_F02",2,2,78,3
"R02_F02",2,2,79,2
"R02_F02",2,2,80,4
"R02_F02",2,2,81,3
"R02_F02",2,2,82,2
"R02_F02",2,2,83,1
"R02_F02",2,2,85,1
"R02_F02",2,2,86,4
"R02_F02",2,2,87,3
"R02_F02",2,2,88,2
"R02_F02",2,2,89,2
"R02_F02",2,2,90,4
"R02_F02",2,2,91,4
"R02_F02",2,2,92,2
"R02_F02",2,2,93,3
"R02_F02",2,2,94,2
"R02_F02",2,2,95,4
"R02_F02",2,2,97,2
"R02_F02",2,2,98,2
"R02_F02",2,2,99,3
"R02_F02",2,2,100,2
"R02_F02",2,2,101,1
"R02_F02",2,2,102,4
"R02_F02",2,2,103,3
"R02_F02",2,2,104,2
"R02_F02",2,2,105,4
"R02_F02",2,2,107,4
"R02_F02",2,2,108,1
"R02_F02",2,2,109,4
"R02_F02",2,2,110,2
"R02_F02",2,2,111,4
"R02_F02",2,2,114,3
"R02_F02",2,2,115,2
"R02_F02",2,2,116,4
"R02_F02",2,2,117,2
"R02_F02",2,2,119,1
"R02_F02",2,2,120,2
"R02_F02",2,2,121,4
"R02_F02",2,2,122,2
"R02_F02",2,2,124,1
"R02_F02",2,2,125,4
"R02_F02",2,2,126,4
"R02_F02",2,2,127,4
"R02_F02",2,2,128,3
"R02_F02",2,2,129,4
"R02_F02",2,2,130,2
"R02_F02",2,2,131,2
"R02_F02",2,2,133,1
"R02_F02",2,2,134,3
"R02_F02",2,2,136,4
"R02_F02",2,2,137,1
"R02_F02",2,2,141,1
"R02_F02",2,2,142,4
"R02_F02",2,2,143,1
"R02_F02",2,2,144,4
"R02_F02",2,2,145,1
"R02_F02",2,2,147,4
"R02_F02",2,2,148,4
"R02_F02",2,2,149,2
"R02_F02",2,2,150,2
"R02_F02",2,2,151,1
"R02_F02",2,2,152,4
"R02_F02",2,2,153,3
"R02_F02",2,2,154,3
"R02_F02",2,2,155,3
"R02_F02",2,2,156,1
"R02_F02",2,2,157,1
"R02_F02",2,2,158,4
"R02_F02",2,2,159,2
"R02_F02",2,2,160,3
"R02_F02",2,2,163,2
"R02_F02",2,2,164,4
"R02_F02",2,2,165,3
"R02_F02",2,2,166,4
"R02_F02",2,2,167,4
"R02_F02",2,2,168,1
"R02_F02",2,2,170,3
"R02_F02",2,2,171,3
"R02_F02",2,2,176,4
"R02_F02",2,2,178,1
"R02_F02",2,2,179,1
"R02_F02",2,2,180,4
"R02_F02",2,2,181,4
"R02_F02",2,2,182,2
"R02_F02",2,2,183,4
"R02_F02",2,2,185,1
"R02_F02",2,2,186,2
"R02_F02",2,2,187,1
"R02_F02",2,2,188,4
"R02_F02",2,2,189,4
"R02_F02",2,2,190,3
"R02_F02",2,2,192,1
"R02_F02",2,2,193,2
"R02_F02",2,2,194,4
"R02_F02",2,2,195,1
"R02_F02",2,2,198,3
"R02_F02",2,2,199,2
"R02_F02",2,2,200,1
"R02_F02",2,2,201,3
"R02_F02",2,2,202,2
"R02_F02",2,2,203,1
"R02_F02",2,2,204,4
"R02_F02",2,2,206,3
"R02_F02",2,2,207,2
"R02_F02",2,2,208,4
"R02_F02",2,2,209,1
"R02_F02",2,2,210,4
"R02_F02",2,2,213,2
"R02_F02",2,2,214,2
"R02_F02",2,2,216,2
"R02_F02",2,2,218,4
"R02_F02",2,2,219,2
"R02_F02",2,2,220,3
"R02_F02",2,2,221,2
"R02_F02",2,2,222,3
"R02_F02",2,2,223,3
"R02_F02",2,2,225,4
"R02_F02",2,2,226,1
"R02_F02",2,2,227,2
"R02_F02",2,2,228,3
"R02_F02",2,2,229,4
"R02_F02",2,2,231,2
"R02_F02",2,2,232,1
"R02_F02",2,2,233,2
"R02_F02",2,2,235,4
"R02_F02",2,2,236,3
"R02_F02",2,2,238,3
"R02_F02",2,2,239,4
"R02_F02",2,2,240,3
"R02_F02",2,2,242,2
"R02_F02",2,2,244,2
"R02_F02",2,2,245,4
"R02_F02",2,2,246,4
"R02_F02",2,2,247,1
"R02_F02",2,2,248,2
"R02_F02",2,2,249,4
"R02_F02",2,2,251,2
"R02_F02",2,2,252,2
"R02_F02",2,2,256,3
"R02_F02",2,2,257,4
"R02_F02",2,2,259,2
"R02_F02",2,2,260,2
"R02_F02",2,2,261,4
"R02_F02",2,2,262,1
"R02_F02",2,2,264,1
"R02_F02",2,2,265,1
"R02_F02",2,2,266,2
"R02_F02",2,2,267,2
"R02_F02",2,2,268,4
"R02_F02",2,2,269,4
"R02_F02",2,2,270,1
"R02_F02",2,2,271,2
"R02_F02",2,2,272,4
"R02_F02",2,2,273,1
"R02_F02",2,2,274,3
"R02_F02",2,2,275,1
"R02_F02",2,2,276,2
"R02_F02",2,2,277,1
"R02_F02",2,2,279,2
"R02_F02",2,2,281,3
"R02_F02",2,2,282,4
"R02_F02",2,2,285,1
"R02_F02",2,2,286,2
"R02_F02",2,2,287,4
"R02_F02",2,2,288,2
"R02_F02",2,2,289,3
"R02_F02",2,2,293,3
"R02_F02",2,2,294,3
"R02_F02",2,2,295,4
"R02_F02",2,2,298,3
"R02_F02",2,2,299,1
"R02_F02",2,2,300,4
"R02_F02",2,2,301,1
"R02_F02",2,2,302,4
"R02_F02",2,2,303,3
"R02_F02",2,2,304,1
"R02_F02",2,2,305,2
"R02_F02",2,2,306,1
"R02_F02",2,2,307,3
"R02_F02",2,2,308,4
"R02_F02",2,2,309,1
"R02_F02",2,2,310,3
"R02_F02",2,2,311,3
"R02_F02",2,2,312,2
"R02_F02",2,2,313,2
"R02_F02",2,2,314,3
"R02_F02",2,2,315,1
"R02_F02",2,2,316,3
"R02_F02",2,2,317,4
"R02_F02",2,2,318,1
"R02_F02",2,2,321,3
"R02_F02",2,2,322,2
"R02_F02",2,2,323,3
"R02_F02",2,2,325,2
"R02_F02",2,2,326,2
"R02_F02",2,2,327,1
"R02_F02",2,2,328,1
"R02_F02",2,2,329,4
"R02_F02",2,2,331,2
"R02_F02",2,2,332,4
"R02_F02",2,2,333,1
"R02_F02",2,2,334,2
"R02_F02",2,2,335,2
"R02_F02",2,2,336,1
"R02_F02",2,2,337,2
"R02_F02",2,2,339,1
"R02_F02",2,2,340,1
"R02_F02",2,2,343,3
"R02_F02",2,2,344,2
"R02_F02",2,2,345,1
"R02_F02",2,2,346,2
"R02_F02",2,2,348,3
"R02_F02",2,2,350,3
"R02_F02",2,2,351,3
"R02_F02",2,2,352,4
"R02_F02",2,2,353,1
"R02_F02",2,2,356,4
"R02_F02",2,2,358,4
"R02_F02",2,2,359,1
"R02_F02",2,2,360,1
"R02_F02",2,2,361,1
"R02_F02",2,2,362,2
"R02_F02",2,2,365,3
"R02_F02",2,2,366,1
"R02_F02",2,2,367,2
"R02_F02",2,2,368,3
"R02_F02",2,2,370,1
"R02_F02",2,2,373,4
"R02_F02",2,2,374,1
"R02_F02",2,2,375,3
"R02_F02",2,2,377,4
"R02_F02",2,2,378,1
"R02_F02",2,2,379,1
"R02_F02",2,2,380,4
"R02_F02",2,2,381,4
"R02_F02",2,2,382,3
"R02_F02",2,2,383,1
"R02_F02",2,2,384,2
"R02_F02",2,2,386,4
"R02_F02",2,2,388,3
"R02_F02",2,2,389,4
"R02_F02",2,2,390,4
"R02_F02",2,2,392,3
"R02_F02",2,2,394,1
"R02_F02",2,2,396,3
"R02_F02",2,2,397,2
"R02_F02",2,2,398,2
"R02_F02",2,2,399,2
"R02_F02",2,2,400,2
"R02_F02",2,2,401,2
"R02_F02",2,2,403,4
"R02_F02",2,2,405,3
"R02_F02",2,2,406,3
"R02_F02",2,2,407,4
"R02_F02",2,2,408,1
"R02_F02",2,2,409,2
"R02_F02",2,2,410,2
"R02_F02",2,2,412,1
"R02_F02",2,2,413,3
"R02_F02",2,2,414,1
"R02_F02",2,2,415,1
"R02_F02",2,2,416,2
"R02_F02",2,2,418,4
"R02_F02",2,2,419,2
"R02_F02",2,2,420,1
"R02_F02",2,2,421,1
"R02_F02",2,2,424,1
"R02_F02",2,2,425,1
"R02_F02",2,2,426,3
"R02_F02",2,2,427,3
"R02_F02",2,2,428,2
"R02_F02",2,2,430,4
"R02_F02",2,2,431,2
"R02_F02",2,2,432,2
"R02_F02",2,2,433,2
"R02_F02",2,2,434,2
"R02_F02",2,2,435,4
"R02_F02",2,2,438,2
"R02_F02",2,2,439,4
"R02_F02",2,2,440,3
"R02_F02",2,2,441,3
"R02_F02",2,2,442,4
"R02_F02",2,2,443,3
"R02_F02",2,2,444,1
"R02_F02",2,2,445,4
"R02_F02",2,2,446,3
"R02_F02",2,2,447,3
"R02_F02",2,2,448,4
"R02_F02",2,2,449,2
"R02_F02",2,2,450,3
"R02_F02",2,2,451,4
"R02_F02",2,2,453,4
"R02_F02",2,2,454,4
"R02_F02",2,2,456,1
"R02_F02",2,2,458,2
"R02_F02",2,2,459,4
"R02_F02",2,2,460,3
"R02_F02",2,2,461,3
"R02_F02",2,2,462,3
"R02_F02",2,2,463,4
"R02_F02",2,2,464,1
"R02_F02",2,2,465,2
"R02_F02",2,2,466,3
"R02_F02",2,2,467,4
"R02_F02",2,2,468,1
"R02_F02",2,2,469,2
"R02_F02",2,2,470,2
"R02_F02",2,2,471,2
"R02_F02",2,2,472,1
"R02_F02",2,2,474,1
"R02_F02",2,2,475,3
"R02_F02",2,2,476,1
"R02_F02",2,2,477,1
"R02_F02",2,2,478,4
"R02_F02",2,2,479,3
"R02_F02",2,2,480,4
"R02_F02",2,2,482,2
"R02_F02",2,2,483,4
"R02_F02",2,2,484,4
"R02_F02",2,2,485,2
"R02_F02",2,2,486,4
"R02_F02",2,2,487,4
"R02_F02",2,2,488,4
"R02_F02",2,2,489,1
"R02_F02",2,2,490,1
"R02_F02",2,2,492,1
"R02_F02",2,2,493,3
"R02_F02",2,2,494,3
"R02_F02",2,2,496,2
"R02_F02",2,2,497,4
"R02_F02",2,2,498,4
"R02_F02",2,2,499,1
"R02_F02",2,2,500,4
"R02_F02",2,2,502,2
"R02_F02",2,2,503,1
"R02_F02",2,2,504,2
"R02_F02",2,2,505,4
"R02_F02",2,2,506,1
"R02_F02",2,2,507,1
"R02_F02",2,2,508,4
"R02_F02",2,2,510,1
"R02_F02",2,2,511,2
"R02_F02",2,2,512,1
"R02_F02",2,2,513,3
"R02_F02",2,2,514,4
"R02_F02",2,2,517,2
"R02_F02",2,2,520,2
"R02_F02",2,2,522,4
"R02_F02",2,2,523,2
"R02_F02",2,2,524,1
"R02_F02",2,2,525,1
"R02_F02",2,2,526,3
"R02_F02",2,2,527,1
"R02_F02",2,2,528,1
"R02_F02",2,2,529,1
"R02_F02",2,2,530,3
"R02_F02",2,2,531,3
"R02_F02",2,2,532,2
"R02_F02",2,2,533,1
"R02_F02",2,2,534,1
"R02_F02",2,2,535,3
"R02_F02",2,2,537,1
"R02_F02",2,2,539,2
"R02_F02",2,2,540,2
"R02_F02",2,2,541,2
"R02_F02",2,2,542,3
"R02_F02",2,2,543,3
"R02_F02",2,2,544,4
"R02_F02",2,2,545,1
"R02_F02",2,2,547,4
"R02_F02",2,2,548,4
"R02_F02",2,2,549,4
"R02_F02",2,2,550,4
"R02_F02",2,2,552,1
"R02_F02",2,2,553,1
"R02_F02",2,2,554,1
"R02_F02",2,2,555,3
"R02_F02",2,2,557,2
"R02_F02",2,2,558,1
"R02_F02",2,2,559,4
"R02_F02",2,2,561,1
"R02_F02",2,2,562,1
"R02_F02",2,2,564,4
"R02_F02",2,2,565,4
"R02_F02",2,2,566,1
"R02_F02",2,2,568,2
"R02_F02",2,2,569,1
"R02_F02",2,2,570,2
"R02_F02",2,2,573,2
"R02_F02",2,2,574,4
"R02_F02",2,2,575,2
"R02_F02",2,2,578,3
"R02_F02",2,2,579,2
"R02_F02",2,2,581,3
"R02_F02",2,2,583,3
"R02_F02",2,2,584,2
"R02_F02",2,2,587,1
"R02_F02",2,2,588,3
"R02_F02",2,2,591,3
"R02_F02",2,2,592,2
"R02_F02",2,2,593,2
"R02_F02",2,2,594,4
"R02_F02",2,2,595,4
"R02_F02",2,2,596,4
"R02_F02",2,2,597,3
"R02_F02",2,2,598,2
"R02_F02",2,2,602,4
"R02_F02",2,2,603,3
"R02_F02",2,2,604,3
"R02_F02",2,2,605,1
"R02_F02",2,2,607,2
"R02_F02",2,2,608,4
"R02_F02",2,2,609,1
"R02_F02",2,2,610,4
"R02_F02",2,2,611,4
"R02_F02",2,2,612,4
"R02_F02",2,2,613,1
"R02_F02",2,2,614,1
"R02_F02",2,2,615,3
"R02_F02",2,2,616,2
"R02_F02",2,2,618,3
"R02_F02",2,2,619,1
"R02_F02",2,2,620,4
"R02_F02",2,2,621,3
"R02_F02",2,2,622,1
"R02_F02",2,2,623,4
"R02_F02",2,2,625,3
"R02_F02",2,2,626,3
"R02_F02",2,2,627,2
"R02_F02",2,2,628,4
"R02_F02",2,2,629,4
"R02_F02",2,2,630,3
"R02_F02",2,2,631,3
"R02_F02",2,2,633,4
"R02_F02",2,2,634,3
"R02_F02",2,2,635,3
"R02_F02",2,2,636,3
"R02_F02",2,2,637,4
"R02_F02",2,2,638,3
"R02_F02",2,2,639,1
"R02_F02",2,2,640,1
"R02_F02",2,2,641,4
"R02_F02",2,2,642,2
"R02_F02",2,2,643,3
"R02_F02",2,2,644,1
"R02_F02",2,2,645,3
"R02_F02",2,2,646,3
"R02_F02",2,2,648,4
"R02_F02",2,2,649,4
"R02_F02",2,2,650,1
"R02_F02",2,2,651,3
"R02_F02",2,2,653,2
"R02_F02",2,2,654,4
"R02_F02",2,2,655,3
"R02_F02",2,2,657,2
"R02_F02",2,2,659,3
"R02_F02",2,2,660,1
"R02_F02",2,2,661,2
"R02_F02",2,2,662,3
"R02_F02",2,2,663,2
"R02_F02",2,2,664,3
"R02_F02",2,2,665,4
"R02_F02",2,2,666,4
"R02_F02",2,2,667,3
"R02_F02",2,2,668,1
"R02_F02",2,2,669,4
"R02_F02",2,2,670,2
"R02_F02",2,2,671,2
"R02_F02",2,2,672,1
"R02_F02",2,2,673,2
"R02_F02",2,2,674,4
"R02_F02",2,2,676,2
"R02_F02",2,2,677,2
"R02_F02",2,2,678,1
"R02_F02",2,2,679,2
"R02_F02",2,2,681,2
"R02_F02",2,2,682,3
"R02_F02",2,2,683,3
"R02_F02",2,2,684,2
"R02_F02",2,2,685,3
"R02_F02",2,2,686,2
"R02_F02",2,2,687,1
"R02_F02",2,2,688,3
"R02_F02",2,2,689,3
"R02_F02",2,2,690,1
"R02_F02",2,2,691,2
"R02_F02",2,2,693,4
"R02_F02",2,2,695,1
"R02_F02",2,2,696,2
"R02_F02",2,2,697,4
"R02_F02",2,2,698,2
"R02_F02",2,2,699,3
"R02_F02",2,2,700,3
"R02_F02",2,2,701,3
"R02_F02",2,2,702,2
"R02_F02",2,2,703,3
"R02_F02",2,2,704,3
"R02_F02",2,2,705,1
"R02_F02",2,2,706,2
"R02_F02",2,2,707,4
"R02_F02",2,2,708,1
"R02_F02",2,2,709,1
"R02_F02",2,2,712,1
"R02_F02",2,2,713,2
"R02_F02",2,2,714,2
"R02_F02",2,2,716,1
"R02_F02",2,2,718,1
"R02_F02",2,2,719,1
"R02_F02",2,2,720,1
"R02_F02",2,2,721,1
"R02_F02",2,2,722,3
"R02_F02",2,2,723,4
"R02_F02",2,2,724,1
"R02_F02",2,2,725,3
"R02_F02",2,2,726,4
"R02_F02",2,2,728,4
"R02_F02",2,2,729,4
"R02_F02",2,2,730,4
"R02_F02",2,2,731,4
"R02_F02",2,2,732,4
"R02_F02",2,2,733,2
"R02_F02",2,2,734,3
"R02_F02",2,2,735,2
"R02_F02",2,2,736,1
"R02_F02",2,2,737,4
"R02_F02",2,2,738,1
"R02_F02",2,2,739,4
"R02_F02",2,2,741,4
"R02_F02",2,2,742,2
"R02_F02",2,2,743,3
"R02_F02",2,2,744,3
"R02_F02",2,2,745,2
"R02_F02",2,2,746,1
"R02_F02",2,2,749,3
"R02_F02",2,2,751,2
"R02_F02",2,2,752,3
"R02_F02",2,2,753,3
"R02_F02",2,2,754,3
"R02_F02",2,2,755,3
"R02_F02",2,2,756,3
"R02_F02",2,2,757,2
"R02_F02",2,2,758,2
"R02_F02",2,2,760,2
"R02_F02",2,2,761,1
"R02_F02",2,2,762,1
"R02_F02",2,2,763,4
"R02_F02",2,2,764,2
"R02_F02",2,2,765,1
"R02_F02",2,2,766,2
"R02_F02",2,2,767,3
"R02_F02",2,2,768,3
"R02_F02",2,2,769,2
"R02_F02",2,2,770,2
"R02_F02",2,2,771,2
"R02_F02",2,2,772,2
"R02_F02",2,2,773,4
"R02_F02",2,2,774,2
"R02_F02",2,2,775,1
"R02_F02",2,2,776,3
"R02_F02",2,2,777,1
"R02_F02",2,2,778,2
"R02_F02",2,2,779,2
"R02_F02",2,2,780,1
"R02_F02",2,2,781,2
"R02_F02",2,2,782,4
"R02_F02",2,2,783,4
"R02_F02",2,2,784,4
"R02_F02",2,2,785,2
"R02_F02",2,2,786,3
"R02_F02",2,2,787,3
"R02_F02",2,2,789,1
"R02_F02",2,2,791,1
"R02_F02",2,2,792,1
"R02_F02",2,2,793,4
"R02_F02",2,2,795,1
"R02_F02",2,2,798,4
"R02_F02",2,2,799,4
"R02_F02",2,2,800,1
"R02_F02",2,2,801,2
"R02_F02",2,2,802,3
"R02_F02",2,2,803,4
"R02_F02",2,2,804,3
"R02_F02",2,2,805,1
"R02_F02",2,2,806,4
"R02_F02",2,2,807,3
"R02_F02",2,2,808,1
"R02_F02",2,2,809,3
"R02_F02",2,2,810,3
"R02_F02",2,2,811,1
"R02_F02",2,2,812,2
"R02_F02",2,2,813,4
"R02_F02",2,2,814,1
"R02_F02",2,2,816,1
"R02_F02",2,2,817,3
"R02_F02",2,2,818,3
"R02_F02",2,2,819,4
"R02_F02",2,2,820,4
"R02_F02",2,2,821,2
"R02_F02",2,2,822,1
"R02_F02",2,2,823,2
"R02_F02",2,2,824,4
"R02_F02",2,2,826,3
"R02_F02",2,2,829,2
"R02_F02",2,2,831,1
"R02_F02",2,2,832,1
"R02_F02",2,2,834,2
"R02_F02",2,2,835,2
"R02_F02",2,2,837,3
"R02_F02",2,2,838,4
"R02_F02",2,2,839,2
"R02_F02",2,2,840,1
"R02_F02",2,2,841,3
"R02_F02",2,2,842,1
"R02_F02",2,2,843,1
"R02_F02",2,2,845,3
"R02_F02",2,2,846,4
"R02_F02",2,2,847,3
"R02_F02",2,2,848,2
"R02_F02",2,2,849,4
"R02_F02",2,2,850,1
"R02_F02",2,2,851,4
"R02_F02",2,2,852,4
"R02_F02",2,2,853,4
"R02_F02",2,2,854,2
"R02_F02",2,2,855,2
"R02_F02",2,2,856,1
"R02_F02",2,2,857,2
"R02_F02",2,2,859,3
"R02_F02",2,2,863,3
"R02_F02",2,2,864,1
"R02_F02",2,2,865,3
"R02_F02",2,2,866,1
"R02_F02",2,2,868,4
"R02_F02",2,2,869,4
"R02_F02",2,2,870,2
"R02_F02",2,2,872,3
"R02_F02",2,2,873,1
"R02_F02",2,2,874,3
"R02_F02",2,2,875,2
"R02_F02",2,2,876,4
"R02_F02",2,2,877,1
"R02_F02",2,2,879,3
"R02_F02",2,2,880,3
"R02_F02",2,2,881,2
"R02_F02",2,2,882,1
"R02_F02",2,2,884,4
"R02_F02",2,2,886,3
"R02_F02",2,2,888,3
"R02_F02",2,2,889,4
"R02_F02",2,2,890,3
"R02_F02",2,2,891,3
"R02_F02",2,2,892,3
"R02_F02",2,2,893,1
"R02_F02",2,2,894,1
"R02_F02",2,2,895,3
"R02_F02",2,2,896,3
"R02_F02",2,2,897,4
"R02_F02",2,2,899,2
"R02_F02",2,2,900,1
"R02_F02",2,2,901,2
"R02_F02",2,2,902,4
"R02_F02",2,2,903,3
"R02_F02",2,2,904,1
"R02_F02",2,2,905,3
"R02_F02",2,2,906,3
"R02_F02",2,2,907,1
"R02_F02",2,2,909,2
"R02_F02",2,2,910,4
"R02_F02",2,2,911,3
"R02_F02",2,2,912,2
"R02_F02",2,2,913,4
"R02_F02",2,2,914,3
"R02_F02",2,2,915,3
"R02_F02",2,2,916,2
"R02_F02",2,2,917,3
"R02_F02",2,2,919,1
"R02_F02",2,2,920,3
"R02_F02",2,2,921,4
"R02_F02",2,2,923,2
"R02_F02",2,2,924,3
"R02_F02",2,2,925,3
"R02_F02",2,2,926,1
"R02_F02",2,2,927,1
"R02_F02",2,2,928,1
"R02_F02",2,2,929,3
"R02_F02",2,2,931,4
"R02_F02",2,2,932,4
"R02_F02",2,2,933,1
"R02_F02",2,2,934,3
"R02_F02",2,2,935,1
"R02_F02",2,2,936,2
"R02_F02",2,2,937,3
"R02_F02",2,2,939,2
"R02_F02",2,2,940,2
"R02_F02",2,2,941,3
"R02_F02",2,2,943,2
"R02_F02",2,2,944,2
"R02_F02",2,2,945,3
"R02_F02",2,2,946,2
"R02_F02",2,2,947,3
"R02_F02",2,2,949,3
"R02_F02",2,2,950,3
"R02_F02",2,2,952,4
"R02_F02",2,2,953,2
"R02_F02",2,2,955,4
"R02_F02",2,2,956,2
"R02_F02",2,2,958,1
"R02_F02",2,2,960,1
"R02_F02",2,2,961,4
"R02_F02",2,2,962,2
"R02_F02",2,2,963,4
"R02_F02",2,2,964,1
"R02_F02",2,2,965,3
"R02_F02",2,2,966,4
"R02_F02",2,2,968,1
"R02_F02",2,2,969,3
"R02_F02",2,2,970,1
"R02_F02",2,2,971,3
"R02_F02",2,2,972,3
"R02_F02",2,2,974,2
"R02_F02",2,2,976,2
"R02_F02",2,2,977,2
"R02_F02",2,2,979,2
"R02_F02",2,2,980,1
"R02_F02",2,2,981,4
"R02_F02",2,2,982,2
"R02_F02",2,2,983,4
"R02_F02",2,2,984,3
"R02_F02",2,2,985,4
"R02_F02",2,2,986,2
"R02_F02",2,2,987,4
"R02_F02",2,2,988,3
"R02_F02",2,2,989,1
"R02_F02",2,2,991,4
"R02_F02",2,2,992,3
"R02_F02",2,2,993,1
"R02_F02",2,2,994,4
"R02_F02",2,2,995,1
"R02_F02",2,2,996,3
"R02_F02",2,2,997,1
"R02_F02",2,2,998,1
"R02_F02",2,2,999,2
"R02_F02",2,2,1000,3
"R02_F03",2,3,1,4
"R02_F03",2,3,2,3
"R02_F03",2,3,3,1
"R02_F03",2,3,4,3
"R02_F03",2,3,5,4
"R02_F03",2,3,6,4
"R02_F03",2,3,8,2
"R02_F03",2,3,9,3
"R02_F03",2,3,12,3
"R02_F03",2,3,13,2
"R02_F03",2,3,14,4
"R02_F03",2,3,15,4
"R02_F03",2,3,16,3
"R02_F03",2,3,18,1
"R02_F03",2,3,19,1
"R02_F03",2,3,21,3
"R02_F03",2,3,22,1
"R02_F03",2,3,23,3
"R02_F03",2,3,25,1
"R02_F03",2,3,27,4
"R02_F03",2,3,28,4
"R02_F03",2,3,30,1
"R02_F03",2,3,31,2
"R02_F03",2,3,32,2
"R02_F03",2,3,33,2
"R02_F03",2,3,34,4
"R02_F03",2,3,35,3
"R02_F03",2,3,36,2
"R02_F03",2,3,38,4
"R02_F03",2,3,39,1
"R02_F03",2,3,40,3
"R02_F03",2,3,41,4
"R02_F03",2,3,42,2
"R02_F03",2,3,43,2
"R02_F03",2,3,44,1
"R02_F03",2,3,46,1
"R02_F03",2,3,47,2
"R02_F03",2,3,48,2
"R02_F03",2,3,49,3
"R02_F03",2,3,50,1
"R02_F03",2,3,51,4
"R02_F03",2,3,53,1
"R02_F03",2,3,54,4
"R02_F03",2,3,55,4
"R02_F03",2,3,56,3
"R02_F03",2,3,57,4
"R02_F03",2,3,58,2
"R02_F03",2,3,59,2
"R02_F03",2,3,60,1
"R02_F03",2,3,62,4
"R02_F03",2,3,63,4
"R02_F03",2,3,64,3
"R02_F03",2,3,66,2
"R02_F03",2,3,67,2
"R02_F03",2,3,70,2
"R02_F03",2,3,71,1
"R02_F03",2,3,72,1
"R02_F03",2,3,73,2
"R02_F03",2,3,74,4
"R02_F03",2,3,75,1
"R02_F03",2,3,77,4
"R02_F03",2,3,78,1
"R02_F03",2,3,79,3
"R02_F03",2,3,80,4
"R02_F03",2,3,81,1
"R02_F03",2,3,82,1
"R02_F03",2,3,84,4
"R02_F03",2,3,85,4
"R02_F03",2,3,86,2
"R02_F03",2,3,87,2
"R02_F03",2,3,88,3
"R02_F03",2,3,89,1
"R02_F03",2,3,91,4
"R02_F03",2,3,92,3
"R02_F03",2,3,93,1
"R02_F03",2,3,94,4
"R02_F03",2,3,95,4
"R02_F03",2,3,96,2
"R02_F03",2,3,97,2
"R02_F03",2,3,98,4
"R02_F03",2,3,99,1
"R02_F03",2,3,100,3
"R02_F03",2,3,102,1
"R02_F03",2,3,103,2
"R02_F03",2,3,104,4
"R02_F03",2,3,106,3
"R02_F03",2,3,107,2
"R02_F03",2,3,108,3
"R02_F03",2,3,109,1
"R02_F03",2,3,110,4
"R02_F03",2,3,111,2
"R02_F03",2,3,112,2
"R02_F03",2,3,113,4
"R02_F03",2,3,114,2
"R02_F03",2,3,115,4
"R02_F03",2,3,117,4
"R02_F03",2,3,118,2
"R02_F03",2,3,120,4
"R02_F03",2,3,122,1
"R02_F03",2,3,123,2
"R02_F03",2,3,124,1
"R02_F03",2,3,125,1
"R02_F03",2,3,126,2
"R02_F03",2,3,127,3
"R02_F03",2,3,128,3
"R02_F03",2,3,129,4
"R02_F03",2,3,130,3
"R02_F03",2,3,131,1
"R02_F03",2,3,132,1
"R02_F03",2,3,133,1
"R02_F03",2,3,134,4
"R02_F03",2,3,135,4
"R02_F03",2,3,136,2
"R02_F03",2,3,137,4
"R02_F03",2,3,138,4
"R02_F03",2,3,139,2
"R02_F03",2,3,140,2
"R02_F03",2,3,141,4
"R02_F03",2,3,142,4
"R02_F03",2,3,143,4
"R02_F03",2,3,144,2
"R02_F03",2,3,145,2
"R02_F03",2,3,146,1
"R02_F03",2,3,147,4
"R02_F03",2,3,148,1
"R02_F03",2,3,153,1
"R02_F03",2,3,154,2
"R02_F03",2,3,155,2
"R02_F03",2,3,157,3
"R02_F03",2,3,161,1
"R02_F03",2,3,162,1
"R02_F03",2,3,163,1
"R02_F03",2,3,164,4
"R02_F03",2,3,166,4
"R02_F03",2,3,168,2
"R02_F03",2,3,169,4
"R02_F03",2,3,170,4
"R02_F03",2,3,171,4
"R02_F03",2,3,172,2
"R02_F03",2,3,173,3
"R02_F03",2,3,174,3
"R02_F03",2,3,175,4
"R02_F03",2,3,177,4
"R02_F03",2,3,178,1
"R02_F03",2,3,180,2
"R02_F03",2,3,181,3
"R02_F03",2,3,182,4
"R02_F03",2,3,183,4
"R02_F03",2,3,184,1
"R02_F03",2,3,185,2
"R02_F03",2,3,187,3
"R02_F03",2,3,188,2
"R02_F03",2,3,189,1
"R02_F03",2,3,190,4
"R02_F03",2,3,191,1
"R02_F03",2,3,192,1
"R02_F03",2,3,194,1
"R02_F03",2,3,195,3
"R02_F03",2,3,196,1
"R02_F03",2,3,197,2
"R02_F03",2,3,198,4
"R02_F03",2,3,199,1
"R02_F03",2,3,201,3
"R02_F03",2,3,202,1
"R02_F03",2,3,203,3
"R02_F03",2,3,204,1
"R02_F03",2,3,205,3
"R02_F03",2,3,206,4
"R02_F03",2,3,207,2
"R02_F03",2,3,208,2
"R02_F03",2,3,209,2
"R02_F03",2,3,210,3
"R02_F03",2,3,211,1
"R02_F03",2,3,212,3
"R02_F03",2,3,215,2
"R02_F03",2,3,217,2
"R02_F03",2,3,219,3
"R02_F03",2,3,220,2
"R02_F03",2,3,221,2
"R02_F03",2,3,222,4
"R02_F03",2,3,223,4
"R02_F03",2,3,224,2
"R02_F03",2,3,225,1
"R02_F03",2,3,226,1
"R02_F03",2,3,227,1
"R02_F03",2,3,228,1
"R02_F03",2,3,229,1
"R02_F03",2,3,230,2
"R02_F03",2,3,231,2
"R02_F03",2,3,232,2
"R02_F03",2,3,233,2
"R02_F03",2,3,234,1
"R02_F03",2,3,235,1
"R02_F03",2,3,237,4
"R02_F03",2,3,238,2
"R02_F03",2,3,239,4
"R02_F03",2,3,241,3
"R02_F03",2,3,242,1
"R02_F03",2,3,243,3
"R02_F03",2,3,245,2
"R02_F03",2,3,247,3
"R02_F03",2,3,248,4
"R02_F03",2,3,249,2
"R02_F03",2,3,250,4
"R02_F03",2,3,251,4
"R02_F03",2,3,253,4
"R02_F03",2,3,254,1
"R02_F03",2,3,255,1
"R02_F03",2,3,257,1
"R02_F03",2,3,258,2
"R02_F03",2,3,259,1
"R02_F03",2,3,260,4
"R02_F03",2,3,261,4
"R02_F03",2,3,262,2
"R02_F03",2,3,263,1
"R02_F03",2,3,264,4
"R02_F03",2,3,265,2
"R02_F03",2,3,267,1
"R02_F03",2,3,268,3
"R02_F03",2,3,269,2
"R02_F03",2,3,270,3
"R02_F03",2,3,271,3
"R02_F03",2,3,273,3
"R02_F03",2,3,275,1
"R02_F03",2,3,276,2
"R02_F03",2,3,277,1
"R02_F03",2,3,278,2
"R02_F03",2,3,279,3
"R02_F03",2,3,280,3
"R02_F03",2,3,282,2
"R02_F03",2,3,283,3
"R02_F03",2,3,284,3
"R02_F03",2,3,285,1
"R02_F03",2,3,287,3
"R02_F03",2,3,288,4
"R02_F03",2,3,289,2
"R02_F03",2,3,290,3
"R02_F03",2,3,291,1
"R02_F03",2,3,292,4
"R02_F03",2,3,295,2
"R02_F03",2,3,296,4
"R02_F03",2,3,297,1
"R02_F03",2,3,298,1
"R02_F03",2,3,299,4
"R02_F03",2,3,300,2
"R02_F03",2,3,301,4
"R02_F03",2,3,302,4
"R02_F03",2,3,303,3
"R02_F03",2,3,304,2
"R02_F03",2,3,306,4
"R02_F03",2,3,307,2
"R02_F03",2,3,308,3
"R02_F03",2,3,309,3
"R02_F03",2,3,310,1
"R02_F03",2,3,311,4
"R02_F03",2,3,312,1
"R02_F03",2,3,313,3
"R02_F03",2,3,314,1
"R02_F03",2,3,315,2
"R02_F03",2,3,316,4
"R02_F03",2,3,317,2
"R02_F03",2,3,318,3
"R02_F03",2,3,319,3
"R02_F03",2,3,320,1
"R02_F03",2,3,322,1
"R02_F03",2,3,323,3
"R02_F03",2,3,324,3
"R02_F03",2,3,325,3
"R02_F03",2,3,327,4
"R02_F03",2,3,328,2
"R02_F03",2,3,329,3
"R02_F03",2,3,330,2
"R02_F03",2,3,331,1
"R02_F03",2,3,332,3
"R02_F03",2,3,333,2
"R02_F03",2,3,334,3
"R02_F03",2,3,335,4
"R02_F03",2,3,336,1
"R02_F03",2,3,337,3
"R02_F03",2,3,338,2
"R02_F03",2,3,339,3
"R02_F03",2,3,340,2
"R02_F03",2,3,341,3
"R02_F03",2,3,342,1
"R02_F03",2,3,343,3
"R02_F03",2,3,345,3
"R02_F03",2,3,346,1
"R02_F03",2,3,347,4
"R02_F03",2,3,348,2
"R02_F03",2,3,349,3
"R02_F03",2,3,350,2
"R02_F03",2,3,353,1
"R02_F03",2,3,354,2
"R02_F03",2,3,355,4
"R02_F03",2,3,357,1
"R02_F03",2,3,358,1
"R02_F03",2,3,359,4
"R02_F03",2,3,360,2
"R02_F03",2,3,361,2
"R02_F03",2,3,362,2
"R02_F03",2,3,363,1
"R02_F03",2,3,364,1
"R02_F03",2,3,365,4
"R02_F03",2,3,366,4
"R02_F03",2,3,368,2
"R02_F03",2,3,369,1
"R02_F03",2,3,371,3
"R02_F03",2,3,372,2
"R02_F03",2,3,374,2
"R02_F03",2,3,376,4
"R02_F03",2,3,377,2
"R02_F03",2,3,378,2
"R02_F03",2,3,379,2
"R02_F03",2,3,382,2
"R02_F03",2,3,384,1
"R02_F03",2,3,385,3
"R02_F03",2,3,387,1
"R02_F03",2,3,389,2
"R02_F03",2,3,390,3
"R02_F03",2,3,391,2
"R02_F03",2,3,392,4
"R02_F03",2,3,393,4
"R02_F03",2,3,394,2
"R02_F03",2,3,395,2
"R02_F03",2,3,396,4
"R02_F03",2,3,397,4
"R02_F03",2,3,398,2
"R02_F03",2,3,400,2
"R02_F03",2,3,401,1
"R02_F03",2,3,402,3
"R02_F03",2,3,403,4
"R02_F03",2,3,404,1
"R02_F03",2,3,405,3
"R02_F03",2,3,406,3
"R02_F03",2,3,408,2
"R02_F03",2,3,409,2
"R02_F03",2,3,410,1
"R02_F03",2,3,411,1
"R02_F03",2,3,413,3
"R02_F03",2,3,414,3
"R02_F03",2,3,415,3
"R02_F03",2,3,416,1
"R02_F03",2,3,417,3
"R02_F03",2,3,418,2
"R02_F03",2,3,419,4
"R02_F03",2,3,420,2
"R02_F03",2,3,421,1
"R02_F03",2,3,422,4
"R02_F03",2,3,423,4
"R02_F03",2,3,424,4
"R02_F03",2,3,426,2
"R02_F03",2,3,428,4
"R02_F03",2,3,429,4
"R02_F03",2,3,430,4
"R02_F03",2,3,431,2
"R02_F03",2,3,432,2
"R02_F03",2,3,435,2
"R02_F03",2,3,436,1
"R02_F03",2,3,437,2
"R02_F03",2,3,439,3
"R02_F03",2,3,440,4
"R02_F03",2,3,443,4
"R02_F03",2,3,445,4
"R02_F03",2,3,447,2
"R02_F03",2,3,448,1
"R02_F03",2,3,449,3
"R02_F03",2,3,450,4
"R02_F03",2,3,452,4
"R02_F03",2,3,454,2
"R02_F03",2,3,455,1
"R02_F03",2,3,456,3
"R02_F03",2,3,457,4
"R02_F03",2,3,460,4
"R02_F03",2,3,461,4
"R02_F03",2,3,462,3
"R02_F03",2,3,464,1
"R02_F03",2,3,466,3
"R02_F03",2,3,467,1
"R02_F03",2,3,468,2
"R02_F03",2,3,469,1
"R02_F03",2,3,470,4
"R02_F03",2,3,472,4
"R02_F03",2,3,473,4
"R02_F03",2,3,474,4
"R02_F03",2,3,475,3
"R02_F03",2,3,476,3
"R02_F03",2,3,478,1
"R02_F03",2,3,479,4
"R02_F03",2,3,481,3
"R02_F03",2,3,482,2
"R02_F03",2,3,483,1
"R02_F03",2,3,484,1
"R02_F03",2,3,487,3
"R02_F03",2,3,489,1
"R02_F03",2,3,491,2
"R02_F03",2,3,492,2
"R02_F03",2,3,494,2
"R02_F03",2,3,495,4
"R02_F03",2,3,496,2
"R02_F03",2,3,497,3
"R02_F03",2,3,498,3
"R02_F03",2,3,499,2
"R02_F03",2,3,500,3
"R02_F03",2,3,501,2
"R02_F03",2,3,502,2
"R02_F03",2,3,503,2
"R02_F03",2,3,504,3
"R02_F03",2,3,506,3
"R02_F03",2,3,507,3
"R02_F03",2,3,508,2
"R02_F03",2,3,509,4
"R02_F03",2,3,510,4
"R02_F03",2,3,511,2
"R02_F03",2,3,512,2
"R02_F03",2,3,514,1
"R02_F03",2,3,515,2
"R02_F03",2,3,516,4
"R02_F03",2,3,518,4
"R02_F03",2,3,519,1
"R02_F03",2,3,520,3
"R02_F03",2,3,521,2
"R02_F03",2,3,522,4
"R02_F03",2,3,523,3
"R02_F03",2,3,525,1
"R02_F03",2,3,526,3
"R02_F03",2,3,529,1
"R02_F03",2,3,531,1
"R02_F03",2,3,533,4
"R02_F03",2,3,535,1
"R02_F03",2,3,536,1
"R02_F03",2,3,537,4
"R02_F03",2,3,538,2
"R02_F03",2,3,539,3
"R02_F03",2,3,540,3
"R02_F03",2,3,541,4
"R02_F03",2,3,542,2
"R02_F03",2,3,544,3
"R02_F03",2,3,545,3
"R02_F03",2,3,546,1
"R02_F03",2,3,547,4
"R02_F03",2,3,548,1
"R02_F03",2,3,550,1
"R02_F03",2,3,551,2
"R02_F03",2,3,553,4
"R02_F03",2,3,554,1
"R02_F03",2,3,555,2
"R02_F03",2,3,556,1
"R02_F03",2,3,557,3
"R02_F03",2,3,558,2
"R02_F03",2,3,559,4
"R02_F03",2,3,560,1
"R02_F03",2,3,562,1
"R02_F03",2,3,563,4
"R02_F03",2,3,565,3
"R02_F03",2,3,566,4
"R02_F03",2,3,567,4
"R02_F03",2,3,568,3
"R02_F03",2,3,569,3
"R02_F03",2,3,570,1
"R02_F03",2,3,571,1
"R02_F03",2,3,572,1
"R02_F03",2,3,574,1
"R02_F03",2,3,575,3
"R02_F03",2,3,576,2
"R02_F03",2,3,577,4
"R02_F03",2,3,578,2
"R02_F03",2,3,579,1
"R02_F03",2,3,580,3
"R02_F03",2,3,581,4
"R02_F03",2,3,582,4
"R02_F03",2,3,583,3
"R02_F03",2,3,584,4
"R02_F03",2,3,585,3
"R02_F03",2,3,586,2
"R02_F03",2,3,587,1
"R02_F03",2,3,588,2
"R02_F03",2,3,589,2
"R02_F03",2,3,590,2
"R02_F03",2,3,591,2
"R02_F03",2,3,592,1
"R02_F03",2,3,593,3
"R02_F03",2,3,594,4
"R02_F03",2,3,595,1
"R02_F03",2,3,596,3
"R02_F03",2,3,598,1
"R02_F03",2,3,599,1
"R02_F03",2,3,600,2
"R02_F03",2,3,601,1
"R02_F03",2,3,602,3
"R02_F03",2,3,604,2
"R02_F03",2,3,605,1
"R02_F03",2,3,606,2
"R02_F03",2,3,608,2
"R02_F03",2,3,609,4
"R02_F03",2,3,611,3
"R02_F03",2,3,612,4
"R02_F03",2,3,613,1
"R02_F03",2,3,614,4
"R02_F03",2,3,616,3
"R02_F03",2,3,617,4
"R02_F03",2,3,618,1
"R02_F03",2,3,619,4
"R02_F03",2,3,621,4
"R02_F03",2,3,624,2
"R02_F03",2,3,625,3
"R02_F03",2,3,626,3
"R02_F03",2,3,627,1
"R02_F03",2,3,630,4
"R02_F03",2,3,631,1
"R02_F03",2,3,632,1
"R02_F03",2,3,636,3
"R02_F03",2,3,637,4
"R02_F03",2,3,638,3
"R02_F03",2,3,641,3
"R02_F03",2,3,642,1
"R02_F03",2,3,643,4
"R02_F03",2,3,645,4
"R02_F03",2,3,647,4
"R02_F03",2,3,648,4
"R02_F03",2,3,649,2
"R02_F03",2,3,650,1
"R02_F03",2,3,652,1
"R02_F03",2,3,654,4
"R02_F03",2,3,656,1
"R02_F03",2,3,657,1
"R02_F03",2,3,658,3
"R02_F03",2,3,659,2
"R02_F03",2,3,661,2
"R02_F03",2,3,662,1
"R02_F03",2,3,663,3
"R02_F03",2,3,665,2
"R02_F03",2,3,666,3
"R02_F03",2,3,667,1
"R02_F03",2,3,669,1
"R02_F03",2,3,670,1
"R02_F03",2,3,671,2
"R02_F03",2,3,672,2
"R02_F03",2,3,673,4
"R02_F03",2,3,674,3
"R02_F03",2,3,675,1
"R02_F03",2,3,676,3
"R02_F03",2,3,677,4
"R02_F03",2,3,679,1
"R02_F03",2,3,680,1
"R02_F03",2,3,681,4
"R02_F03",2,3,682,2
"R02_F03",2,3,683,3
"R02_F03",2,3,685,3
"R02_F03",2,3,686,3
"R02_F03",2,3,687,2
"R02_F03",2,3,688,4
"R02_F03",2,3,689,3
"R02_F03",2,3,691,4
"R02_F03",2,3,692,4
"R02_F03",2,3,693,3
"R02_F03",2,3,694,2
"R02_F03",2,3,695,1
"R02_F03",2,3,696,2
"R02_F03",2,3,697,3
"R02_F03",2,3,698,2
"R02_F03",2,3,699,1
"R02_F03",2,3,700,3
"R02_F03",2,3,701,3
"R02_F03",2,3,702,4
"R02_F03",2,3,704,2
"R02_F03",2,3,705,1
"R02_F03",2,3,707,4
"R02_F03",2,3,708,1
"R02_F03",2,3,709,3
"R02_F03",2,3,710,2
"R02_F03",2,3,711,2
"R02_F03",2,3,712,3
"R02_F03",2,3,713,4
"R02_F03",2,3,714,1
"R02_F03",2,3,715,1
"R02_F03",2,3,717,3
"R02_F03",2,3,718,2
"R02_F03",2,3,719,2
"R02_F03",2,3,722,1
"R02_F03",2,3,723,4
"R02_F03",2,3,724,4
"R02_F03",2,3,725,3
"R02_F03",2,3,726,4
"R02_F03",2,3,727,1
"R02_F03",2,3,728,4
"R02_F03",2,3,730,3
"R02_F03",2,3,731,1
"R02_F03",2,3,732,4
"R02_F03",2,3,733,4
"R02_F03",2,3,734,3
"R02_F03",2,3,735,1
"R02_F03",2,3,736,2
"R02_F03",2,3,737,1
"R02_F03",2,3,738,1
"R02_F03",2,3,740,3
"R02_F03",2,3,742,4
"R02_F03",2,3,743,4
"R02_F03",2,3,744,1
"R02_F03",2,3,745,1
"R02_F03",2,3,746,2
"R02_F03",2,3,747,3
"R02_F03",2,3,748,4
"R02_F03",2,3,749,2
"R02_F03",2,3,750,1
"R02_F03",2,3,751,1
"R02_F03",2,3,753,1
"R02_F03",2,3,755,1
"R02_F03",2,3,756,4
"R02_F03",2,3,757,4
"R02_F03",2,3,758,3
"R02_F03",2,3,759,4
"R02_F03",2,3,761,2
"R02_F03",2,3,762,2
"R02_F03",2,3,763,2
"R02_F03",2,3,764,4
"R02_F03",2,3,765,3
"R02_F03",2,3,766,3
"R02_F03",2,3,767,3
"R02_F03",2,3,768,3
"R02_F03",2,3,769,3
"R02_F03",2,3,770,2
"R02_F03",2,3,772,1
"R02_F03",2,3,773,4
"R02_F03",2,3,774,2
"R02_F03",2,3,775,4
"R02_F03",2,3,778,2
"R02_F03",2,3,780,3
"R02_F03",2,3,784,4
"R02_F03",2,3,785,3
"R02_F03",2,3,786,4
"R02_F03",2,3,787,3
"R02_F03",2,3,788,3
"R02_F03",2,3,790,1
"R02_F03",2,3,791,4
"R02_F03",2,3,793,3
"R02_F03",2,3,794,1
"R02_F03",2,3,796,3
"R02_F03",2,3,797,2
"R02_F03",2,3,798,4
"R02_F03",2,3,799,4
"R02_F03",2,3,800,2
"R02_F03",2,3,802,1
"R02_F03",2,3,803,4
"R02_F03",2,3,804,2
"R02_F03",2,3,805,2
"R02_F03",2,3,806,3
"R02_F03",2,3,807,3
"R02_F03",2,3,808,3
"R02_F03",2,3,809,2
"R02_F03",2,3,811,4
"R02_F03",2,3,812,3
"R02_F03",2,3,814,1
"R02_F03",2,3,815,1
"R02_F03",2,3,816,4
"R02_F03",2,3,818,4
"R02_F03",2,3,819,4
"R02_F03",2,3,820,3
"R02_F03",2,3,822,1
"R02_F03",2,3,823,1
"R02_F03",2,3,824,4
"R02_F03",2,3,825,3
"R02_F03",2,3,826,2
"R02_F03",2,3,827,4
"R02_F03",2,3,828,3
"R02_F03",2,3,830,3
"R02_F03",2,3,831,4
"R02_F03",2,3,833,1
"R02_F03",2,3,835,2
"R02_F03",2,3,836,1
"R02_F03",2,3,838,3
"R02_F03",2,3,839,4
"R02_F03",2,3,840,1
"R02_F03",2,3,841,2
"R02_F03",2,3,843,2
"R02_F03",2,3,844,4
"R02_F03",2,3,847,3
"R02_F03",2,3,848,2
"R02_F03",2,3,850,1
"R02_F03",2,3,852,4
"R02_F03",2,3,853,2
"R02_F03",2,3,854,3
"R02_F03",2,3,855,3
"R02_F03",2,3,856,3
"R02_F03",2,3,857,4
"R02_F03",2,3,858,3
"R02_F03",2,3,859,2
"R02_F03",2,3,860,2
"R02_F03",2,3,861,4
"R02_F03",2,3,862,2
"R02_F03",2,3,864,1
"R02_F03",2,3,865,1
"R02_F03",2,3,866,3
"R02_F03",2,3,867,4
"R02_F03",2,3,868,2
"R02_F03",2,3,869,3
"R02_F03",2,3,870,4
"R02_F03",2,3,871,4
"R02_F03",2,3,872,1
"R02_F03",2,3,874,3
"R02_F03",2,3,875,1
"R02_F03",2,3,876,2
"R02_F03",2,3,877,3
"R02_F03",2,3,878,2
"R02_F03",2,3,879,2
"R02_F03",2,3,880,1
"R02_F03",2,3,882,2
"R02_F03",2,3,883,4
"R02_F03",2,3,884,2
"R02_F03",2,3,885,2
"R02_F03",2,3,887,3
"R02_F03",2,3,888,1
"R02_F03",2,3,889,2
"R02_F03",2,3,891,2
"R02_F03",2,3,892,1
"R02_F03",2,3,894,2
"R02_F03",2,3,895,1
"R02_F03",2,3,896,2
"R02_F03",2,3,897,4
"R02_F03",2,3,898,3
"R02_F03",2,3,899,3
"R02_F03",2,3,900,3
"R02_F03",2,3,901,4
"R02_F03",2,3,902,4
"R02_F03",2,3,904,3
"R02_F03",2,3,905,1
"R02_F03",2,3,906,3
"R02_F03",2,3,908,3
"R02_F03",2,3,909,1
"R02_F03",2,3,910,3
"R02_F03",2,3,911,3
"R02_F03",2,3,912,2
"R02_F03",2,3,913,3
"R02_F03",2,3,915,1
"R02_F03",2,3,916,2
"R02_F03",2,3,917,1
"R02_F03",2,3,918,3
"R02_F03",2,3,919,1
"R02_F03",2,3,920,1
"R02_F03",2,3,922,4
"R02_F03",2,3,924,2
"R02_F03",2,3,926,3
"R02_F03",2,3,928,1
"R02_F03",2,3,929,3
"R02_F03",2,3,930,4
"R02_F03",2,3,933,3
"R02_F03",2,3,934,3
"R02_F03",2,3,936,2
"R02_F03",2,3,937,2
"R02_F03",2,3,938,2
"R02_F03",2,3,939,3
"R02_F03",2,3,940,2
"R02_F03",2,3,942,4
"R02_F03",2,3,943,3
"R02_F03",2,3,944,1
"R02_F03",2,3,945,1
"R02_F03",2,3,946,3
"R02_F03",2,3,947,2
"R02_F03",2,3,948,4
"R02_F03",2,3,949,3
"R02_F03",2,3,951,2
"R02_F03",2,3,952,1
"R02_F03",2,3,953,3
"R02_F03",2,3,954,3
"R02_F03",2,3,956,4
"R02_F03",2,3,957,4
"R02_F03",2,3,958,3
"R02_F03",2,3,959,1
"R02_F03",2,3,960,2
"R02_F03",2,3,961,2
"R02_F03",2,3,962,4
"R02_F03",2,3,963,4
"R02_F03",2,3,964,3
"R02_F03",2,3,965,3
"R02_F03",2,3,966,3
"R02_F03",2,3,967,3
"R02_F03",2,3,968,4
"R02_F03",2,3,969,3
"R02_F03",2,3,970,3
"R02_F03",2,3,972,1
"R02_F03",2,3,973,1
"R02_F03",2,3,974,3
"R02_F03",2,3,975,3
"R02_F03",2,3,977,1
"R02_F03",2,3,978,4
"R02_F03",2,3,979,1
"R02_F03",2,3,980,1
"R02_F03",2,3,982,3
"R02_F03",2,3,983,3
"R02_F03",2,3,985,1
"R02_F03",2,3,986,2
"R02_F03",2,3,987,4
"R02_F03",2,3,988,2
"R02_F03",2,3,989,1
"R02_F03",2,3,990,3
"R02_F03",2,3,991,3
"R02_F03",2,3,992,4
"R02_F03",2,3,995,1
"R02_F03",2,3,996,3
"R02_F03",2,3,997,4
"R02_F03",2,3,1000,1
"R02_F04",2,4,2,2
"R02_F04",2,4,3,2
"R02_F04",2,4,4,1
"R02_F04",2,4,5,2
"R02_F04",2,4,7,1
"R02_F04",2,4,8,1
"R02_F04",2,4,9,2
"R02_F04",2,4,10,2
"R02_F04",2,4,11,1
"R02_F04",2,4,12,1
"R02_F04",2,4,13,2
"R02_F04",2,4,16,4
"R02_F04",2,4,17,2
"R02_F04",2,4,19,2
"R02_F04",2,4,20,1
"R02_F04",2,4,21,3
"R02_F04",2,4,22,2
"R02_F04",2,4,23,3
"R02_F04",2,4,24,4
"R02_F04",2,4,26,2
"R02_F04",2,4,27,4
"R02_F04",2,4,29,4
"R02_F04",2,4,30,3
"R02_F04",2,4,32,1
"R02_F04",2,4,33,1
"R02_F04",2,4,34,3
"R02_F04",2,4,35,3
"R02_F04",2,4,36,2
"R02_F04",2,4,37,4
"R02_F04",2,4,38,2
"R02_F04",2,4,40,3
"R02_F04",2,4,41,1
"R02_F04",2,4,42,3
"R02_F04",2,4,43,4
"R02_F04",2,4,44,2
"R02_F04",2,4,45,4
"R02_F04",2,4,46,4
"R02_F04",2,4,47,4
"R02_F04",2,4,48,3
"R02_F04",2,4,49,3
"R02_F04",2,4,51,2
"R02_F04",2,4,52,2
"R02_F04",2,4,54,4
"R02_F04",2,4,55,2
"R02_F04",2,4,56,3
"R02_F04",2,4,57,4
"R02_F04",2,4,59,1
"R02_F04",2,4,60,2
"R02_F04",2,4,61,3
"R02_F04",2,4,62,3
"R02_F04",2,4,64,4
"R02_F04",2,4,65,3
"R02_F04",2,4,66,2
"R02_F04",2,4,67,1
"R02_F04",2,4,68,1
"R02_F04",2,4,69,4
"R02_F04",2,4,71,2
"R02_F04",2,4,72,4
"R02_F04",2,4,73,4
"R02_F04",2,4,74,3
"R02_F04",2,4,75,4
"R02_F04",2,4,76,2
"R02_F04",2,4,77,4
"R02_F04",2,4,78,4
"R02_F04",2,4,79,2
"R02_F04",2,4,81,1
"R02_F04",2,4,83,3
"R02_F04",2,4,84,2
"R02_F04",2,4,85,4
"R02_F04",2,4,86,2
"R02_F04",2,4,88,3
"R02_F04",2,4,90,4
"R02_F04",2,4,91,2
"R02_F04",2,4,92,2
"R02_F04",2,4,93,1
"R02_F04",2,4,95,2
"R02_F04",2,4,96,1
"R02_F04",2,4,99,3
"R02_F04",2,4,101,3
"R02_F04",2,4,104,1
"R02_F04",2,4,105,3
"R02_F04",2,4,106,4
"R02_F04",2,4,107,4
"R02_F04",2,4,108,2
"R02_F04",2,4,109,2
"R02_F04",2,4,111,3
"R02_F04",2,4,112,3
"R02_F04",2,4,113,3
"R02_F04",2,4,114,1
"R02_F04",2,4,115,3
"R02_F04",2,4,116,2
"R02_F04",2,4,118,3
"R02_F04",2,4,119,1
"R02_F04",2,4,120,3
"R02_F04",2,4,121,4
"R02_F04",2,4,122,2
"R02_F04",2,4,123,2
"R02_F04",2,4,124,4
"R02_F04",2,4,125,2
"R02_F04",2,4,126,2
"R02_F04",2,4,127,2
"R02_F04",2,4,128,4
"R02_F04",2,4,130,1
"R02_F04",2,4,131,1
"R02_F04",2,4,132,2
"R02_F04",2,4,133,3
"R02_F04",2,4,134,1
"R02_F04",2,4,135,2
"R02_F04",2,4,136,3
"R02_F04",2,4,137,4
"R02_F04",2,4,138,4
"R02_F04",2,4,139,2
"R02_F04",2,4,140,4
"R02_F04",2,4,141,3
"R02_F04",2,4,142,2
"R02_F04",2,4,144,4
"R02_F04",2,4,146,3
"R02_F04",2,4,148,1
"R02_F04",2,4,149,3
"R02_F04",2,4,150,1
"R02_F04",2,4,151,2
"R02_F04",2,4,152,3
"R02_F04",2,4,153,2
"R02_F04",2,4,154,1
"R02_F04",2,4,155,1
"R02_F04",2,4,156,4
"R02_F04",2,4,157,1
"R02_F04",2,4,158,4
"R02_F04",2,4,159,2
"R02_F04",2,4,160,2
"R02_F04",2,4,161,1
"R02_F04",2,4,162,1
"R02_F04",2,4,164,2
"R02_F04",2,4,165,4
"R02_F04",2,4,166,2
"R02_F04",2,4,167,4
"R02_F04",2,4,168,2
"R02_F04",2,4,169,4
"R02_F04",2,4,170,2
"R02_F04",2,4,171,1
"R02_F04",2,4,172,1
"R02_F04",2,4,173,1
"R02_F04",2,4,174,4
"R02_F04",2,4,175,2
"R02_F04",2,4,176,1
"R02_F04",2,4,177,3
"R02_F04",2,4,179,3
"R02_F04",2,4,182,2
"R02_F04",2,4,183,4
"R02_F04",2,4,184,4
"R02_F04",2,4,185,1
"R02_F04",2,4,186,4
"R02_F04",2,4,188,4
"R02_F04",2,4,189,3
"R02_F04",2,4,190,4
"R02_F04",2,4,191,2
"R02_F04",2,4,192,4
"R02_F04",2,4,193,1
"R02_F04",2,4,195,3
"R02_F04",2,4,196,4
"R02_F04",2,4,197,1
"R02_F04",2,4,199,2
"R02_F04",2,4,200,3
"R02_F04",2,4,201,1
"R02_F04",2,4,204,3
"R02_F04",2,4,205,3
"R02_F04",2,4,206,4
"R02_F04",2,4,207,4
"R02_F04",2,4,210,2
"R02_F04",2,4,211,1
"R02_F04",2,4,212,3
"R02_F04",2,4,213,3
"R02_F04",2,4,214,3
"R02_F04",2,4,215,1
"R02_F04",2,4,216,1
"R02_F04",2,4,217,1
"R02_F04",2,4,218,3
"R02_F04",2,4,219,4
"R02_F04",2,4,220,2
"R02_F04",2,4,221,1
"R02_F04",2,4,222,2
"R02_F04",2,4,223,1
"R02_F04",2,4,224,2
"R02_F04",2,4,225,2
"R02_F04",2,4,226,3
"R02_F04",2,4,228,3
"R02_F04",2,4,229,4
"R02_F04",2,4,230,2
"R02_F04",2,4,231,3
"R02_F04",2,4,232,2
"R02_F04",2,4,233,2
"R02_F04",2,4,234,2
"R02_F04",2,4,236,2
"R02_F04",2,4,237,2
"R02_F04",2,4,238,3
"R02_F04",2,4,239,2
"R02_F04",2,4,240,1
"R02_F04",2,4,241,3
"R02_F04",2,4,243,2
"R02_F04",2,4,244,1
"R02_F04",2,4,245,4
"R02_F04",2,4,246,2
"R02_F04",2,4,247,3
"R02_F04",2,4,248,2
"R02_F04",2,4,249,2
"R02_F04",2,4,250,1
"R02_F04",2,4,251,2
"R02_F04",2,4,252,3
"R02_F04",2,4,253,2
"R02_F04",2,4,254,1
"R02_F04",2,4,255,3
"R02_F04",2,4,256,1
"R02_F04",2,4,258,3
"R02_F04",2,4,260,2
"R02_F04",2,4,261,2
"R02_F04",2,4,262,2
"R02_F04",2,4,263,4
"R02_F04",2,4,264,4
"R02_F04",2,4,265,4
"R02_F04",2,4,266,1
"R02_F04",2,4,267,4
"R02_F04",2,4,268,3
"R02_F04",2,4,269,1
"R02_F04",2,4,270,2
"R02_F04",2,4,271,1
"R02_F04",2,4,272,3
"R02_F04",2,4,273,3
"R02_F04",2,4,274,3
"R02_F04",2,4,277,1
"R02_F04",2,4,278,2
"R02_F04",2,4,280,4
"R02_F04",2,4,281,2
"R02_F04",2,4,283,3
"R02_F04",2,4,284,1
"R02_F04",2,4,285,3
"R02_F04",2,4,286,3
"R02_F04",2,4,288,3
"R02_F04",2,4,289,4
"R02_F04",2,4,290,2
"R02_F04",2,4,291,3
"R02_F04",2,4,292,4
"R02_F04",2,4,293,2
"R02_F04",2,4,294,4
"R02_F04",2,4,295,2
"R02_F04",2,4,296,3
"R02_F04",2,4,297,1
"R02_F04",2,4,300,2
"R02_F04",2,4,301,3
"R02_F04",2,4,302,3
"R02_F04",2,4,303,1
"R02_F04",2,4,304,4
"R02_F04",2,4,305,1
"R02_F04",2,4,306,4
"R02_F04",2,4,307,4
"R02_F04",2,4,309,2
"R02_F04",2,4,311,3
"R02_F04",2,4,313,4
"R02_F04",2,4,314,2
"R02_F04",2,4,315,4
"R02_F04",2,4,318,1
"R02_F04",2,4,319,2
"R02_F04",2,4,320,3
"R02_F04",2,4,321,2
"R02_F04",2,4,323,4
"R02_F04",2,4,324,1
"R02_F04",2,4,325,4
"R02_F04",2,4,326,4
"R02_F04",2,4,329,2
"R02_F04",2,4,330,1
"R02_F04",2,4,333,3
"R02_F04",2,4,336,3
"R02_F04",2,4,337,2
"R02_F04",2,4,338,1
"R02_F04",2,4,339,3
"R02_F04",2,4,340,2
"R02_F04",2,4,341,2
"R02_F04",2,4,342,2
"R02_F04",2,4,344,4
"R02_F04",2,4,346,3
"R02_F04",2,4,347,3
"R02_F04",2,4,349,1
"R02_F04",2,4,351,2
"R02_F04",2,4,352,1
"R02_F04",2,4,354,4
"R02_F04",2,4,355,4
"R02_F04",2,4,356,4
"R02_F04",2,4,357,3
"R02_F04",2,4,363,2
"R02_F04",2,4,364,4
"R02_F04",2,4,365,4
"R02_F04",2,4,367,4
"R02_F04",2,4,369,2
"R02_F04",2,4,370,1
"R02_F04",2,4,371,3
"R02_F04",2,4,372,3
"R02_F04",2,4,373,1
"R02_F04",2,4,375,2
"R02_F04",2,4,376,4
"R02_F04",2,4,377,3
"R02_F04",2,4,380,3
"R02_F04",2,4,381,4
"R02_F04",2,4,382,4
"R02_F04",2,4,383,1
"R02_F04",2,4,384,1
"R02_F04",2,4,385,3
"R02_F04",2,4,386,4
"R02_F04",2,4,387,1
"R02_F04",2,4,388,2
"R02_F04",2,4,389,1
"R02_F04",2,4,390,1
"R02_F04",2,4,391,1
"R02_F04",2,4,393,4
"R02_F04",2,4,395,3
"R02_F04",2,4,398,3
"R02_F04",2,4,399,1
"R02_F04",2,4,401,4
"R02_F04",2,4,402,3
"R02_F04",2,4,404,3
"R02_F04",2,4,407,1
"R02_F04",2,4,408,3
"R02_F04",2,4,409,1
"R02_F04",2,4,410,1
"R02_F04",2,4,411,2
"R02_F04",2,4,412,2
"R02_F04",2,4,415,4
"R02_F04",2,4,417,2
"R02_F04",2,4,419,3
"R02_F04",2,4,420,4
"R02_F04",2,4,422,4
"R02_F04",2,4,423,3
"R02_F04",2,4,425,2
"R02_F04",2,4,427,4
"R02_F04",2,4,428,1
"R02_F04",2,4,429,4
"R02_F04",2,4,431,4
"R02_F04",2,4,433,4
"R02_F04",2,4,434,4
"R02_F04",2,4,436,3
"R02_F04",2,4,437,4
"R02_F04",2,4,438,4
"R02_F04",2,4,439,4
"R02_F04",2,4,440,4
"R02_F04",2,4,441,1
"R02_F04",2,4,442,4
"R02_F04",2,4,443,1
"R02_F04",2,4,444,4
"R02_F04",2,4,446,3
"R02_F04",2,4,447,4
"R02_F04",2,4,448,4
"R02_F04",2,4,449,3
"R02_F04",2,4,450,3
"R02_F04",2,4,451,1
"R02_F04",2,4,452,3
"R02_F04",2,4,453,2
"R02_F04",2,4,455,2
"R02_F04",2,4,456,1
"R02_F04",2,4,457,4
"R02_F04",2,4,458,1
"R02_F04",2,4,459,4
"R02_F04",2,4,460,4
"R02_F04",2,4,461,3
"R02_F04",2,4,462,3
"R02_F04",2,4,463,2
"R02_F04",2,4,464,3
"R02_F04",2,4,465,4
"R02_F04",2,4,466,1
"R02_F04",2,4,467,2
"R02_F04",2,4,468,3
"R02_F04",2,4,469,2
"R02_F04",2,4,470,1
"R02_F04",2,4,471,4
"R02_F04",2,4,472,3
"R02_F04",2,4,473,4
"R02_F04",2,4,474,2
"R02_F04",2,4,475,2
"R02_F04",2,4,476,1
"R02_F04",2,4,477,3
"R02_F04",2,4,478,4
"R02_F04",2,4,480,2
"R02_F04",2,4,481,2
"R02_F04",2,4,483,1
"R02_F04",2,4,484,4
"R02_F04",2,4,485,3
"R02_F04",2,4,486,1
"R02_F04",2,4,487,4
"R02_F04",2,4,488,4
"R02_F04",2,4,489,2
"R02_F04",2,4,490,1
"R02_F04",2,4,491,3
"R02_F04",2,4,492,2
"R02_F04",2,4,493,4
"R02_F04",2,4,495,1
"R02_F04",2,4,496,1
"R02_F04",2,4,497,3
"R02_F04",2,4,499,2
"R02_F04",2,4,500,4
"R02_F04",2,4,501,2
"R02_F04",2,4,503,4
"R02_F04",2,4,504,3
"R02_F04",2,4,505,3
"R02_F04",2,4,506,4
"R02_F04",2,4,508,2
"R02_F04",2,4,509,1
"R02_F04",2,4,511,3
"R02_F04",2,4,512,2
"R02_F04",2,4,513,3
"R02_F04",2,4,514,3
"R02_F04",2,4,515,2
"R02_F04",2,4,516,3
"R02_F04",2,4,517,3
"R02_F04",2,4,518,3
"R02_F04",2,4,519,1
"R02_F04",2,4,520,3
"R02_F04",2,4,521,1
"R02_F04",2,4,522,4
"R02_F04",2,4,523,4
"R02_F04",2,4,524,3
"R02_F04",2,4,525,1
"R02_F04",2,4,527,4
"R02_F04",2,4,528,4
"R02_F04",2,4,529,4
"R02_F04",2,4,530,3
"R02_F04",2,4,531,1
"R02_F04",2,4,532,1
"R02_F04",2,4,533,2
"R02_F04",2,4,534,2
"R02_F04",2,4,536,1
"R02_F04",2,4,537,2
"R02_F04",2,4,538,1
"R02_F04",2,4,539,2
"R02_F04",2,4,540,1
"R02_F04",2,4,541,2
"R02_F04",2,4,542,1
"R02_F04",2,4,543,4
"R02_F04",2,4,544,1
"R02_F04",2,4,546,3
"R02_F04",2,4,549,2
"R02_F04",2,4,550,1
"R02_F04",2,4,551,1
"R02_F04",2,4,552,2
"R02_F04",2,4,553,3
"R02_F04",2,4,554,4
"R02_F04",2,4,555,2
"R02_F04",2,4,556,2
"R02_F04",2,4,557,3
"R02_F04",2,4,559,3
"R02_F04",2,4,560,3
"R02_F04",2,4,561,4
"R02_F04",2,4,563,2
"R02_F04",2,4,564,3
"R02_F04",2,4,565,2
"R02_F04",2,4,567,2
"R02_F04",2,4,568,3
"R02_F04",2,4,569,2
"R02_F04",2,4,570,4
"R02_F04",2,4,571,4
"R02_F04",2,4,572,4
"R02_F04",2,4,573,4
"R02_F04",2,4,574,1
"R02_F04",2,4,575,1
"R02_F04",2,4,576,2
"R02_F04",2,4,577,3
"R02_F04",2,4,578,1
"R02_F04",2,4,579,2
"R02_F04",2,4,580,1
"R02_F04",2,4,581,2
"R02_F04",2,4,582,4
"R02_F04",2,4,583,4
"R02_F04",2,4,585,3
"R02_F04",2,4,586,4
"R02_F04",2,4,587,1
"R02_F04",2,4,589,3
"R02_F04",2,4,590,1
"R02_F04",2,4,592,1
"R02_F04",2,4,594,1
"R02_F04",2,4,595,4
"R02_F04",2,4,596,4
"R02_F04",2,4,597,2
"R02_F04",2,4,599,1
"R02_F04",2,4,600,4
"R02_F04",2,4,601,2
"R02_F04",2,4,602,1
"R02_F04",2,4,603,1
"R02_F04",2,4,604,3
"R02_F04",2,4,605,2
"R02_F04",2,4,606,2
"R02_F04",2,4,607,3
"R02_F04",2,4,608,4
"R02_F04",2,4,609,3
"R02_F04",2,4,610,1
"R02_F04",2,4,611,2
"R02_F04",2,4,613,3
"R02_F04",2,4,614,3
"R02_F04",2,4,615,1
"R02_F04",2,4,617,4
"R02_F04",2,4,618,3
"R02_F04",2,4,620,4
"R02_F04",2,4,622,4
"R02_F04",2,4,623,2
"R02_F04",2,4,624,3
"R02_F04",2,4,625,3
"R02_F04",2,4,626,3
"R02_F04",2,4,627,3
"R02_F04",2,4,628,3
"R02_F04",2,4,629,2
"R02_F04",2,4,631,2
"R02_F04",2,4,632,2
"R02_F04",2,4,633,3
"R02_F04",2,4,634,1
"R02_F04",2,4,635,2
"R02_F04",2,4,636,4
"R02_F04",2,4,637,2
"R02_F04",2,4,638,4
"R02_F04",2,4,639,4
"R02_F04",2,4,640,1
"R02_F04",2,4,641,2
"R02_F04",2,4,642,3
"R02_F04",2,4,643,4
"R02_F04",2,4,644,3
"R02_F04",2,4,646,4
"R02_F04",2,4,647,1
"R02_F04",2,4,648,2
"R02_F04",2,4,649,4
"R02_F04",2,4,650,2
"R02_F04",2,4,651,2
"R02_F04",2,4,652,1
"R02_F04",2,4,653,2
"R02_F04",2,4,654,1
"R02_F04",2,4,655,4
"R02_F04",2,4,656,2
"R02_F04",2,4,657,4
"R02_F04",2,4,658,3
"R02_F04",2,4,659,4
"R02_F04",2,4,660,4
"R02_F04",2,4,661,2
"R02_F04",2,4,662,2
"R02_F04",2,4,663,4
"R02_F04",2,4,664,4
"R02_F04",2,4,665,2
"R02_F04",2,4,666,3
"R02_F04",2,4,667,1
"R02_F04",2,4,668,3
"R02_F04",2,4,669,2
"R02_F04",2,4,670,4
"R02_F04",2,4,671,1
"R02_F04",2,4,672,4
"R02_F04",2,4,674,3
"R02_F04",2,4,675,1
"R02_F04",2,4,676,1
"R02_F04",2,4,677,1
"R02_F04",2,4,678,3
"R02_F04",2,4,679,3
"R02_F04",2,4,680,1
"R02_F04",2,4,681,1
"R02_F04",2,4,683,2
"R02_F04",2,4,684,2
"R02_F04",2,4,686,4
"R02_F04",2,4,687,4
"R02_F04",2,4,688,3
"R02_F04",2,4,690,2
"R02_F04",2,4,691,3
"R02_F04",2,4,692,3
"R02_F04",2,4,693,4
"R02_F04",2,4,694,1
"R02_F04",2,4,695,4
"R02_F04",2,4,696,2
"R02_F04",2,4,697,1
"R02_F04",2,4,698,1
"R02_F04",2,4,701,2
"R02_F04",2,4,702,4
"R02_F04",2,4,703,3
"R02_F04",2,4,704,4
"R02_F04",2,4,706,4
"R02_F04",2,4,707,4
"R02_F04",2,4,708,1
"R02_F04",2,4,709,1
"R02_F04",2,4,710,2
"R02_F04",2,4,711,1
"R02_F04",2,4,712,3
"R02_F04",2,4,714,3
"R02_F04",2,4,715,1
"R02_F04",2,4,716,4
"R02_F04",2,4,717,3
"R02_F04",2,4,720,4
"R02_F04",2,4,721,1
"R02_F04",2,4,722,4
"R02_F04",2,4,727,4
"R02_F04",2,4,729,1
"R02_F04",2,4,732,1
"R02_F04",2,4,735,1
"R02_F04",2,4,736,4
"R02_F04",2,4,739,3
"R02_F04",2,4,740,4
"R02_F04",2,4,741,1
"R02_F04",2,4,742,2
"R02_F04",2,4,743,1
"R02_F04",2,4,744,2
"R02_F04",2,4,746,4
"R02_F04",2,4,747,3
"R02_F04",2,4,748,2
"R02_F04",2,4,749,2
"R02_F04",2,4,750,4
"R02_F04",2,4,752,4
"R02_F04",2,4,754,1
"R02_F04",2,4,756,1
"R02_F04",2,4,757,2
"R02_F04",2,4,758,1
"R02_F04",2,4,759,1
"R02_F04",2,4,760,4
"R02_F04",2,4,762,2
"R02_F04",2,4,765,3
"R02_F04",2,4,768,3
"R02_F04",2,4,769,3
"R02_F04",2,4,770,1
"R02_F04",2,4,771,4
"R02_F04",2,4,774,4
"R02_F04",2,4,775,1
"R02_F04",2,4,776,4
"R02_F04",2,4,777,4
"R02_F04",2,4,778,4
"R02_F04",2,4,779,3
"R02_F04",2,4,780,4
"R02_F04",2,4,781,3
"R02_F04",2,4,782,3
"R02_F04",2,4,783,3
"R02_F04",2,4,784,1
"R02_F04",2,4,785,3
"R02_F04",2,4,786,3
"R02_F04",2,4,788,1
"R02_F04",2,4,789,4
"R02_F04",2,4,790,3
"R02_F04",2,4,791,3
"R02_F04",2,4,792,2
"R02_F04",2,4,793,1
"R02_F04",2,4,794,3
"R02_F04",2,4,795,4
"R02_F04",2,4,796,1
"R02_F04",2,4,797,4
"R02_F04",2,4,798,2
"R02_F04",2,4,799,2
"R02_F04",2,4,801,3
"R02_F04",2,4,804,1
"R02_F04",2,4,807,3
"R02_F04",2,4,809,3
"R02_F04",2,4,810,4
"R02_F04",2,4,811,3
"R02_F04",2,4,812,3
"R02_F04",2,4,813,3
"R02_F04",2,4,814,3
"R02_F04",2,4,815,3
"R02_F04",2,4,816,2
"R02_F04",2,4,817,1
"R02_F04",2,4,818,4
"R02_F04",2,4,819,1
"R02_F04",2,4,821,4
"R02_F04",2,4,822,1
"R02_F04",2,4,823,3
"R02_F04",2,4,824,1
"R02_F04",2,4,825,4
"R02_F04",2,4,827,3
"R02_F04",2,4,828,4
"R02_F04",2,4,829,4
"R02_F04",2,4,830,1
"R02_F04",2,4,831,3
"R02_F04",2,4,832,1
"R02_F04",2,4,833,1
"R02_F04",2,4,834,3
"R02_F04",2,4,836,1
"R02_F04",2,4,837,2
"R02_F04",2,4,838,1
"R02_F04",2,4,839,2
"R02_F04",2,4,840,3
"R02_F04",2,4,841,1
"R02_F04",2,4,842,3
"R02_F04",2,4,843,2
"R02_F04",2,4,844,1
"R02_F04",2,4,845,1
"R02_F04",2,4,846,3
"R02_F04",2,4,848,3
"R02_F04",2,4,849,3
"R02_F04",2,4,850,4
"R02_F04",2,4,851,4
"R02_F04",2,4,852,2
"R02_F04",2,4,853,3
"R02_F04",2,4,854,2
"R02_F04",2,4,856,2
"R02_F04",2,4,857,1
"R02_F04",2,4,858,1
"R02_F04",2,4,859,4
"R02_F04",2,4,860,1
"R02_F04",2,4,861,1
"R02_F04",2,4,862,1
"R02_F04",2,4,863,3
"R02_F04",2,4,864,4
"R02_F04",2,4,867,1
"R02_F04",2,4,868,4
"R02_F04",2,4,869,3
"R02_F04",2,4,870,1
"R02_F04",2,4,871,3
"R02_F04",2,4,872,3
"R02_F04",2,4,873,4
"R02_F04",2,4,874,3
"R02_F04",2,4,875,2
"R02_F04",2,4,876,4
"R02_F04",2,4,877,2
"R02_F04",2,4,878,4
"R02_F04",2,4,879,2
"R02_F04",2,4,881,1
"R02_F04",2,4,882,2
"R02_F04",2,4,883,4
"R02_F04",2,4,884,4
"R02_F04",2,4,885,2
"R02_F04",2,4,886,1
"R02_F04",2,4,887,3
"R02_F04",2,4,890,4
"R02_F04",2,4,891,3
"R02_F04",2,4,893,2
"R02_F04",2,4,894,2
"R02_F04",2,4,896,4
"R02_F04",2,4,897,1
"R02_F04",2,4,898,1
"R02_F04",2,4,899,1
"R02_F04",2,4,900,1
"R02_F04",2,4,901,4
"R02_F04",2,4,902,3
"R02_F04",2,4,903,2
"R02_F04",2,4,905,1
"R02_F04",2,4,907,1
"R02_F04",2,4,908,3
"R02_F04",2,4,910,2
"R02_F04",2,4,911,2
"R02_F04",2,4,912,3
"R02_F04",2,4,913,1
"R02_F04",2,4,914,3
"R02_F04",2,4,915,1
"R02_F04",2,4,916,1
"R02_F04",2,4,918,3
"R02_F04",2,4,919,1
"R02_F04",2,4,920,1
"R02_F04",2,4,921,1
"R02_F04",2,4,922,1
"R02_F04",2,4,923,4
"R02_F04",2,4,924,1
"R02_F04",2,4,925,2
"R02_F04",2,4,926,3
"R02_F04",2,4,927,2
"R02_F04",2,4,929,3
"R02_F04",2,4,930,2
"R02_F04",2,4,931,2
"R02_F04",2,4,932,2
"R02_F04",2,4,933,2
"R02_F04",2,4,935,4
"R02_F04",2,4,936,2
"R02_F04",2,4,938,1
"R02_F04",2,4,940,2
"R02_F04",2,4,941,3
"R02_F04",2,4,942,2
"R02_F04",2,4,943,2
"R02_F04",2,4,945,4
"R02_F04",2,4,946,1
"R02_F04",2,4,948,1
"R02_F04",2,4,949,2
"R02_F04",2,4,950,2
"R02_F04",2,4,951,3
"R02_F04",2,4,952,2
"R02_F04",2,4,953,1
"R02_F04",2,4,954,3
"R02_F04",2,4,955,2
"R02_F04",2,4,957,3
"R02_F04",2,4,958,4
"R02_F04",2,4,959,1
"R02_F04",2,4,960,4
"R02_F04",2,4,961,3
"R02_F04",2,4,963,2
"R02_F04",2,4,965,1
"R02_F04",2,4,967,3
"R02_F04",2,4,968,4
"R02_F04",2,4,969,3
"R02_F04",2,4,970,2
"R02_F04",2,4,971,1
"R02_F04",2,4,973,1
"R02_F04",2,4,974,1
"R02_F04",2,4,975,2
"R02_F04",2,4,976,3
"R02_F04",2,4,977,2
"R02_F04",2,4,978,1
"R02_F04",2,4,979,4
"R02_F04",2,4,981,1
"R02_F04",2,4,982,1
"R02_F04",2,4,983,4
"R02_F04",2,4,984,1
"R02_F04",2,4,985,1
"R02_F04",2,4,986,4
"R02_F04",2,4,990,1
"R02_F04",2,4,991,4
"R02_F04",2,4,992,3
"R02_F04",2,4,993,4
"R02_F04",2,4,994,1
"R02_F04",2,4,998,2
"R02_F04",2,4,999,4
"R02_F05",2,5,1,2
"R02_F05",2,5,2,4
"R02_F05",2,5,3,1
"R02_F05",2,5,4,3
"R02_F05",2,5,5,2
"R02_F05",2,5,6,2
"R02_F05",2,5,7,2
"R02_F05",2,5,8,3
"R02_F05",2,5,9,2
"R02_F05",2,5,10,3
"R02_F05",2,5,11,2
"R02_F05",2,5,12,1
"R02_F05",2,5,14,1
"R02_F05",2,5,15,1
"R02_F05",2,5,16,1
"R02_F05",2,5,17,2
"R02_F05",2,5,18,2
"R02_F05",2,5,19,2
"R02_F05",2,5,20,3
"R02_F05",2,5,22,4
"R02_F05",2,5,24,3
"R02_F05",2,5,25,1
"R02_F05",2,5,26,1
"R02_F05",2,5,28,3
"R02_F05",2,5,29,1
"R02_F05",2,5,30,2
"R02_F05",2,5,31,1
"R02_F05",2,5,32,4
"R02_F05",2,5,34,3
"R02_F05",2,5,35,4
"R02_F05",2,5,37,1
"R02_F05",2,5,39,4
"R02_F05",2,5,40,4
"R02_F05",2,5,42,1
"R02_F05",2,5,43,1
"R02_F05",2,5,45,2
"R02_F05",2,5,46,4
"R02_F05",2,5,47,3
"R02_F05",2,5,48,4
"R02_F05",2,5,49,4
"R02_F05",2,5,50,3
"R02_F05",2,5,51,3
"R02_F05",2,5,52,1
"R02_F05",2,5,53,4
"R02_F05",2,5,55,3
"R02_F05",2,5,56,2
"R02_F05",2,5,58,4
"R02_F05",2,5,59,3
"R02_F05",2,5,60,2
"R02_F05",2,5,61,1
"R02_F05",2,5,63,2
"R02_F05",2,5,64,3
"R02_F05",2,5,65,4
"R02_F05",2,5,66,2
"R02_F05",2,5,67,1
"R02_F05",2,5,68,1
"R02_F05",2,5,69,3
"R02_F05",2,5,70,4
"R02_F05",2,5,71,1
"R02_F05",2,5,73,4
"R02_F05",2,5,74,3
"R02_F05",2,5,76,3
"R02_F05",2,5,77,2
"R02_F05",2,5,80,3
"R02_F05",2,5,81,1
"R02_F05",2,5,82,1
"R02_F05",2,5,83,3
"R02_F05",2,5,84,4
"R02_F05",2,5,86,3
"R02_F05",2,5,87,2
"R02_F05",2,5,88,3
"R02_F05",2,5,89,2
"R02_F05",2,5,90,2
"R02_F05",2,5,91,2
"R02_F05",2,5,93,2
"R02_F05",2,5,94,1
"R02_F05",2,5,95,2
"R02_F05",2,5,96,3
"R02_F05",2,5,97,4
"R02_F05",2,5,98,1
"R02_F05",2,5,99,2
"R02_F05",2,5,100,1
"R02_F05",2,5,101,3
"R02_F05",2,5,102,3
"R02_F05",2,5,103,2
"R02_F05",2,5,105,1
"R02_F05",2,5,106,2
"R02_F05",2,5,110,2
"R02_F05",2,5,112,2
"R02_F05",2,5,113,3
"R02_F05",2,5,115,2
"R02_F05",2,5,116,3
"R02_F05",2,5,117,3
"R02_F05",2,5,118,1
"R02_F05",2,5,119,3
"R02_F05",2,5,121,2
"R02_F05",2,5,123,1
"R02_F05",2,5,128,2
"R02_F05",2,5,129,1
"R02_F05",2,5,130,4
"R02_F05",2,5,131,4
"R02_F05",2,5,132,3
"R02_F05",2,5,133,4
"R02_F05",2,5,135,1
"R02_F05",2,5,136,1
"R02_F05",2,5,138,2
"R02_F05",2,5,139,3
"R02_F05",2,5,140,2
"R02_F05",2,5,142,1
"R02_F05",2,5,143,2
"R02_F05",2,5,145,4
"R02_F05",2,5,146,1
"R02_F05",2,5,147,1
"R02_F05",2,5,148,3
"R02_F05",2,5,149,3
"R02_F05",2,5,150,2
"R02_F05",2,5,151,2
"R02_F05",2,5,152,1
"R02_F05",2,5,153,4
"R02_F05",2,5,154,1
"R02_F05",2,5,155,3
"R02_F05",2,5,156,2
"R02_F05",2,5,157,4
"R02_F05",2,5,158,2
"R02_F05",2,5,159,4
"R02_F05",2,5,160,3
"R02_F05",2,5,161,4
"R02_F05",2,5,162,1
"R02_F05",2,5,163,4
"R02_F05",2,5,164,3
"R02_F05",2,5,165,3
"R02_F05",2,5,166,1
"R02_F05",2,5,167,2
"R02_F05",2,5,169,1
"R02_F05",2,5,172,1
"R02_F05",2,5,173,2
"R02_F05",2,5,174,3
"R02_F05",2,5,175,4
"R02_F05",2,5,176,3
"R02_F05",2,5,177,2
"R02_F05",2,5,178,3
"R02_F05",2,5,179,2
"R02_F05",2,5,180,2
"R02_F05",2,5,181,2
"R02_F05",2,5,182,2
"R02_F05",2,5,184,1
"R02_F05",2,5,185,2
"R02_F05",2,5,186,3
"R02_F05",2,5,187,2
"R02_F05",2,5,188,4
"R02_F05",2,5,191,4
"R02_F05",2,5,193,3
"R02_F05",2,5,194,3
"R02_F05",2,5,195,4
"R02_F05",2,5,196,1
"R02_F05",2,5,197,4
"R02_F05",2,5,198,1
"R02_F05",2,5,199,3
"R02_F05",2,5,200,3
"R02_F05",2,5,201,2
"R02_F05",2,5,202,2
"R02_F05",2,5,203,2
"R02_F05",2,5,205,4
"R02_F05",2,5,206,1
"R02_F05",2,5,208,4
"R02_F05",2,5,209,4
"R02_F05",2,5,211,4
"R02_F05",2,5,212,3
"R02_F05",2,5,213,4
"R02_F05",2,5,214,4
"R02_F05",2,5,215,1
"R02_F05",2,5,216,1
"R02_F05",2,5,217,4
"R02_F05",2,5,218,4
"R02_F05",2,5,220,2
"R02_F05",2,5,221,1
"R02_F05",2,5,224,2
"R02_F05",2,5,225,1
"R02_F05",2,5,227,2
"R02_F05",2,5,228,1
"R02_F05",2,5,230,4
"R02_F05",2,5,232,1
"R02_F05",2,5,234,3
"R02_F05",2,5,235,3
"R02_F05",2,5,236,1
"R02_F05",2,5,237,3
"R02_F05",2,5,240,1
"R02_F05",2,5,241,4
"R02_F05",2,5,242,1
"R02_F05",2,5,243,2
"R02_F05",2,5,244,2
"R02_F05",2,5,246,1
"R02_F05",2,5,247,1
"R02_F05",2,5,248,1
"R02_F05",2,5,250,2
"R02_F05",2,5,251,3
"R02_F05",2,5,252,1
"R02_F05",2,5,253,2
"R02_F05",2,5,254,3
"R02_F05",2,5,255,3
"R02_F05",2,5,256,4
"R02_F05",2,5,257,2
"R02_F05",2,5,258,1
"R02_F05",2,5,259,1
"R02_F05",2,5,260,2
"R02_F05",2,5,262,4
"R02_F05",2,5,263,1
"R02_F05",2,5,264,2
"R02_F05",2,5,265,3
"R02_F05",2,5,266,3
"R02_F05",2,5,267,3
"R02_F05",2,5,270,4
"R02_F05",2,5,271,3
"R02_F05",2,5,272,2
"R02_F05",2,5,273,2
"R02_F05",2,5,274,2
"R02_F05",2,5,275,1
"R02_F05",2,5,276,4
"R02_F05",2,5,278,2
"R02_F05",2,5,279,2
"R02_F05",2,5,280,3
"R02_F05",2,5,281,3
"R02_F05",2,5,282,3
"R02_F05",2,5,283,2
"R02_F05",2,5,284,3
"R02_F05",2,5,286,3
"R02_F05",2,5,287,1
"R02_F05",2,5,290,1
"R02_F05",2,5,291,3
"R02_F05",2,5,292,3
"R02_F05",2,5,293,4
"R02_F05",2,5,294,1
"R02_F05",2,5,295,3
"R02_F05",2,5,296,2
"R02_F05",2,5,297,4
"R02_F05",2,5,298,1
"R02_F05",2,5,299,2
"R02_F05",2,5,300,2
"R02_F05",2,5,302,2
"R02_F05",2,5,303,1
"R02_F05",2,5,304,4
"R02_F05",2,5,305,1
"R02_F05",2,5,306,1
"R02_F05",2,5,307,4
"R02_F05",2,5,308,2
"R02_F05",2,5,309,2
"R02_F05",2,5,310,3
"R02_F05",2,5,311,4
"R02_F05",2,5,312,3
"R02_F05",2,5,314,4
"R02_F05",2,5,315,1
"R02_F05",2,5,316,3
"R02_F05",2,5,317,1
"R02_F05",2,5,319,2
"R02_F05",2,5,320,3
"R02_F05",2,5,321,3
"R02_F05",2,5,322,3
"R02_F05",2,5,324,4
"R02_F05",2,5,326,3
"R02_F05",2,5,327,3
"R02_F05",2,5,328,1
"R02_F05",2,5,330,3
"R02_F05",2,5,331,4
"R02_F05",2,5,332,2
"R02_F05",2,5,334,4
"R02_F05",2,5,335,1
"R02_F05",2,5,338,3
"R02_F05",2,5,339,1
"R02_F05",2,5,341,3
"R02_F05",2,5,342,2
"R02_F05",2,5,343,2
"R02_F05",2,5,344,1
"R02_F05",2,5,345,4
"R02_F05",2,5,346,2
"R02_F05",2,5,347,4
"R02_F05",2,5,348,4
"R02_F05",2,5,349,2
"R02_F05",2,5,350,1
"R02_F05",2,5,351,4
"R02_F05",2,5,352,1
"R02_F05",2,5,353,3
"R02_F05",2,5,354,1
"R02_F05",2,5,355,3
"R02_F05",2,5,356,3
"R02_F05",2,5,357,3
"R02_F05",2,5,358,2
"R02_F05",2,5,359,2
"R02_F05",2,5,360,2
"R02_F05",2,5,361,3
"R02_F05",2,5,362,3
"R02_F05",2,5,363,1
"R02_F05",2,5,364,3
"R02_F05",2,5,365,2
"R02_F05",2,5,366,1
"R02_F05",2,5,367,3
"R02_F05",2,5,368,2
"R02_F05",2,5,369,4
"R02_F05",2,5,370,1
"R02_F05",2,5,371,2
"R02_F05",2,5,372,4
"R02_F05",2,5,373,4
"R02_F05",2,5,374,2
"R02_F05",2,5,375,4
"R02_F05",2,5,376,3
"R02_F05",2,5,378,2
"R02_F05",2,5,379,2
"R02_F05",2,5,380,1
"R02_F05",2,5,381,1
"R02_F05",2,5,383,4
"R02_F05",2,5,384,3
"R02_F05",2,5,385,1
"R02_F05",2,5,386,3
"R02_F05",2,5,387,4
"R02_F05",2,5,388,4
"R02_F05",2,5,389,4
"R02_F05",2,5,390,1
"R02_F05",2,5,391,2
"R02_F05",2,5,392,3
"R02_F05",2,5,393,1
"R02_F05",2,5,394,2
"R02_F05",2,5,395,3
"R02_F05",2,5,396,4
"R02_F05",2,5,397,4
"R02_F05",2,5,398,1
"R02_F05",2,5,399,3
"R02_F05",2,5,400,4
"R02_F05",2,5,402,4
"R02_F05",2,5,403,4
"R02_F05",2,5,404,1
"R02_F05",2,5,405,4
"R02_F05",2,5,406,1
"R02_F05",2,5,407,4
"R02_F05",2,5,408,1
"R02_F05",2,5,411,4
"R02_F05",2,5,412,2
"R02_F05",2,5,413,1
"R02_F05",2,5,414,3
"R02_F05",2,5,416,1
"R02_F05",2,5,417,4
"R02_F05",2,5,418,4
"R02_F05",2,5,419,1
"R02_F05",2,5,420,1
"R02_F05",2,5,421,1
"R02_F05",2,5,422,2
"R02_F05",2,5,423,3
"R02_F05",2,5,424,2
"R02_F05",2,5,425,3
"R02_F05",2,5,426,1
"R02_F05",2,5,427,3
"R02_F05",2,5,428,4
"R02_F05",2,5,429,2
"R02_F05",2,5,430,3
"R02_F05",2,5,431,3
"R02_F05",2,5,432,1
"R02_F05",2,5,433,4
"R02_F05",2,5,434,4
"R02_F05",2,5,435,1
"R02_F05",2,5,436,4
"R02_F05",2,5,437,1
"R02_F05",2,5,438,1
"R02_F05",2,5,439,1
"R02_F05",2,5,440,4
"R02_F05",2,5,441,1
"R02_F05",2,5,442,1
"R02_F05",2,5,444,4
"R02_F05",2,5,445,2
"R02_F05",2,5,446,2
"R02_F05",2,5,447,1
"R02_F05",2,5,449,2
"R02_F05",2,5,450,3
"R02_F05",2,5,451,2
"R02_F05",2,5,452,2
"R02_F05",2,5,453,4
"R02_F05",2,5,454,3
"R02_F05",2,5,455,1
"R02_F05",2,5,456,4
"R02_F05",2,5,457,4
"R02_F05",2,5,458,4
"R02_F05",2,5,459,4
"R02_F05",2,5,463,2
"R02_F05",2,5,465,1
"R02_F05",2,5,467,3
"R02_F05",2,5,468,2
"R02_F05",2,5,469,1
"R02_F05",2,5,471,2
"R02_F05",2,5,472,3
"R02_F05",2,5,473,2
"R02_F05",2,5,477,4
"R02_F05",2,5,478,4
"R02_F05",2,5,479,2
"R02_F05",2,5,480,1
"R02_F05",2,5,481,2
"R02_F05",2,5,482,3
"R02_F05",2,5,483,1
"R02_F05",2,5,484,3
"R02_F05",2,5,485,2
"R02_F05",2,5,486,3
"R02_F05",2,5,487,3
"R02_F05",2,5,488,1
"R02_F05",2,5,490,3
"R02_F05",2,5,491,2
"R02_F05",2,5,493,3
"R02_F05",2,5,494,4
"R02_F05",2,5,495,3
"R02_F05",2,5,498,4
"R02_F05",2,5,499,4
"R02_F05",2,5,501,1
"R02_F05",2,5,502,1
"R02_F05",2,5,503,2
"R02_F05",2,5,505,3
"R02_F05",2,5,506,3
"R02_F05",2,5,507,4
"R02_F05",2,5,509,2
"R02_F05",2,5,510,2
"R02_F05",2,5,513,4
"R02_F05",2,5,515,1
"R02_F05",2,5,516,2
"R02_F05",2,5,517,4
"R02_F05",2,5,518,2
"R02_F05",2,5,519,4
"R02_F05",2,5,520,3
"R02_F05",2,5,521,4
"R02_F05",2,5,524,2
"R02_F05",2,5,525,1
"R02_F05",2,5,526,1
"R02_F05",2,5,527,2
"R02_F05",2,5,528,1
"R02_F05",2,5,530,4
"R02_F05",2,5,532,2
"R02_F05",2,5,534,4
"R02_F05",2,5,535,2
"R02_F05",2,5,536,4
"R02_F05",2,5,538,1
"R02_F05",2,5,543,1
"R02_F05",2,5,544,4
"R02_F05",2,5,545,4
"R02_F05",2,5,546,4
"R02_F05",2,5,547,3
"R02_F05",2,5,548,4
"R02_F05",2,5,549,1
"R02_F05",2,5,550,3
"R02_F05",2,5,551,2
"R02_F05",2,5,552,4
"R02_F05",2,5,555,4
"R02_F05",2,5,556,1
"R02_F05",2,5,557,3
"R02_F05",2,5,558,4
"R02_F05",2,5,559,2
"R02_F05",2,5,560,3
"R02_F05",2,5,561,1
"R02_F05",2,5,562,2
"R02_F05",2,5,563,2
"R02_F05",2,5,564,4
"R02_F05",2,5,566,2
"R02_F05",2,5,567,4
"R02_F05",2,5,569,1
"R02_F05",2,5,571,4
"R02_F05",2,5,572,2
"R02_F05",2,5,573,3
"R02_F05",2,5,576,1
"R02_F05",2,5,577,2
"R02_F05",2,5,578,3
"R02_F05",2,5,580,1
"R02_F05",2,5,581,3
"R02_F05",2,5,582,4
"R02_F05",2,5,583,2
"R02_F05",2,5,584,4
"R02_F05",2,5,585,3
"R02_F05",2,5,586,4
"R02_F05",2,5,588,2
"R02_F05",2,5,589,2
"R02_F05",2,5,590,2
"R02_F05",2,5,591,1
"R02_F05",2,5,593,4
"R02_F05",2,5,595,1
"R02_F05",2,5,597,3
"R02_F05",2,5,598,4
"R02_F05",2,5,599,3
"R02_F05",2,5,600,3
"R02_F05",2,5,601,3
"R02_F05",2,5,602,4
"R02_F05",2,5,603,2
"R02_F05",2,5,605,3
"R02_F05",2,5,606,3
"R02_F05",2,5,607,2
"R02_F05",2,5,609,2
"R02_F05",2,5,610,1
"R02_F05",2,5,611,3
"R02_F05",2,5,612,3
"R02_F05",2,5,615,1
"R02_F05",2,5,616,1
"R02_F05",2,5,617,1
"R02_F05",2,5,618,4
"R02_F05",2,5,619,4
"R02_F05",2,5,620,3
"R02_F05",2,5,621,2
"R02_F05",2,5,622,4
"R02_F05",2,5,623,4
"R02_F05",2,5,624,4
"R02_F05",2,5,625,3
"R02_F05",2,5,627,1
"R02_F05",2,5,628,4
"R02_F05",2,5,629,2
"R02_F05",2,5,630,3
"R02_F05",2,5,631,3
"R02_F05",2,5,632,2
"R02_F05",2,5,633,3
"R02_F05",2,5,634,4
"R02_F05",2,5,635,3
"R02_F05",2,5,637,2
"R02_F05",2,5,638,2
"R02_F05",2,5,639,4
"R02_F05",2,5,640,1
"R02_F05",2,5,642,2
"R02_F05",2,5,643,2
"R02_F05",2,5,644,3
"R02_F05",2,5,645,3
"R02_F05",2,5,646,2
"R02_F05",2,5,647,4
"R02_F05",2,5,648,4
"R02_F05",2,5,649,2
"R02_F05",2,5,651,4
"R02_F05",2,5,652,1
"R02_F05",2,5,653,1
"R02_F05",2,5,654,2
"R02_F05",2,5,655,4
"R02_F05",2,5,656,1
"R02_F05",2,5,657,2
"R02_F05",2,5,658,4
"R02_F05",2,5,660,1
"R02_F05",2,5,661,3
"R02_F05",2,5,662,2
"R02_F05",2,5,663,3
"R02_F05",2,5,664,1
"R02_F05",2,5,667,1
"R02_F05",2,5,668,3
"R02_F05",2,5,669,1
"R02_F05",2,5,673,3
"R02_F05",2,5,674,1
"R02_F05",2,5,675,2
"R02_F05",2,5,678,4
"R02_F05",2,5,679,2
"R02_F05",2,5,680,3
"R02_F05",2,5,681,1
"R02_F05",2,5,682,1
"R02_F05",2,5,684,4
"R02_F05",2,5,685,3
"R02_F05",2,5,688,2
"R02_F05",2,5,689,4
"R02_F05",2,5,690,4
"R02_F05",2,5,691,2
"R02_F05",2,5,692,1
"R02_F05",2,5,694,3
"R02_F05",2,5,699,1
"R02_F05",2,5,700,3
"R02_F05",2,5,701,1
"R02_F05",2,5,703,1
"R02_F05",2,5,705,3
"R02_F05",2,5,706,1
"R02_F05",2,5,707,2
"R02_F05",2,5,709,1
"R02_F05",2,5,710,2
"R02_F05",2,5,711,3
"R02_F05",2,5,713,1
"R02_F05",2,5,715,4
"R02_F05",2,5,716,3
"R02_F05",2,5,717,1
"R02_F05",2,5,718,3
"R02_F05",2,5,719,2
"R02_F05",2,5,720,2
"R02_F05",2,5,721,1
"R02_F05",2,5,722,3
"R02_F05",2,5,723,4
"R02_F05",2,5,724,1
"R02_F05",2,5,725,2
"R02_F05",2,5,726,4
"R02_F05",2,5,727,4
"R02_F05",2,5,728,1
"R02_F05",2,5,729,2
"R02_F05",2,5,730,3
"R02_F05",2,5,731,1
"R02_F05",2,5,733,1
"R02_F05",2,5,734,4
"R02_F05",2,5,735,4
"R02_F05",2,5,736,1
"R02_F05",2,5,737,1
"R02_F05",2,5,738,3
"R02_F05",2,5,739,4
"R02_F05",2,5,740,1
"R02_F05",2,5,741,1
"R02_F05",2,5,743,2
"R02_F05",2,5,745,3
"R02_F05",2,5,746,2
"R02_F05",2,5,747,2
"R02_F05",2,5,748,2
"R02_F05",2,5,749,1
"R02_F05",2,5,750,1
"R02_F05",2,5,751,3
"R02_F05",2,5,752,1
"R02_F05",2,5,753,4
"R02_F05",2,5,754,3
"R02_F05",2,5,755,3
"R02_F05",2,5,757,2
"R02_F05",2,5,759,2
"R02_F05",2,5,760,3
"R02_F05",2,5,761,4
"R02_F05",2,5,763,4
"R02_F05",2,5,764,1
"R02_F05",2,5,765,4
"R02_F05",2,5,766,2
"R02_F05",2,5,767,4
"R02_F05",2,5,770,3
"R02_F05",2,5,771,1
"R02_F05",2,5,772,4
"R02_F05",2,5,773,2
"R02_F05",2,5,776,1
"R02_F05",2,5,777,3
"R02_F05",2,5,778,1
"R02_F05",2,5,779,4
"R02_F05",2,5,781,4
"R02_F05",2,5,782,1
"R02_F05",2,5,783,3
"R02_F05",2,5,784,1
"R02_F05",2,5,787,2
"R02_F05",2,5,788,3
"R02_F05",2,5,789,1
"R02_F05",2,5,790,4
"R02_F05",2,5,792,4
"R02_F05",2,5,793,1
"R02_F05",2,5,794,1
"R02_F05",2,5,795,3
"R02_F05",2,5,796,1
"R02_F05",2,5,797,2
"R02_F05",2,5,798,3
"R02_F05",2,5,800,2
"R02_F05",2,5,801,3
"R02_F05",2,5,802,3
"R02_F05",2,5,803,2
"R02_F05",2,5,805,4
"R02_F05",2,5,806,4
"R02_F05",2,5,807,1
"R02_F05",2,5,808,3
"R02_F05",2,5,809,2
"R02_F05",2,5,810,3
"R02_F05",2,5,811,1
"R02_F05",2,5,812,2
"R02_F05",2,5,813,2
"R02_F05",2,5,814,1
"R02_F05",2,5,815,1
"R02_F05",2,5,817,1
"R02_F05",2,5,818,3
"R02_F05",2,5,819,2
"R02_F05",2,5,820,4
"R02_F05",2,5,821,4
"R02_F05",2,5,823,3
"R02_F05",2,5,824,1
"R02_F05",2,5,825,4
"R02_F05",2,5,826,1
"R02_F05",2,5,827,2
"R02_F05",2,5,828,3
"R02_F05",2,5,829,4
"R02_F05",2,5,830,3
"R02_F05",2,5,832,3
"R02_F05",2,5,833,4
"R02_F05",2,5,834,3
"R02_F05",2,5,835,1
"R02_F05",2,5,836,2
"R02_F05",2,5,837,1
"R02_F05",2,5,838,2
"R02_F05",2,5,839,3
"R02_F05",2,5,840,2
"R02_F05",2,5,841,2
"R02_F05",2,5,842,3
"R02_F05",2,5,843,2
"R02_F05",2,5,844,3
"R02_F05",2,5,845,2
"R02_F05",2,5,846,3
"R02_F05",2,5,847,4
"R02_F05",2,5,848,4
"R02_F05",2,5,849,3
"R02_F05",2,5,851,2
"R02_F05",2,5,853,2
"R02_F05",2,5,854,3
"R02_F05",2,5,855,4
"R02_F05",2,5,858,1
"R02_F05",2,5,859,4
"R02_F05",2,5,860,1
"R02_F05",2,5,861,1
"R02_F05",2,5,862,3
"R02_F05",2,5,863,2
"R02_F05",2,5,865,3
"R02_F05",2,5,866,4
"R02_F05",2,5,867,2
"R02_F05",2,5,868,1
"R02_F05",2,5,869,1
"R02_F05",2,5,871,3
"R02_F05",2,5,872,4
"R02_F05",2,5,873,3
"R02_F05",2,5,874,4
"R02_F05",2,5,878,4
"R02_F05",2,5,879,3
"R02_F05",2,5,880,3
"R02_F05",2,5,881,4
"R02_F05",2,5,882,1
"R02_F05",2,5,883,1
"R02_F05",2,5,884,2
"R02_F05",2,5,885,3
"R02_F05",2,5,886,3
"R02_F05",2,5,887,4
"R02_F05",2,5,888,4
"R02_F05",2,5,889,3
"R02_F05",2,5,890,3
"R02_F05",2,5,892,2
"R02_F05",2,5,893,2
"R02_F05",2,5,895,4
"R02_F05",2,5,896,3
"R02_F05",2,5,898,2
"R02_F05",2,5,899,4
"R02_F05",2,5,902,4
"R02_F05",2,5,903,1
"R02_F05",2,5,904,3
"R02_F05",2,5,906,1
"R02_F05",2,5,907,4
"R02_F05",2,5,908,4
"R02_F05",2,5,909,1
"R02_F05",2,5,911,2
"R02_F05",2,5,913,4
"R02_F05",2,5,914,4
"R02_F05",2,5,917,4
"R02_F05",2,5,918,4
"R02_F05",2,5,921,3
"R02_F05",2,5,922,1
"R02_F05",2,5,923,2
"R02_F05",2,5,924,2
"R02_F05",2,5,925,3
"R02_F05",2,5,926,1
"R02_F05",2,5,927,4
"R02_F05",2,5,928,3
"R02_F05",2,5,930,4
"R02_F05",2,5,931,2
"R02_F05",2,5,932,2
"R02_F05",2,5,933,2
"R02_F05",2,5,934,3
"R02_F05",2,5,935,2
"R02_F05",2,5,936,4
"R02_F05",2,5,937,4
"R02_F05",2,5,938,3
"R02_F05",2,5,939,4
"R02_F05",2,5,940,4
"R02_F05",2,5,941,3
"R02_F05",2,5,942,2
"R02_F05",2,5,943,2
"R02_F05",2,5,944,4
"R02_F05",2,5,947,3
"R02_F05",2,5,948,3
"R02_F05",2,5,950,4
"R02_F05",2,5,951,4
"R02_F05",2,5,952,4
"R02_F05",2,5,954,2
"R02_F05",2,5,955,4
"R02_F05",2,5,956,2
"R02_F05",2,5,957,2
"R02_F05",2,5,958,2
"R02_F05",2,5,959,4
"R02_F05",2,5,960,1
"R02_F05",2,5,962,3
"R02_F05",2,5,963,4
"R02_F05",2,5,964,4
"R02_F05",2,5,966,4
"R02_F05",2,5,967,2
"R02_F05",2,5,968,4
"R02_F05",2,5,971,2
"R02_F05",2,5,972,3
"R02_F05",2,5,973,2
"R02_F05",2,5,974,4
"R02_F05",2,5,975,3
"R02_F05",2,5,976,4
"R02_F05",2,5,977,4
"R02_F05",2,5,978,4
"R02_F05",2,5,979,1
"R02_F05",2,5,980,3
"R02_F05",2,5,981,1
"R02_F05",2,5,982,1
"R02_F05",2,5,983,1
"R02_F05",2,5,984,1
"R02_F05",2,5,985,4
"R02_F05",2,5,987,1
"R02_F05",2,5,988,4
"R02_F05",2,5,989,1
"R02_F05",2,5,990,2
"R02_F05",2,5,991,1
"R02_F05",2,5,992,2
"R02_F05",2,5,993,4
"R02_F05",2,5,994,3
"R02_F05",2,5,995,4
"R02_F05",2,5,996,1
"R02_F05",2,5,997,1
"R02_F05",2,5,998,3
"R02_F05",2,5,999,3
"R02_F05",2,5,1000,2
"R03_F01",3,1,1,1
"R03_F01",3,1,2,2
"R03_F01",3,1,3,3
"R03_F01",3,1,5,3
"R03_F01",3,1,7,1
"R03_F01",3,1,8,1
"R03_F01",3,1,10,4
"R03_F01",3,1,11,2
"R03_F01",3,1,12,1
"R03_F01",3,1,14,2
"R03_F01",3,1,15,4
"R03_F01",3,1,16,2
"R03_F01",3,1,17,2
"R03_F01",3,1,19,4
"R03_F01",3,1,20,1
"R03_F01",3,1,21,4
"R03_F01",3,1,22,3
"R03_F01",3,1,23,3
"R03_F01",3,1,24,4
"R03_F01",3,1,25,3
"R03_F01",3,1,26,3
"R03_F01",3,1,27,4
"R03_F01",3,1,29,3
"R03_F01",3,1,30,4
"R03_F01",3,1,31,1
"R03_F01",3,1,32,1
"R03_F01",3,1,33,4
"R03_F01",3,1,34,1
"R03_F01",3,1,35,3
"R03_F01",3,1,37,4
"R03_F01",3,1,38,2
"R03_F01",3,1,39,4
"R03_F01",3,1,40,3
"R03_F01",3,1,41,2
"R03_F01",3,1,42,1
"R03_F01",3,1,43,2
"R03_F01",3,1,44,2
"R03_F01",3,1,45,3
"R03_F01",3,1,46,3
"R03_F01",3,1,47,2
"R03_F01",3,1,48,3
"R03_F01",3,1,49,4
"R03_F01",3,1,52,3
"R03_F01",3,1,55,1
"R03_F01",3,1,56,2
"R03_F01",3,1,57,4
"R03_F01",3,1,58,4
"R03_F01",3,1,59,1
"R03_F01",3,1,61,2
"R03_F01",3,1,64,1
"R03_F01",3,1,65,4
"R03_F01",3,1,66,1
"R03_F01",3,1,67,1
"R03_F01",3,1,68,3
"R03_F01",3,1,70,1
"R03_F01",3,1,71,3
"R03_F01",3,1,72,3
"R03_F01",3,1,73,4
"R03_F01",3,1,74,3
"R03_F01",3,1,75,3
"R03_F01",3,1,76,4
"R03_F01",3,1,77,1
"R03_F01",3,1,78,2
"R03_F01",3,1,80,3
"R03_F01",3,1,81,2
"R03_F01",3,1,82,3
"R03_F01",3,1,83,2
"R03_F01",3,1,85,4
"R03_F01",3,1,86,1
"R03_F01",3,1,88,1
"R03_F01",3,1,89,2
"R03_F01",3,1,90,3
"R03_F01",3,1,91,4
"R03_F01",3,1,92,2
"R03_F01",3,1,93,3
"R03_F01",3,1,94,3
"R03_F01",3,1,95,4
"R03_F01",3,1,96,1
"R03_F01",3,1,97,4
"R03_F01",3,1,99,1
"R03_F01",3,1,100,3
"R03_F01",3,1,101,3
"R03_F01",3,1,104,4
"R03_F01",3,1,106,4
"R03_F01",3,1,107,1
"R03_F01",3,1,108,1
"R03_F01",3,1,109,1
"R03_F01",3,1,110,1
"R03_F01",3,1,111,4
"R03_F01",3,1,114,2
"R03_F01",3,1,115,4
"R03_F01",3,1,116,4
"R03_F01",3,1,117,4
"R03_F01",3,1,118,1
"R03_F01",3,1,119,4
"R03_F01",3,1,120,4
"R03_F01",3,1,121,4
"R03_F01",3,1,122,1
"R03_F01",3,1,123,3
"R03_F01",3,1,124,4
"R03_F01",3,1,125,2
"R03_F01",3,1,126,3
"R03_F01",3,1,127,4
"R03_F01",3,1,128,2
"R03_F01",3,1,129,3
"R03_F01",3,1,130,2
"R03_F01",3,1,132,4
"R03_F01",3,1,134,2
"R03_F01",3,1,136,3
"R03_F01",3,1,137,3
"R03_F01",3,1,139,3
"R03_F01",3,1,140,1
"R03_F01",3,1,142,3
"R03_F01",3,1,143,4
"R03_F01",3,1,144,1
"R03_F01",3,1,145,3
"R03_F01",3,1,147,4
"R03_F01",3,1,148,3
"R03_F01",3,1,150,1
"R03_F01",3,1,151,2
"R03_F01",3,1,152,3
"R03_F01",3,1,153,3
"R03_F01",3,1,154,1
"R03_F01",3,1,155,2
"R03_F01",3,1,156,2
"R03_F01",3,1,157,4
"R03_F01",3,1,158,4
"R03_F01",3,1,159,2
"R03_F01",3,1,161,4
"R03_F01",3,1,162,1
"R03_F01",3,1,165,2
"R03_F01",3,1,167,1
"R03_F01",3,1,168,2
"R03_F01",3,1,169,4
"R03_F01",3,1,171,3
"R03_F01",3,1,172,2
"R03_F01",3,1,173,3
"R03_F01",3,1,174,4
"R03_F01",3,1,175,4
"R03_F01",3,1,176,2
"R03_F01",3,1,178,4
"R03_F01",3,1,179,1
"R03_F01",3,1,180,4
"R03_F01",3,1,181,4
"R03_F01",3,1,183,3
"R03_F01",3,1,184,1
"R03_F01",3,1,185,3
"R03_F01",3,1,186,2
"R03_F01",3,1,187,3
"R03_F01",3,1,188,2
"R03_F01",3,1,189,3
"R03_F01",3,1,190,3
"R03_F01",3,1,191,4
"R03_F01",3,1,192,2
"R03_F01",3,1,193,2
"R03_F01",3,1,195,4
"R03_F01",3,1,196,3
"R03_F01",3,1,197,3
"R03_F01",3,1,198,4
"R03_F01",3,1,200,4
"R03_F01",3,1,202,2
"R03_F01",3,1,206,2
"R03_F01",3,1,207,2
"R03_F01",3,1,209,3
"R03_F01",3,1,210,4
"R03_F01",3,1,211,3
"R03_F01",3,1,212,3
"R03_F01",3,1,213,4
"R03_F01",3,1,214,4
"R03_F01",3,1,216,2
"R03_F01",3,1,217,1
"R03_F01",3,1,218,2
"R03_F01",3,1,219,2
"R03_F01",3,1,220,2
"R03_F01",3,1,221,2
"R03_F01",3,1,223,1
"R03_F01",3,1,224,1
"R03_F01",3,1,225,3
"R03_F01",3,1,226,2
"R03_F01",3,1,227,4
"R03_F01",3,1,228,2
"R03_F01",3,1,229,1
"R03_F01",3,1,230,1
"R03_F01",3,1,232,3
"R03_F01",3,1,233,4
"R03_F01",3,1,234,2
"R03_F01",3,1,235,3
"R03_F01",3,1,236,2
"R03_F01",3,1,237,4
"R03_F01",3,1,239,3
"R03_F01",3,1,241,2
"R03_F01",3,1,242,4
"R03_F01",3,1,243,3
"R03_F01",3,1,244,3
"R03_F01",3,1,245,2
"R03_F01",3,1,246,2
"R03_F01",3,1,247,3
"R03_F01",3,1,249,2
"R03_F01",3,1,250,1
"R03_F01",3,1,251,4
"R03_F01",3,1,253,4
"R03_F01",3,1,255,3
"R03_F01",3,1,256,1
"R03_F01",3,1,257,2
"R03_F01",3,1,258,2
"R03_F01",3,1,259,4
"R03_F01",3,1,260,4
"R03_F01",3,1,261,2
"R03_F01",3,1,262,1
"R03_F01",3,1,265,2
"R03_F01",3,1,267,1
"R03_F01",3,1,270,2
"R03_F01",3,1,271,1
"R03_F01",3,1,273,3
"R03_F01",3,1,274,2
"R03_F01",3,1,275,2
"R03_F01",3,1,276,1
"R03_F01",3,1,277,3
"R03_F01",3,1,278,3
"R03_F01",3,1,279,1
"R03_F01",3,1,280,2
"R03_F01",3,1,281,3
"R03_F01",3,1,283,3
"R03_F01",3,1,284,2
"R03_F01",3,1,285,2
"R03_F01",3,1,286,4
"R03_F01",3,1,287,3
"R03_F01",3,1,288,3
"R03_F01",3,1,289,2
"R03_F01",3,1,290,2
"R03_F01",3,1,291,4
"R03_F01",3,1,292,1
"R03_F01",3,1,293,3
"R03_F01",3,1,294,3
"R03_F01",3,1,295,4
"R03_F01",3,1,296,3
"R03_F01",3,1,297,3
"R03_F01",3,1,298,3
"R03_F01",3,1,299,1
"R03_F01",3,1,300,2
"R03_F01",3,1,301,3
"R03_F01",3,1,304,1
"R03_F01",3,1,305,1
"R03_F01",3,1,306,4
"R03_F01",3,1,307,3
"R03_F01",3,1,308,1
"R03_F01",3,1,309,4
"R03_F01",3,1,311,4
"R03_F01",3,1,312,1
"R03_F01",3,1,313,1
"R03_F01",3,1,314,1
"R03_F01",3,1,315,2
"R03_F01",3,1,316,4
"R03_F01",3,1,317,4
"R03_F01",3,1,319,2
"R03_F01",3,1,320,1
"R03_F01",3,1,323,1
"R03_F01",3,1,324,3
"R03_F01",3,1,326,3
"R03_F01",3,1,327,2
"R03_F01",3,1,328,1
"R03_F01",3,1,329,3
"R03_F01",3,1,330,2
"R03_F01",3,1,331,4
"R03_F01",3,1,332,2
"R03_F01",3,1,333,4
"R03_F01",3,1,334,2
"R03_F01",3,1,335,3
"R03_F01",3,1,337,3
"R03_F01",3,1,338,4
"R03_F01",3,1,340,4
"R03_F01",3,1,341,2
"R03_F01",3,1,342,1
"R03_F01",3,1,343,3
"R03_F01",3,1,344,4
"R03_F01",3,1,345,3
"R03_F01",3,1,346,1
"R03_F01",3,1,347,2
"R03_F01",3,1,348,4
"R03_F01",3,1,350,2
"R03_F01",3,1,351,2
"R03_F01",3,1,352,1
"R03_F01",3,1,353,3
"R03_F01",3,1,355,2
"R03_F01",3,1,356,4
"R03_F01",3,1,357,2
"R03_F01",3,1,358,3
"R03_F01",3,1,359,4
"R03_F01",3,1,360,2
"R03_F01",3,1,361,2
"R03_F01",3,1,362,4
"R03_F01",3,1,363,3
"R03_F01",3,1,364,4
"R03_F01",3,1,365,4
"R03_F01",3,1,366,2
"R03_F01",3,1,367,4
"R03_F01",3,1,368,2
"R03_F01",3,1,369,1
"R03_F01",3,1,370,4
"R03_F01",3,1,372,1
"R03_F01",3,1,374,2
"R03_F01",3,1,375,2
"R03_F01",3,1,376,1
"R03_F01",3,1,377,3
"R03_F01",3,1,378,1
"R03_F01",3,1,379,4
"R03_F01",3,1,380,3
"R03_F01",3,1,381,3
"R03_F01",3,1,382,2
"R03_F01",3,1,383,1
"R03_F01",3,1,384,3
"R03_F01",3,1,385,4
"R03_F01",3,1,386,1
"R03_F01",3,1,387,3
"R03_F01",3,1,388,2
"R03_F01",3,1,389,2
"R03_F01",3,1,390,1
"R03_F01",3,1,391,1
"R03_F01",3,1,393,4
"R03_F01",3,1,394,2
"R03_F01",3,1,395,4
"R03_F01",3,1,396,1
"R03_F01",3,1,397,2
"R03_F01",3,1,399,1
"R03_F01",3,1,400,3
"R03_F01",3,1,401,4
"R03_F01",3,1,403,3
"R03_F01",3,1,404,3
"R03_F01",3,1,405,1
"R03_F01",3,1,408,4
"R03_F01",3,1,409,1
"R03_F01",3,1,411,3
"R03_F01",3,1,412,1
"R03_F01",3,1,413,2
"R03_F01",3,1,414,2
"R03_F01",3,1,415,2
"R03_F01",3,1,416,3
"R03_F01",3,1,417,3
"R03_F01",3,1,419,3
"R03_F01",3,1,420,4
"R03_F01",3,1,421,3
"R03_F01",3,1,422,1
"R03_F01",3,1,424,4
"R03_F01",3,1,425,3
"R03_F01",3,1,426,4
"R03_F01",3,1,427,4
"R03_F01",3,1,429,3
"R03_F01",3,1,430,2
"R03_F01",3,1,431,4
"R03_F01",3,1,433,1
"R03_F01",3,1,434,2
"R03_F01",3,1,435,4
"R03_F01",3,1,437,4
"R03_F01",3,1,438,4
"R03_F01",3,1,440,4
"R03_F01",3,1,443,1
"R03_F01",3,1,445,4
"R03_F01",3,1,446,2
"R03_F01",3,1,447,1
"R03_F01",3,1,448,4
"R03_F01",3,1,449,4
"R03_F01",3,1,450,2
"R03_F01",3,1,451,2
"R03_F01",3,1,452,2
"R03_F01",3,1,453,2
"R03_F01",3,1,454,2
"R03_F01",3,1,455,4
"R03_F01",3,1,456,3
"R03_F01",3,1,457,2
"R03_F01",3,1,458,1
"R03_F01",3,1,459,4
"R03_F01",3,1,460,4
"R03_F01",3,1,461,3
"R03_F01",3,1,462,2
"R03_F01",3,1,464,3
"R03_F01",3,1,465,1
"R03_F01",3,1,466,1
"R03_F01",3,1,467,2
"R03_F01",3,1,468,3
"R03_F01",3,1,469,4
"R03_F01",3,1,470,1
"R03_F01",3,1,471,3
"R03_F01",3,1,472,1
"R03_F01",3,1,474,2
"R03_F01",3,1,475,1
"R03_F01",3,1,476,1
"R03_F01",3,1,477,2
"R03_F01",3,1,478,4
"R03_F01",3,1,479,2
"R03_F01",3,1,480,3
"R03_F01",3,1,482,2
"R03_F01",3,1,483,4
"R03_F01",3,1,484,2
"R03_F01",3,1,486,1
"R03_F01",3,1,487,3
"R03_F01",3,1,489,4
"R03_F01",3,1,490,1
"R03_F01",3,1,491,2
"R03_F01",3,1,492,1
"R03_F01",3,1,493,4
"R03_F01",3,1,494,1
"R03_F01",3,1,495,1
"R03_F01",3,1,496,2
"R03_F01",3,1,498,1
"R03_F01",3,1,499,3
"R03_F01",3,1,501,2
"R03_F01",3,1,503,2
"R03_F01",3,1,504,4
"R03_F01",3,1,505,3
"R03_F01",3,1,506,1
"R03_F01",3,1,508,2
"R03_F01",3,1,509,1
"R03_F01",3,1,510,4
"R03_F01",3,1,511,1
"R03_F01",3,1,512,4
"R03_F01",3,1,513,1
"R03_F01",3,1,514,3
"R03_F01",3,1,515,4
"R03_F01",3,1,516,1
"R03_F01",3,1,519,1
"R03_F01",3,1,521,1
"R03_F01",3,1,522,3
"R03_F01",3,1,523,3
"R03_F01",3,1,524,1
"R03_F01",3,1,525,3
"R03_F01",3,1,526,1
"R03_F01",3,1,528,4
"R03_F01",3,1,529,1
"R03_F01",3,1,530,4
"R03_F01",3,1,531,2
"R03_F01",3,1,532,4
"R03_F01",3,1,533,1
"R03_F01",3,1,534,2
"R03_F01",3,1,535,2
"R03_F01",3,1,536,2
"R03_F01",3,1,537,2
"R03_F01",3,1,538,1
"R03_F01",3,1,540,4
"R03_F01",3,1,542,4
"R03_F01",3,1,543,3
"R03_F01",3,1,544,3
"R03_F01",3,1,545,2
"R03_F01",3,1,546,4
"R03_F01",3,1,547,4
"R03_F01",3,1,548,2
"R03_F01",3,1,549,2
"R03_F01",3,1,550,2
"R03_F01",3,1,553,2
"R03_F01",3,1,554,3
"R03_F01",3,1,555,3
"R03_F01",3,1,556,3
"R03_F01",3,1,557,3
"R03_F01",3,1,558,4
"R03_F01",3,1,559,4
"R03_F01",3,1,560,2
"R03_F01",3,1,561,4
"R03_F01",3,1,562,2
"R03_F01",3,1,564,1
"R03_F01",3,1,565,4
"R03_F01",3,1,566,4
"R03_F01",3,1,567,3
"R03_F01",3,1,569,4
"R03_F01",3,1,570,1
"R03_F01",3,1,572,1
"R03_F01",3,1,573,3
"R03_F01",3,1,576,2
"R03_F01",3,1,579,1
"R03_F01",3,1,580,2
"R03_F01",3,1,581,4
"R03_F01",3,1,582,4
"R03_F01",3,1,583,2
"R03_F01",3,1,585,4
"R03_F01",3,1,586,2
"R03_F01",3,1,587,4
"R03_F01",3,1,588,2
"R03_F01",3,1,589,1
"R03_F01",3,1,590,1
"R03_F01",3,1,592,1
"R03_F01",3,1,593,1
"R03_F01",3,1,594,3
"R03_F01",3,1,595,2
"R03_F01",3,1,596,3
"R03_F01",3,1,598,4
"R03_F01",3,1,601,1
"R03_F01",3,1,602,2
"R03_F01",3,1,603,4
"R03_F01",3,1,604,2
"R03_F01",3,1,605,4
"R03_F01",3,1,606,2
"R03_F01",3,1,607,1
"R03_F01",3,1,608,1
"R03_F01",3,1,609,2
"R03_F01",3,1,610,1
"R03_F01",3,1,614,2
"R03_F01",3,1,615,4
"R03_F01",3,1,616,2
"R03_F01",3,1,617,3
"R03_F01",3,1,618,2
"R03_F01",3,1,619,2
"R03_F01",3,1,620,1
"R03_F01",3,1,621,3
"R03_F01",3,1,622,2
"R03_F01",3,1,623,1
"R03_F01",3,1,624,1
"R03_F01",3,1,626,3
"R03_F01",3,1,627,4
"R03_F01",3,1,628,2
"R03_F01",3,1,629,4
"R03_F01",3,1,630,4
"R03_F01",3,1,632,2
"R03_F01",3,1,633,3
"R03_F01",3,1,635,3
"R03_F01",3,1,637,4
"R03_F01",3,1,638,3
"R03_F01",3,1,639,2
"R03_F01",3,1,640,3
"R03_F01",3,1,641,1
"R03_F01",3,1,642,3
"R03_F01",3,1,643,2
"R03_F01",3,1,644,3
"R03_F01",3,1,647,4
"R03_F01",3,1,649,3
"R03_F01",3,1,650,1
"R03_F01",3,1,651,4
"R03_F01",3,1,654,1
"R03_F01",3,1,655,2
"R03_F01",3,1,656,4
"R03_F01",3,1,657,3
"R03_F01",3,1,658,4
"R03_F01",3,1,659,3
"R03_F01",3,1,660,4
"R03_F01",3,1,661,4
"R03_F01",3,1,662,1
"R03_F01",3,1,663,1
"R03_F01",3,1,664,1
"R03_F01",3,1,665,4
"R03_F01",3,1,666,1
"R03_F01",3,1,667,4
"R03_F01",3,1,668,4
"R03_F01",3,1,669,4
"R03_F01",3,1,670,1
"R03_F01",3,1,671,3
"R03_F01",3,1,674,2
"R03_F01",3,1,675,2
"R03_F01",3,1,676,2
"R03_F01",3,1,677,3
"R03_F01",3,1,678,1
"R03_F01",3,1,679,4
"R03_F01",3,1,680,1
"R03_F01",3,1,681,1
"R03_F01",3,1,682,3
"R03_F01",3,1,683,1
"R03_F01",3,1,684,2
"R03_F01",3,1,685,3
"R03_F01",3,1,686,3
"R03_F01",3,1,687,4
"R03_F01",3,1,688,1
"R03_F01",3,1,689,3
"R03_F01",3,1,690,3
"R03_F01",3,1,691,4
"R03_F01",3,1,692,1
"R03_F01",3,1,693,1
"R03_F01",3,1,694,4
"R03_F01",3,1,695,2
"R03_F01",3,1,697,3
"R03_F01",3,1,698,3
"R03_F01",3,1,699,3
"R03_F01",3,1,700,1
"R03_F01",3,1,701,3
"R03_F01",3,1,702,3
"R03_F01",3,1,703,1
"R03_F01",3,1,704,3
"R03_F01",3,1,705,3
"R03_F01",3,1,706,3
"R03_F01",3,1,707,1
"R03_F01",3,1,708,1
"R03_F01",3,1,709,1
"R03_F01",3,1,714,3
"R03_F01",3,1,715,3
"R03_F01",3,1,716,2
"R03_F01",3,1,717,3
"R03_F01",3,1,720,2
"R03_F01",3,1,721,1
"R03_F01",3,1,722,4
"R03_F01",3,1,724,1
"R03_F01",3,1,727,2
"R03_F01",3,1,728,2
"R03_F01",3,1,729,1
"R03_F01",3,1,731,2
"R03_F01",3,1,733,4
"R03_F01",3,1,734,3
"R03_F01",3,1,735,1
"R03_F01",3,1,736,3
"R03_F01",3,1,737,2
"R03_F01",3,1,738,1
"R03_F01",3,1,739,1
"R03_F01",3,1,740,1
"R03_F01",3,1,742,1
"R03_F01",3,1,744,3
"R03_F01",3,1,748,2
"R03_F01",3,1,751,3
"R03_F01",3,1,752,3
"R03_F01",3,1,753,2
"R03_F01",3,1,754,2
"R03_F01",3,1,755,2
"R03_F01",3,1,756,1
"R03_F01",3,1,757,4
"R03_F01",3,1,758,2
"R03_F01",3,1,759,3
"R03_F01",3,1,760,2
"R03_F01",3,1,761,4
"R03_F01",3,1,762,4
"R03_F01",3,1,763,3
"R03_F01",3,1,765,4
"R03_F01",3,1,768,3
"R03_F01",3,1,769,3
"R03_F01",3,1,770,2
"R03_F01",3,1,771,2
"R03_F01",3,1,773,1
"R03_F01",3,1,774,3
"R03_F01",3,1,775,1
"R03_F01",3,1,777,4
"R03_F01",3,1,778,1
"R03_F01",3,1,779,2
"R03_F01",3,1,780,3
"R03_F01",3,1,781,2
"R03_F01",3,1,782,1
"R03_F01",3,1,784,4
"R03_F01",3,1,785,2
"R03_F01",3,1,786,3
"R03_F01",3,1,787,3
"R03_F01",3,1,789,1
"R03_F01",3,1,790,1
"R03_F01",3,1,792,2
"R03_F01",3,1,793,1
"R03_F01",3,1,794,3
"R03_F01",3,1,796,1
"R03_F01",3,1,797,4
"R03_F01",3,1,798,4
"R03_F01",3,1,800,2
"R03_F01",3,1,801,1
"R03_F01",3,1,802,2
"R03_F01",3,1,804,1
"R03_F01",3,1,805,1
"R03_F01",3,1,806,3
"R03_F01",3,1,807,4
"R03_F01",3,1,808,3
"R03_F01",3,1,809,1
"R03_F01",3,1,811,2
"R03_F01",3,1,812,4
"R03_F01",3,1,813,1
"R03_F01",3,1,816,4
"R03_F01",3,1,817,4
"R03_F01",3,1,819,1
"R03_F01",3,1,820,2
"R03_F01",3,1,821,3
"R03_F01",3,1,822,3
"R03_F01",3,1,824,3
"R03_F01",3,1,825,1
"R03_F01",3,1,827,4
"R03_F01",3,1,828,3
"R03_F01",3,1,829,3
"R03_F01",3,1,830,3
"R03_F01",3,1,831,1
"R03_F01",3,1,832,1
"R03_F01",3,1,833,4
"R03_F01",3,1,834,2
"R03_F01",3,1,835,4
"R03_F01",3,1,838,1
"R03_F01",3,1,839,3
"R03_F01",3,1,840,4
"R03_F01",3,1,841,1
"R03_F01",3,1,842,2
"R03_F01",3,1,843,3
"R03_F01",3,1,844,2
"R03_F01",3,1,846,2
"R03_F01",3,1,848,2
"R03_F01",3,1,849,3
"R03_F01",3,1,850,4
"R03_F01",3,1,851,3
"R03_F01",3,1,852,1
"R03_F01",3,1,853,4
"R03_F01",3,1,854,1
"R03_F01",3,1,856,4
"R03_F01",3,1,857,1
"R03_F01",3,1,859,1
"R03_F01",3,1,860,3
"R03_F01",3,1,862,3
"R03_F01",3,1,863,4
"R03_F01",3,1,864,3
"R03_F01",3,1,866,2
"R03_F01",3,1,867,4
"R03_F01",3,1,868,4
"R03_F01",3,1,869,1
"R03_F01",3,1,870,1
"R03_F01",3,1,871,4
"R03_F01",3,1,872,4
"R03_F01",3,1,873,1
"R03_F01",3,1,874,2
"R03_F01",3,1,875,1
"R03_F01",3,1,877,4
"R03_F01",3,1,881,4
"R03_F01",3,1,883,1
"R03_F01",3,1,884,4
"R03_F01",3,1,885,3
"R03_F01",3,1,886,4
"R03_F01",3,1,887,3
"R03_F01",3,1,888,1
"R03_F01",3,1,889,1
"R03_F01",3,1,890,2
"R03_F01",3,1,891,4
"R03_F01",3,1,892,3
"R03_F01",3,1,893,4
"R03_F01",3,1,894,1
"R03_F01",3,1,895,1
"R03_F01",3,1,899,3
"R03_F01",3,1,901,3
"R03_F01",3,1,902,4
"R03_F01",3,1,903,4
"R03_F01",3,1,905,3
"R03_F01",3,1,906,3
"R03_F01",3,1,908,2
"R03_F01",3,1,909,3
"R03_F01",3,1,910,2
"R03_F01",3,1,912,1
"R03_F01",3,1,913,1
"R03_F01",3,1,914,2
"R03_F01",3,1,915,3
"R03_F01",3,1,917,4
"R03_F01",3,1,918,4
"R03_F01",3,1,919,2
"R03_F01",3,1,920,1
"R03_F01",3,1,921,3
"R03_F01",3,1,922,1
"R03_F01",3,1,923,3
"R03_F01",3,1,924,4
"R03_F01",3,1,925,1
"R03_F01",3,1,926,4
"R03_F01",3,1,927,2
"R03_F01",3,1,928,1
"R03_F01",3,1,932,4
"R03_F01",3,1,933,3
"R03_F01",3,1,934,4
"R03_F01",3,1,935,2
"R03_F01",3,1,936,4
"R03_F01",3,1,937,3
"R03_F01",3,1,938,3
"R03_F01",3,1,939,3
"R03_F01",3,1,940,1
"R03_F01",3,1,941,4
"R03_F01",3,1,943,3
"R03_F01",3,1,944,4
"R03_F01",3,1,945,3
"R03_F01",3,1,946,3
"R03_F01",3,1,947,1
"R03_F01",3,1,948,1
"R03_F01",3,1,949,2
"R03_F01",3,1,950,3
"R03_F01",3,1,951,4
"R03_F01",3,1,952,4
"R03_F01",3,1,953,1
"R03_F01",3,1,954,1
"R03_F01",3,1,955,1
"R03_F01",3,1,956,1
"R03_F01",3,1,957,1
"R03_F01",3,1,958,3
"R03_F01",3,1,959,1
"R03_F01",3,1,960,2
"R03_F01",3,1,961,4
"R03_F01",3,1,962,1
"R03_F01",3,1,964,1
"R03_F01",3,1,966,4
"R03_F01",3,1,967,2
"R03_F01",3,1,968,2
"R03_F01",3,1,969,2
"R03_F01",3,1,970,3
"R03_F01",3,1,971,4
"R03_F01",3,1,973,4
"R03_F01",3,1,974,2
"R03_F01",3,1,975,1
"R03_F01",3,1,977,2
"R03_F01",3,1,979,2
"R03_F01",3,1,981,1
"R03_F01",3,1,982,1
"R03_F01",3,1,983,2
"R03_F01",3,1,984,2
"R03_F01",3,1,985,2
"R03_F01",3,1,986,4
"R03_F01",3,1,988,1
"R03_F01",3,1,989,2
"R03_F01",3,1,990,2
"R03_F01",3,1,991,4
"R03_F01",3,1,992,2
"R03_F01",3,1,993,2
"R03_F01",3,1,994,3
"R03_F01",3,1,995,2
"R03_F01",3,1,996,2
"R03_F01",3,1,997,1
"R03_F01",3,1,998,4
"R03_F01",3,1,999,3
"R03_F02",3,2,2,4
"R03_F02",3,2,3,3
"R03_F02",3,2,4,4
"R03_F02",3,2,5,1
"R03_F02",3,2,6,4
"R03_F02",3,2,9,4
"R03_F02",3,2,10,4
"R03_F02",3,2,11,3
"R03_F02",3,2,12,3
"R03_F02",3,2,13,1
"R03_F02",3,2,15,2
"R03_F02",3,2,16,4
"R03_F02",3,2,17,4
"R03_F02",3,2,18,2
"R03_F02",3,2,19,1
"R03_F02",3,2,20,3
"R03_F02",3,2,21,3
"R03_F02",3,2,22,3
"R03_F02",3,2,23,3
"R03_F02",3,2,24,1
"R03_F02",3,2,25,3
"R03_F02",3,2,26,4
"R03_F02",3,2,27,4
"R03_F02",3,2,28,3
"R03_F02",3,2,29,2
"R03_F02",3,2,30,2
"R03_F02",3,2,31,2
"R03_F02",3,2,32,4
"R03_F02",3,2,33,1
"R03_F02",3,2,34,2
"R03_F02",3,2,35,1
"R03_F02",3,2,36,2
"R03_F02",3,2,37,4
"R03_F02",3,2,40,3
"R03_F02",3,2,41,2
"R03_F02",3,2,43,4
"R03_F02",3,2,45,2
"R03_F02",3,2,46,2
"R03_F02",3,2,47,2
"R03_F02",3,2,48,2
"R03_F02",3,2,49,4
"R03_F02",3,2,50,1
"R03_F02",3,2,51,2
"R03_F02",3,2,53,3
"R03_F02",3,2,54,4
"R03_F02",3,2,55,2
"R03_F02",3,2,57,3
"R03_F02",3,2,58,3
"R03_F02",3,2,59,4
"R03_F02",3,2,60,3
"R03_F02",3,2,61,1
"R03_F02",3,2,62,3
"R03_F02",3,2,63,2
"R03_F02",3,2,64,4
"R03_F02",3,2,65,4
"R03_F02",3,2,66,2
"R03_F02",3,2,67,4
"R03_F02",3,2,68,2
"R03_F02",3,2,69,3
"R03_F02",3,2,71,2
"R03_F02",3,2,72,3
"R03_F02",3,2,73,1
"R03_F02",3,2,74,4
"R03_F02",3,2,75,3
"R03_F02",3,2,77,4
"R03_F02",3,2,78,3
"R03_F02",3,2,79,3
"R03_F02",3,2,80,4
"R03_F02",3,2,81,1
"R03_F02",3,2,82,4
"R03_F02",3,2,83,4
"R03_F02",3,2,84,4
"R03_F02",3,2,85,2
"R03_F02",3,2,87,1
"R03_F02",3,2,88,1
"R03_F02",3,2,89,1
"R03_F02",3,2,90,2
"R03_F02",3,2,91,4
"R03_F02",3,2,92,1
"R03_F02",3,2,93,2
"R03_F02",3,2,95,3
"R03_F02",3,2,97,4
"R03_F02",3,2,98,2
"R03_F02",3,2,99,1
"R03_F02",3,2,100,1
"R03_F02",3,2,101,2
"R03_F02",3,2,102,2
"R03_F02",3,2,103,3
"R03_F02",3,2,104,3
"R03_F02",3,2,105,1
"R03_F02",3,2,106,4
"R03_F02",3,2,107,4
"R03_F02",3,2,108,3
"R03_F02",3,2,109,1
"R03_F02",3,2,110,3
"R03_F02",3,2,111,1
"R03_F02",3,2,112,1
"R03_F02",3,2,113,3
"R03_F02",3,2,114,3
"R03_F02",3,2,115,4
"R03_F02",3,2,116,1
"R03_F02",3,2,120,2
"R03_F02",3,2,121,3
"R03_F02",3,2,122,4
"R03_F02",3,2,123,1
"R03_F02",3,2,124,4
"R03_F02",3,2,125,4
"R03_F02",3,2,129,2
"R03_F02",3,2,130,1
"R03_F02",3,2,131,2
"R03_F02",3,2,132,2
"R03_F02",3,2,133,3
"R03_F02",3,2,135,1
"R03_F02",3,2,136,4
"R03_F02",3,2,138,2
"R03_F02",3,2,139,1
"R03_F02",3,2,140,3
"R03_F02",3,2,141,3
"R03_F02",3,2,143,3
"R03_F02",3,2,144,3
"R03_F02",3,2,145,3
"R03_F02",3,2,146,2
"R03_F02",3,2,147,3
"R03_F02",3,2,149,2
"R03_F02",3,2,150,2
"R03_F02",3,2,152,3
"R03_F02",3,2,153,1
"R03_F02",3,2,154,3
"R03_F02",3,2,155,1
"R03_F02",3,2,156,3
"R03_F02",3,2,157,2
"R03_F02",3,2,158,2
"R03_F02",3,2,159,4
"R03_F02",3,2,160,1
"R03_F02",3,2,162,3
"R03_F02",3,2,163,2
"R03_F02",3,2,164,3
"R03_F02",3,2,166,4
"R03_F02",3,2,167,2
"R03_F02",3,2,168,3
"R03_F02",3,2,169,2
"R03_F02",3,2,170,4
"R03_F02",3,2,171,1
"R03_F02",3,2,173,4
"R03_F02",3,2,174,3
"R03_F02",3,2,175,2
"R03_F02",3,2,176,4
"R03_F02",3,2,177,4
"R03_F02",3,2,179,2
"R03_F02",3,2,180,3
"R03_F02",3,2,182,3
"R03_F02",3,2,183,2
"R03_F02",3,2,184,4
"R03_F02",3,2,185,1
"R03_F02",3,2,186,4
"R03_F02",3,2,187,3
"R03_F02",3,2,189,4
"R03_F02",3,2,190,4
"R03_F02",3,2,191,2
"R03_F02",3,2,192,2
"R03_F02",3,2,193,4
"R03_F02",3,2,194,2
"R03_F02",3,2,196,2
"R03_F02",3,2,197,3
"R03_F02",3,2,199,1
"R03_F02",3,2,200,1
"R03_F02",3,2,201,2
"R03_F02",3,2,202,4
"R03_F02",3,2,203,1
"R03_F02",3,2,204,2
"R03_F02",3,2,205,1
"R03_F02",3,2,206,3
"R03_F02",3,2,207,2
"R03_F02",3,2,208,4
"R03_F02",3,2,209,1
"R03_F02",3,2,210,3
"R03_F02",3,2,211,2
"R03_F02",3,2,212,4
"R03_F02",3,2,214,1
"R03_F02",3,2,215,4
"R03_F02",3,2,216,4
"R03_F02",3,2,217,2
"R03_F02",3,2,218,4
"R03_F02",3,2,219,2
"R03_F02",3,2,220,3
"R03_F02",3,2,222,3
"R03_F02",3,2,223,2
"R03_F02",3,2,224,4
"R03_F02",3,2,225,3
"R03_F02",3,2,226,3
"R03_F02",3,2,227,2
"R03_F02",3,2,228,2
"R03_F02",3,2,229,1
"R03_F02",3,2,230,3
"R03_F02",3,2,231,3
"R03_F02",3,2,233,2
"R03_F02",3,2,234,2
"R03_F02",3,2,236,2
"R03_F02",3,2,237,3
"R03_F02",3,2,238,4
"R03_F02",3,2,239,3
"R03_F02",3,2,240,2
"R03_F02",3,2,241,3
"R03_F02",3,2,242,3
"R03_F02",3,2,243,4
"R03_F02",3,2,244,4
"R03_F02",3,2,246,3
"R03_F02",3,2,247,2
"R03_F02",3,2,248,2
"R03_F02",3,2,251,2
"R03_F02",3,2,252,3
"R03_F02",3,2,253,3
"R03_F02",3,2,254,3
"R03_F02",3,2,255,2
"R03_F02",3,2,256,2
"R03_F02",3,2,257,1
"R03_F02",3,2,258,1
"R03_F02",3,2,260,2
"R03_F02",3,2,263,4
"R03_F02",3,2,264,1
"R03_F02",3,2,266,3
"R03_F02",3,2,268,1
"R03_F02",3,2,269,3
"R03_F02",3,2,270,1
"R03_F02",3,2,271,2
"R03_F02",3,2,272,1
"R03_F02",3,2,273,1
"R03_F02",3,2,274,1
"R03_F02",3,2,276,1
"R03_F02",3,2,277,1
"R03_F02",3,2,278,3
"R03_F02",3,2,279,3
"R03_F02",3,2,282,1
"R03_F02",3,2,283,2
"R03_F02",3,2,284,1
"R03_F02",3,2,285,3
"R03_F02",3,2,286,4
"R03_F02",3,2,287,2
"R03_F02",3,2,289,4
"R03_F02",3,2,291,4
"R03_F02",3,2,292,4
"R03_F02",3,2,293,3
"R03_F02",3,2,295,3
"R03_F02",3,2,296,4
"R03_F02",3,2,297,1
"R03_F02",3,2,301,2
"R03_F02",3,2,302,2
"R03_F02",3,2,303,1
"R03_F02",3,2,304,2
"R03_F02",3,2,306,2
"R03_F02",3,2,307,3
"R03_F02",3,2,310,3
"R03_F02",3,2,311,1
"R03_F02",3,2,313,4
"R03_F02",3,2,314,3
"R03_F02",3,2,315,4
"R03_F02",3,2,317,4
"R03_F02",3,2,318,4
"R03_F02",3,2,319,1
"R03_F02",3,2,321,1
"R03_F02",3,2,322,1
"R03_F02",3,2,323,1
"R03_F02",3,2,325,2
"R03_F02",3,2,326,4
"R03_F02",3,2,328,1
"R03_F02",3,2,329,4
"R03_F02",3,2,330,2
"R03_F02",3,2,331,2
"R03_F02",3,2,332,2
"R03_F02",3,2,333,1
"R03_F02",3,2,334,3
"R03_F02",3,2,335,1
"R03_F02",3,2,336,2
"R03_F02",3,2,338,3
"R03_F02",3,2,339,1
"R03_F02",3,2,341,3
"R03_F02",3,2,345,1
"R03_F02",3,2,349,4
"R03_F02",3,2,350,2
"R03_F02",3,2,351,3
"R03_F02",3,2,353,3
"R03_F02",3,2,354,3
"R03_F02",3,2,356,4
"R03_F02",3,2,357,1
"R03_F02",3,2,358,2
"R03_F02",3,2,359,3
"R03_F02",3,2,360,1
"R03_F02",3,2,365,4
"R03_F02",3,2,366,4
"R03_F02",3,2,367,2
"R03_F02",3,2,368,4
"R03_F02",3,2,369,3
"R03_F02",3,2,371,4
"R03_F02",3,2,372,4
"R03_F02",3,2,373,2
"R03_F02",3,2,375,1
"R03_F02",3,2,376,3
"R03_F02",3,2,377,1
"R03_F02",3,2,378,3
"R03_F02",3,2,379,2
"R03_F02",3,2,380,3
"R03_F02",3,2,383,1
"R03_F02",3,2,385,1
"R03_F02",3,2,386,1
"R03_F02",3,2,387,3
"R03_F02",3,2,388,3
"R03_F02",3,2,390,3
"R03_F02",3,2,392,4
"R03_F02",3,2,393,1
"R03_F02",3,2,394,3
"R03_F02",3,2,396,1
"R03_F02",3,2,398,3
"R03_F02",3,2,399,4
"R03_F02",3,2,400,2
"R03_F02",3,2,401,1
"R03_F02",3,2,402,3
"R03_F02",3,2,403,4
"R03_F02",3,2,404,1
"R03_F02",3,2,405,2
"R03_F02",3,2,406,2
"R03_F02",3,2,407,1
"R03_F02",3,2,408,2
"R03_F02",3,2,409,3
"R03_F02",3,2,410,4
"R03_F02",3,2,411,2
"R03_F02",3,2,412,4
"R03_F02",3,2,413,1
"R03_F02",3,2,414,1
"R03_F02",3,2,415,4
"R03_F02",3,2,416,3
"R03_F02",3,2,417,3
"R03_F02",3,2,418,3
"R03_F02",3,2,423,1
"R03_F02",3,2,426,2
"R03_F02",3,2,427,2
"R03_F02",3,2,428,2
"R03_F02",3,2,430,3
"R03_F02",3,2,431,1
"R03_F02",3,2,432,3
"R03_F02",3,2,433,2
"R03_F02",3,2,434,3
"R03_F02",3,2,435,2
"R03_F02",3,2,436,3
"R03_F02",3,2,439,3
"R03_F02",3,2,441,3
"R03_F02",3,2,442,4
"R03_F02",3,2,444,2
"R03_F02",3,2,445,3
"R03_F02",3,2,446,1
"R03_F02",3,2,447,4
"R03_F02",3,2,448,3
"R03_F02",3,2,451,3
"R03_F02",3,2,452,1
"R03_F02",3,2,453,2
"R03_F02",3,2,454,1
"R03_F02",3,2,456,3
"R03_F02",3,2,457,4
"R03_F02",3,2,458,4
"R03_F02",3,2,460,3
"R03_F02",3,2,461,3
"R03_F02",3,2,462,2
"R03_F02",3,2,463,2
"R03_F02",3,2,464,3
"R03_F02",3,2,465,2
"R03_F02",3,2,468,3
"R03_F02",3,2,469,3
"R03_F02",3,2,471,1
"R03_F02",3,2,473,1
"R03_F02",3,2,474,1
"R03_F02",3,2,475,2
"R03_F02",3,2,477,2
"R03_F02",3,2,478,4
"R03_F02",3,2,479,1
"R03_F02",3,2,480,4
"R03_F02",3,2,481,4
"R03_F02",3,2,482,2
"R03_F02",3,2,483,4
"R03_F02",3,2,484,1
"R03_F02",3,2,485,3
"R03_F02",3,2,488,2
"R03_F02",3,2,489,1
"R03_F02",3,2,490,4
"R03_F02",3,2,492,2
"R03_F02",3,2,493,2
"R03_F02",3,2,496,4
"R03_F02",3,2,497,1
"R03_F02",3,2,498,1
"R03_F02",3,2,500,1
"R03_F02",3,2,501,3
"R03_F02",3,2,502,4
"R03_F02",3,2,503,2
"R03_F02",3,2,504,2
"R03_F02",3,2,505,2
"R03_F02",3,2,506,1
"R03_F02",3,2,507,2
"R03_F02",3,2,508,4
"R03_F02",3,2,509,3
"R03_F02",3,2,510,4
"R03_F02",3,2,512,2
"R03_F02",3,2,513,3
"R03_F02",3,2,514,4
"R03_F02",3,2,515,1
"R03_F02",3,2,517,3
"R03_F02",3,2,518,1
"R03_F02",3,2,520,1
"R03_F02",3,2,521,4
"R03_F02",3,2,522,3
"R03_F02",3,2,523,1
"R03_F02",3,2,524,4
"R03_F02",3,2,526,1
"R03_F02",3,2,527,1
"R03_F02",3,2,528,2
"R03_F02",3,2,530,3
"R03_F02",3,2,532,1
"R03_F02",3,2,533,4
"R03_F02",3,2,534,3
"R03_F02",3,2,535,4
"R03_F02",3,2,536,2
"R03_F02",3,2,537,4
"R03_F02",3,2,538,3
"R03_F02",3,2,539,2
"R03_F02",3,2,540,4
"R03_F02",3,2,541,3
"R03_F02",3,2,542,2
"R03_F02",3,2,543,1
"R03_F02",3,2,544,3
"R03_F02",3,2,546,3
"R03_F02",3,2,547,4
"R03_F02",3,2,549,2
"R03_F02",3,2,550,4
"R03_F02",3,2,551,1
"R03_F02",3,2,552,1
"R03_F02",3,2,553,2
"R03_F02",3,2,554,2
"R03_F02",3,2,555,2
"R03_F02",3,2,556,3
"R03_F02",3,2,557,4
"R03_F02",3,2,558,1
"R03_F02",3,2,560,4
"R03_F02",3,2,561,4
"R03_F02",3,2,562,4
"R03_F02",3,2,563,4
"R03_F02",3,2,567,1
"R03_F02",3,2,568,4
"R03_F02",3,2,569,4
"R03_F02",3,2,570,1
"R03_F02",3,2,571,1
"R03_F02",3,2,572,1
"R03_F02",3,2,573,4
"R03_F02",3,2,574,4
"R03_F02",3,2,575,4
"R03_F02",3,2,576,3
"R03_F02",3,2,577,3
"R03_F02",3,2,578,1
"R03_F02",3,2,580,2
"R03_F02",3,2,581,1
"R03_F02",3,2,582,3
"R03_F02",3,2,584,2
"R03_F02",3,2,585,2
"R03_F02",3,2,586,1
"R03_F02",3,2,587,4
"R03_F02",3,2,589,4
"R03_F02",3,2,590,3
"R03_F02",3,2,591,2
"R03_F02",3,2,592,3
"R03_F02",3,2,596,1
"R03_F02",3,2,597,4
"R03_F02",3,2,598,1
"R03_F02",3,2,599,3
"R03_F02",3,2,600,3
"R03_F02",3,2,604,3
"R03_F02",3,2,605,2
"R03_F02",3,2,606,4
"R03_F02",3,2,607,4
"R03_F02",3,2,608,1
"R03_F02",3,2,609,4
"R03_F02",3,2,610,4
"R03_F02",3,2,611,3
"R03_F02",3,2,612,4
"R03_F02",3,2,613,3
"R03_F02",3,2,614,1
"R03_F02",3,2,615,1
"R03_F02",3,2,616,4
"R03_F02",3,2,618,3
"R03_F02",3,2,619,2
"R03_F02",3,2,620,3
"R03_F02",3,2,622,2
"R03_F02",3,2,623,2
"R03_F02",3,2,624,2
"R03_F02",3,2,625,1
"R03_F02",3,2,626,2
"R03_F02",3,2,628,4
"R03_F02",3,2,629,3
"R03_F02",3,2,631,2
"R03_F02",3,2,633,1
"R03_F02",3,2,634,4
"R03_F02",3,2,635,4
"R03_F02",3,2,636,3
"R03_F02",3,2,637,2
"R03_F02",3,2,638,4
"R03_F02",3,2,639,4
"R03_F02",3,2,640,4
"R03_F02",3,2,641,1
"R03_F02",3,2,642,3
"R03_F02",3,2,643,1
"R03_F02",3,2,644,4
"R03_F02",3,2,645,3
"R03_F02",3,2,646,3
"R03_F02",3,2,647,4
"R03_F02",3,2,648,3
"R03_F02",3,2,650,2
"R03_F02",3,2,652,4
"R03_F02",3,2,653,4
"R03_F02",3,2,655,3
"R03_F02",3,2,657,4
"R03_F02",3,2,658,4
"R03_F02",3,2,660,1
"R03_F02",3,2,661,2
"R03_F02",3,2,662,2
"R03_F02",3,2,663,2
"R03_F02",3,2,664,4
"R03_F02",3,2,665,1
"R03_F02",3,2,666,4
"R03_F02",3,2,667,4
"R03_F02",3,2,668,3
"R03_F02",3,2,669,1
"R03_F02",3,2,670,2
"R03_F02",3,2,671,1
"R03_F02",3,2,672,1
"R03_F02",3,2,673,3
"R03_F02",3,2,674,1
"R03_F02",3,2,675,3
"R03_F02",3,2,676,4
"R03_F02",3,2,677,1
"R03_F02",3,2,678,2
"R03_F02",3,2,679,4
"R03_F02",3,2,680,1
"R03_F02",3,2,681,2
"R03_F02",3,2,683,2
"R03_F02",3,2,684,4
"R03_F02",3,2,685,4
"R03_F02",3,2,686,2
"R03_F02",3,2,687,2
"R03_F02",3,2,689,1
"R03_F02",3,2,690,4
"R03_F02",3,2,692,2
"R03_F02",3,2,693,1
"R03_F02",3,2,695,3
"R03_F02",3,2,696,2
"R03_F02",3,2,697,1
"R03_F02",3,2,698,1
"R03_F02",3,2,699,4
"R03_F02",3,2,701,4
"R03_F02",3,2,702,2
"R03_F02",3,2,703,2
"R03_F02",3,2,704,2
"R03_F02",3,2,705,1
"R03_F02",3,2,707,2
"R03_F02",3,2,708,3
"R03_F02",3,2,709,3
"R03_F02",3,2,710,2
"R03_F02",3,2,711,4
"R03_F02",3,2,712,2
"R03_F02",3,2,713,4
"R03_F02",3,2,714,3
"R03_F02",3,2,716,3
"R03_F02",3,2,717,4
"R03_F02",3,2,718,1
"R03_F02",3,2,719,3
"R03_F02",3,2,720,1
"R03_F02",3,2,721,3
"R03_F02",3,2,723,4
"R03_F02",3,2,724,3
"R03_F02",3,2,725,3
"R03_F02",3,2,726,3
"R03_F02",3,2,727,3
"R03_F02",3,2,728,1
"R03_F02",3,2,730,1
"R03_F02",3,2,732,2
"R03_F02",3,2,733,2
"R03_F02",3,2,734,4
"R03_F02",3,2,735,3
"R03_F02",3,2,737,2
"R03_F02",3,2,738,4
"R03_F02",3,2,740,1
"R03_F02",3,2,741,4
"R03_F02",3,2,742,4
"R03_F02",3,2,743,2
"R03_F02",3,2,745,1
"R03_F02",3,2,746,3
"R03_F02",3,2,747,2
"R03_F02",3,2,749,1
"R03_F02",3,2,750,2
"R03_F02",3,2,752,4
"R03_F02",3,2,754,1
"R03_F02",3,2,755,4
"R03_F02",3,2,757,3
"R03_F02",3,2,759,1
"R03_F02",3,2,760,4
"R03_F02",3,2,761,3
"R03_F02",3,2,762,1
"R03_F02",3,2,763,2
"R03_F02",3,2,764,2
"R03_F02",3,2,765,4
"R03_F02",3,2,766,1
"R03_F02",3,2,767,1
"R03_F02",3,2,768,4
"R03_F02",3,2,770,4
"R03_F02",3,2,771,3
"R03_F02",3,2,772,1
"R03_F02",3,2,773,1
"R03_F02",3,2,774,2
"R03_F02",3,2,775,4
"R03_F02",3,2,776,2
"R03_F02",3,2,779,1
"R03_F02",3,2,780,4
"R03_F02",3,2,782,1
"R03_F02",3,2,783,2
"R03_F02",3,2,785,1
"R03_F02",3,2,787,4
"R03_F02",3,2,788,4
"R03_F02",3,2,789,4
"R03_F02",3,2,790,1
"R03_F02",3,2,791,3
"R03_F02",3,2,792,1
"R03_F02",3,2,794,3
"R03_F02",3,2,795,3
"R03_F02",3,2,796,1
"R03_F02",3,2,797,4
"R03_F02",3,2,798,3
"R03_F02",3,2,799,2
"R03_F02",3,2,800,4
"R03_F02",3,2,802,2
"R03_F02",3,2,803,3
"R03_F02",3,2,804,2
"R03_F02",3,2,805,1
"R03_F02",3,2,806,2
"R03_F02",3,2,807,3
"R03_F02",3,2,810,4
"R03_F02",3,2,811,3
"R03_F02",3,2,812,1
"R03_F02",3,2,814,1
"R03_F02",3,2,815,3
"R03_F02",3,2,818,3
"R03_F02",3,2,819,3
"R03_F02",3,2,820,2
"R03_F02",3,2,821,1
"R03_F02",3,2,822,1
"R03_F02",3,2,823,2
"R03_F02",3,2,824,2
"R03_F02",3,2,825,2
"R03_F02",3,2,826,1
"R03_F02",3,2,827,3
"R03_F02",3,2,829,4
"R03_F02",3,2,830,1
"R03_F02",3,2,831,4
"R03_F02",3,2,832,1
"R03_F02",3,2,834,4
"R03_F02",3,2,835,3
"R03_F02",3,2,836,3
"R03_F02",3,2,837,2
"R03_F02",3,2,838,2
"R03_F02",3,2,840,3
"R03_F02",3,2,841,1
"R03_F02",3,2,842,4
"R03_F02",3,2,844,1
"R03_F02",3,2,845,1
"R03_F02",3,2,846,1
"R03_F02",3,2,847,1
"R03_F02",3,2,848,1
"R03_F02",3,2,849,2
"R03_F02",3,2,850,4
"R03_F02",3,2,851,1
"R03_F02",3,2,852,2
"R03_F02",3,2,853,4
"R03_F02",3,2,854,4
"R03_F02",3,2,855,1
"R03_F02",3,2,857,3
"R03_F02",3,2,858,3
"R03_F02",3,2,859,4
"R03_F02",3,2,860,1
"R03_F02",3,2,861,2
"R03_F02",3,2,862,2
"R03_F02",3,2,863,1
"R03_F02",3,2,864,4
"R03_F02",3,2,865,4
"R03_F02",3,2,867,2
"R03_F02",3,2,868,1
"R03_F02",3,2,869,3
"R03_F02",3,2,870,2
"R03_F02",3,2,871,1
"R03_F02",3,2,872,3
"R03_F02",3,2,873,2
"R03_F02",3,2,876,3
"R03_F02",3,2,878,1
"R03_F02",3,2,879,2
"R03_F02",3,2,880,2
"R03_F02",3,2,881,4
"R03_F02",3,2,882,2
"R03_F02",3,2,883,4
"R03_F02",3,2,884,1
"R03_F02",3,2,885,1
"R03_F02",3,2,886,3
"R03_F02",3,2,887,2
"R03_F02",3,2,888,4
"R03_F02",3,2,889,4
"R03_F02",3,2,891,1
"R03_F02",3,2,892,4
"R03_F02",3,2,894,2
"R03_F02",3,2,895,4
"R03_F02",3,2,896,2
"R03_F02",3,2,897,4
"R03_F02",3,2,898,4
"R03_F02",3,2,899,4
"R03_F02",3,2,900,3
"R03_F02",3,2,902,4
"R03_F02",3,2,903,1
"R03_F02",3,2,904,4
"R03_F02",3,2,905,2
"R03_F02",3,2,907,1
"R03_F02",3,2,908,3
"R03_F02",3,2,909,2
"R03_F02",3,2,910,3
"R03_F02",3,2,911,4
"R03_F02",3,2,912,3
"R03_F02",3,2,913,1
"R03_F02",3,2,914,4
"R03_F02",3,2,915,1
"R03_F02",3,2,916,2
"R03_F02",3,2,918,1
"R03_F02",3,2,919,3
"R03_F02",3,2,920,2
"R03_F02",3,2,921,1
"R03_F02",3,2,923,3
"R03_F02",3,2,924,1
"R03_F02",3,2,925,1
"R03_F02",3,2,926,3
"R03_F02",3,2,927,4
"R03_F02",3,2,928,1
"R03_F02",3,2,929,1
"R03_F02",3,2,930,2
"R03_F02",3,2,931,1
"R03_F02",3,2,933,4
"R03_F02",3,2,934,1
"R03_F02",3,2,935,2
"R03_F02",3,2,936,2
"R03_F02",3,2,937,2
"R03_F02",3,2,938,4
"R03_F02",3,2,939,1
"R03_F02",3,2,941,4
"R03_F02",3,2,942,1
"R03_F02",3,2,943,4
"R03_F02",3,2,944,3
"R03_F02",3,2,945,3
"R03_F02",3,2,946,4
"R03_F02",3,2,947,1
"R03_F02",3,2,949,4
"R03_F02",3,2,950,2
"R03_F02",3,2,951,1
"R03_F02",3,2,952,3
"R03_F02",3,2,953,2
"R03_F02",3,2,954,3
"R03_F02",3,2,955,1
"R03_F02",3,2,956,4
"R03_F02",3,2,957,2
"R03_F02",3,2,958,2
"R03_F02",3,2,959,2
"R03_F02",3,2,961,4
"R03_F02",3,2,963,4
"R03_F02",3,2,964,4
"R03_F02",3,2,965,2
"R03_F02",3,2,966,3
"R03_F02",3,2,968,1
"R03_F02",3,2,969,2
"R03_F02",3,2,970,3
"R03_F02",3,2,971,1
"R03_F02",3,2,972,1
"R03_F02",3,2,974,3
"R03_F02",3,2,975,1
"R03_F02",3,2,976,2
"R03_F02",3,2,977,2
"R03_F02",3,2,978,4
"R03_F02",3,2,979,2
"R03_F02",3,2,980,4
"R03_F02",3,2,981,3
"R03_F02",3,2,983,3
"R03_F02",3,2,984,1
"R03_F02",3,2,985,2
"R03_F02",3,2,986,3
"R03_F02",3,2,987,3
"R03_F02",3,2,988,1
"R03_F02",3,2,989,2
"R03_F02",3,2,991,1
"R03_F02",3,2,993,1
"R03_F02",3,2,994,3
"R03_F02",3,2,995,3
"R03_F02",3,2,997,1
"R03_F02",3,2,998,2
"R03_F02",3,2,999,3
"R03_F02",3,2,1000,2
"R03_F03",3,3,1,3
"R03_F03",3,3,2,2
"R03_F03",3,3,3,3
"R03_F03",3,3,4,2
"R03_F03",3,3,6,3
"R03_F03",3,3,7,3
"R03_F03",3,3,8,1
"R03_F03",3,3,9,3
"R03_F03",3,3,11,1
"R03_F03",3,3,12,4
"R03_F03",3,3,13,3
"R03_F03",3,3,14,4
"R03_F03",3,3,15,2
"R03_F03",3,3,18,1
"R03_F03",3,3,19,4
"R03_F03",3,3,20,1
"R03_F03",3,3,21,3
"R03_F03",3,3,22,4
"R03_F03",3,3,27,1
"R03_F03",3,3,28,2
"R03_F03",3,3,29,4
"R03_F03",3,3,30,1
"R03_F03",3,3,31,4
"R03_F03",3,3,33,2
"R03_F03",3,3,34,4
"R03_F03",3,3,35,1
"R03_F03",3,3,36,2
"R03_F03",3,3,37,3
"R03_F03",3,3,38,2
"R03_F03",3,3,39,3
"R03_F03",3,3,42,1
"R03_F03",3,3,44,3
"R03_F03",3,3,46,1
"R03_F03",3,3,47,4
"R03_F03",3,3,49,2
"R03_F03",3,3,50,4
"R03_F03",3,3,51,4
"R03_F03",3,3,52,3
"R03_F03",3,3,53,3
"R03_F03",3,3,54,1
"R03_F03",3,3,56,2
"R03_F03",3,3,60,4
"R03_F03",3,3,61,3
"R03_F03",3,3,62,4
"R03_F03",3,3,63,4
"R03_F03",3,3,66,2
"R03_F03",3,3,67,1
"R03_F03",3,3,68,4
"R03_F03",3,3,69,3
"R03_F03",3,3,70,3
"R03_F03",3,3,71,1
"R03_F03",3,3,72,2
"R03_F03",3,3,74,3
"R03_F03",3,3,75,1
"R03_F03",3,3,76,3
"R03_F03",3,3,78,2
"R03_F03",3,3,79,3
"R03_F03",3,3,81,1
"R03_F03",3,3,82,2
"R03_F03",3,3,84,4
"R03_F03",3,3,85,3
"R03_F03",3,3,86,2
"R03_F03",3,3,87,2
"R03_F03",3,3,89,2
"R03_F03",3,3,90,2
"R03_F03",3,3,91,2
"R03_F03",3,3,92,3
"R03_F03",3,3,93,4
"R03_F03",3,3,94,3
"R03_F03",3,3,95,3
"R03_F03",3,3,96,3
"R03_F03",3,3,97,1
"R03_F03",3,3,98,1
"R03_F03",3,3,102,4
"R03_F03",3,3,103,1
"R03_F03",3,3,104,4
"R03_F03",3,3,105,3
"R03_F03",3,3,111,4
"R03_F03",3,3,112,3
"R03_F03",3,3,113,1
"R03_F03",3,3,114,1
"R03_F03",3,3,115,4
"R03_F03",3,3,117,1
"R03_F03",3,3,118,2
"R03_F03",3,3,119,3
"R03_F03",3,3,122,2
"R03_F03",3,3,125,1
"R03_F03",3,3,126,4
"R03_F03",3,3,127,4
"R03_F03",3,3,128,4
"R03_F03",3,3,129,2
"R03_F03",3,3,131,4
"R03_F03",3,3,133,3
"R03_F03",3,3,134,1
"R03_F03",3,3,135,3
"R03_F03",3,3,137,3
"R03_F03",3,3,138,3
"R03_F03",3,3,139,4
"R03_F03",3,3,140,3
"R03_F03",3,3,141,2
"R03_F03",3,3,142,3
"R03_F03",3,3,143,2
"R03_F03",3,3,145,2
"R03_F03",3,3,146,2
"R03_F03",3,3,147,2
"R03_F03",3,3,148,3
"R03_F03",3,3,149,3
"R03_F03",3,3,150,1
"R03_F03",3,3,151,1
"R03_F03",3,3,152,3
"R03_F03",3,3,153,2
"R03_F03",3,3,154,4
"R03_F03",3,3,155,2
"R03_F03",3,3,156,2
"R03_F03",3,3,158,2
"R03_F03",3,3,159,4
"R03_F03",3,3,160,2
"R03_F03",3,3,161,2
"R03_F03",3,3,162,3
"R03_F03",3,3,163,4
"R03_F03",3,3,164,3
"R03_F03",3,3,165,4
"R03_F03",3,3,166,4
"R03_F03",3,3,167,3
"R03_F03",3,3,169,2
"R03_F03",3,3,170,4
"R03_F03",3,3,171,3
"R03_F03",3,3,172,4
"R03_F03",3,3,173,3
"R03_F03",3,3,174,1
"R03_F03",3,3,175,3
"R03_F03",3,3,176,3
"R03_F03",3,3,177,1
"R03_F03",3,3,178,2
"R03_F03",3,3,179,3
"R03_F03",3,3,181,3
"R03_F03",3,3,182,3
"R03_F03",3,3,183,2
"R03_F03",3,3,184,3
"R03_F03",3,3,186,2
"R03_F03",3,3,187,3
"R03_F03",3,3,188,4
"R03_F03",3,3,189,2
"R03_F03",3,3,191,2
"R03_F03",3,3,192,2
"R03_F03",3,3,193,2
"R03_F03",3,3,194,3
"R03_F03",3,3,195,4
"R03_F03",3,3,198,2
"R03_F03",3,3,199,2
"R03_F03",3,3,200,1
"R03_F03",3,3,201,2
"R03_F03",3,3,202,2
"R03_F03",3,3,203,1
"R03_F03",3,3,204,2
"R03_F03",3,3,205,3
"R03_F03",3,3,206,2
"R03_F03",3,3,207,1
"R03_F03",3,3,208,3
"R03_F03",3,3,209,1
"R03_F03",3,3,210,4
"R03_F03",3,3,211,2
"R03_F03",3,3,212,3
"R03_F03",3,3,213,2
"R03_F03",3,3,214,1
"R03_F03",3,3,215,1
"R03_F03",3,3,216,1
"R03_F03",3,3,218,3
"R03_F03",3,3,219,2
"R03_F03",3,3,220,2
"R03_F03",3,3,221,1
"R03_F03",3,3,222,4
"R03_F03",3,3,224,4
"R03_F03",3,3,225,1
"R03_F03",3,3,227,1
"R03_F03",3,3,229,1
"R03_F03",3,3,231,1
"R03_F03",3,3,232,4
"R03_F03",3,3,234,3
"R03_F03",3,3,235,1
"R03_F03",3,3,236,1
"R03_F03",3,3,237,3
"R03_F03",3,3,238,3
"R03_F03",3,3,240,3
"R03_F03",3,3,241,3
"R03_F03",3,3,242,3
"R03_F03",3,3,243,1
"R03_F03",3,3,244,2
"R03_F03",3,3,245,1
"R03_F03",3,3,246,4
"R03_F03",3,3,248,1
"R03_F03",3,3,249,3
"R03_F03",3,3,250,3
"R03_F03",3,3,252,3
"R03_F03",3,3,253,3
"R03_F03",3,3,254,1
"R03_F03",3,3,256,4
"R03_F03",3,3,257,1
"R03_F03",3,3,258,2
"R03_F03",3,3,259,4
"R03_F03",3,3,260,3
"R03_F03",3,3,261,3
"R03_F03",3,3,262,4
"R03_F03",3,3,263,1
"R03_F03",3,3,264,3
"R03_F03",3,3,265,2
"R03_F03",3,3,266,3
"R03_F03",3,3,267,1
"R03_F03",3,3,268,2
"R03_F03",3,3,269,4
"R03_F03",3,3,272,2
"R03_F03",3,3,273,3
"R03_F03",3,3,275,4
"R03_F03",3,3,276,2
"R03_F03",3,3,277,1
"R03_F03",3,3,279,4
"R03_F03",3,3,280,4
"R03_F03",3,3,281,3
"R03_F03",3,3,282,3
"R03_F03",3,3,283,3
"R03_F03",3,3,284,3
"R03_F03",3,3,285,2
"R03_F03",3,3,287,1
"R03_F03",3,3,288,3
"R03_F03",3,3,289,4
"R03_F03",3,3,290,1
"R03_F03",3,3,291,2
"R03_F03",3,3,292,3
"R03_F03",3,3,294,4
"R03_F03",3,3,298,2
"R03_F03",3,3,299,2
"R03_F03",3,3,300,1
"R03_F03",3,3,301,4
"R03_F03",3,3,302,2
"R03_F03",3,3,303,2
"R03_F03",3,3,304,1
"R03_F03",3,3,305,2
"R03_F03",3,3,306,1
"R03_F03",3,3,307,4
"R03_F03",3,3,308,1
"R03_F03",3,3,309,3
"R03_F03",3,3,310,2
"R03_F03",3,3,312,2
"R03_F03",3,3,313,1
"R03_F03",3,3,314,1
"R03_F03",3,3,315,2
"R03_F03",3,3,316,4
"R03_F03",3,3,317,2
"R03_F03",3,3,318,2
"R03_F03",3,3,319,1
"R03_F03",3,3,320,4
"R03_F03",3,3,321,2
"R03_F03",3,3,322,4
"R03_F03",3,3,324,4
"R03_F03",3,3,325,2
"R03_F03",3,3,326,2
"R03_F03",3,3,327,2
"R03_F03",3,3,333,3
"R03_F03",3,3,335,2
"R03_F03",3,3,336,4
"R03_F03",3,3,337,4
"R03_F03",3,3,338,2
"R03_F03",3,3,339,4
"R03_F03",3,3,340,3
"R03_F03",3,3,341,2
"R03_F03",3,3,342,4
"R03_F03",3,3,343,4
"R03_F03",3,3,344,1
"R03_F03",3,3,345,4
"R03_F03",3,3,346,1
"R03_F03",3,3,347,4
"R03_F03",3,3,348,1
"R03_F03",3,3,349,2
"R03_F03",3,3,350,4
"R03_F03",3,3,351,1
"R03_F03",3,3,352,1
"R03_F03",3,3,353,4
"R03_F03",3,3,354,2
"R03_F03",3,3,355,4
"R03_F03",3,3,357,2
"R03_F03",3,3,359,2
"R03_F03",3,3,360,2
"R03_F03",3,3,361,3
"R03_F03",3,3,362,2
"R03_F03",3,3,363,4
"R03_F03",3,3,364,2
"R03_F03",3,3,365,1
"R03_F03",3,3,366,3
"R03_F03",3,3,369,3
"R03_F03",3,3,370,3
"R03_F03",3,3,371,2
"R03_F03",3,3,372,2
"R03_F03",3,3,373,2
"R03_F03",3,3,374,4
"R03_F03",3,3,375,2
"R03_F03",3,3,376,4
"R03_F03",3,3,379,4
"R03_F03",3,3,381,3
"R03_F03",3,3,382,2
"R03_F03",3,3,384,2
"R03_F03",3,3,385,4
"R03_F03",3,3,387,4
"R03_F03",3,3,389,1
"R03_F03",3,3,391,1
"R03_F03",3,3,392,1
"R03_F03",3,3,393,2
"R03_F03",3,3,395,2
"R03_F03",3,3,397,3
"R03_F03",3,3,398,3
"R03_F03",3,3,399,4
"R03_F03",3,3,400,1
"R03_F03",3,3,402,1
"R03_F03",3,3,404,3
"R03_F03",3,3,406,2
"R03_F03",3,3,407,3
"R03_F03",3,3,410,3
"R03_F03",3,3,412,3
"R03_F03",3,3,413,2
"R03_F03",3,3,414,1
"R03_F03",3,3,415,4
"R03_F03",3,3,416,2
"R03_F03",3,3,417,4
"R03_F03",3,3,418,4
"R03_F03",3,3,419,1
"R03_F03",3,3,420,4
"R03_F03",3,3,421,1
"R03_F03",3,3,422,4
"R03_F03",3,3,423,2
"R03_F03",3,3,424,3
"R03_F03",3,3,425,1
"R03_F03",3,3,428,4
"R03_F03",3,3,429,1
"R03_F03",3,3,430,4
"R03_F03",3,3,431,4
"R03_F03",3,3,432,3
"R03_F03",3,3,433,1
"R03_F03",3,3,434,1
"R03_F03",3,3,435,2
"R03_F03",3,3,436,4
"R03_F03",3,3,437,3
"R03_F03",3,3,438,1
"R03_F03",3,3,439,4
"R03_F03",3,3,440,1
"R03_F03",3,3,441,2
"R03_F03",3,3,442,3
"R03_F03",3,3,443,2
"R03_F03",3,3,444,3
"R03_F03",3,3,445,4
"R03_F03",3,3,446,3
"R03_F03",3,3,448,2
"R03_F03",3,3,449,4
"R03_F03",3,3,450,4
"R03_F03",3,3,451,2
"R03_F03",3,3,452,2
"R03_F03",3,3,454,1
"R03_F03",3,3,455,2
"R03_F03",3,3,457,1
"R03_F03",3,3,458,2
"R03_F03",3,3,459,2
"R03_F03",3,3,460,1
"R03_F03",3,3,461,3
"R03_F03",3,3,462,1
"R03_F03",3,3,463,1
"R03_F03",3,3,465,2
"R03_F03",3,3,466,3
"R03_F03",3,3,467,4
"R03_F03",3,3,468,3
"R03_F03",3,3,469,3
"R03_F03",3,3,470,3
"R03_F03",3,3,471,4
"R03_F03",3,3,472,1
"R03_F03",3,3,473,1
"R03_F03",3,3,475,3
"R03_F03",3,3,476,2
"R03_F03",3,3,477,1
"R03_F03",3,3,478,1
"R03_F03",3,3,479,4
"R03_F03",3,3,480,4
"R03_F03",3,3,481,1
"R03_F03",3,3,482,3
"R03_F03",3,3,485,4
"R03_F03",3,3,486,2
"R03_F03",3,3,487,3
"R03_F03",3,3,488,4
"R03_F03",3,3,489,3
"R03_F03",3,3,491,4
"R03_F03",3,3,493,3
"R03_F03",3,3,494,3
"R03_F03",3,3,495,3
"R03_F03",3,3,496,1
"R03_F03",3,3,497,1
"R03_F03",3,3,498,1
"R03_F03",3,3,499,3
"R03_F03",3,3,500,3
"R03_F03",3,3,501,2
"R03_F03",3,3,502,2
"R03_F03",3,3,504,2
"R03_F03",3,3,505,3
"R03_F03",3,3,506,4
"R03_F03",3,3,507,4
"R03_F03",3,3,509,2
"R03_F03",3,3,510,1
"R03_F03",3,3,511,1
"R03_F03",3,3,513,2
"R03_F03",3,3,514,3
"R03_F03",3,3,516,1
"R03_F03",3,3,517,4
"R03_F03",3,3,518,1
"R03_F03",3,3,519,2
"R03_F03",3,3,520,4
"R03_F03",3,3,522,1
"R03_F03",3,3,523,1
"R03_F03",3,3,524,1
"R03_F03",3,3,525,4
"R03_F03",3,3,526,2
"R03_F03",3,3,527,1
"R03_F03",3,3,528,2
"R03_F03",3,3,529,4
"R03_F03",3,3,531,4
"R03_F03",3,3,533,1
"R03_F03",3,3,538,1
"R03_F03",3,3,539,4
"R03_F03",3,3,541,3
"R03_F03",3,3,542,1
"R03_F03",3,3,543,1
"R03_F03",3,3,544,4
"R03_F03",3,3,545,4
"R03_F03",3,3,546,1
"R03_F03",3,3,547,3
"R03_F03",3,3,548,1
"R03_F03",3,3,549,1
"R03_F03",3,3,551,3
"R03_F03",3,3,552,4
"R03_F03",3,3,553,3
"R03_F03",3,3,554,2
"R03_F03",3,3,555,2
"R03_F03",3,3,558,3
"R03_F03",3,3,559,4
"R03_F03",3,3,560,2
"R03_F03",3,3,561,3
"R03_F03",3,3,562,1
"R03_F03",3,3,563,1
"R03_F03",3,3,564,3
"R03_F03",3,3,565,1
"R03_F03",3,3,566,3
"R03_F03",3,3,567,3
"R03_F03",3,3,568,3
"R03_F03",3,3,570,2
"R03_F03",3,3,571,1
"R03_F03",3,3,574,4
"R03_F03",3,3,575,2
"R03_F03",3,3,577,2
"R03_F03",3,3,578,3
"R03_F03",3,3,579,1
"R03_F03",3,3,580,4
"R03_F03",3,3,581,1
"R03_F03",3,3,582,4
"R03_F03",3,3,583,3
"R03_F03",3,3,584,4
"R03_F03",3,3,585,3
"R03_F03",3,3,586,1
"R03_F03",3,3,587,4
"R03_F03",3,3,588,2
"R03_F03",3,3,590,3
"R03_F03",3,3,591,1
"R03_F03",3,3,592,3
"R03_F03",3,3,593,2
"R03_F03",3,3,594,4
"R03_F03",3,3,595,1
"R03_F03",3,3,596,2
"R03_F03",3,3,597,2
"R03_F03",3,3,598,3
"R03_F03",3,3,599,4
"R03_F03",3,3,600,1
"R03_F03",3,3,601,3
"R03_F03",3,3,602,1
"R03_F03",3,3,603,4
"R03_F03",3,3,604,4
"R03_F03",3,3,605,1
"R03_F03",3,3,607,4
"R03_F03",3,3,611,2
"R03_F03",3,3,612,3
"R03_F03",3,3,613,3
"R03_F03",3,3,614,3
"R03_F03",3,3,617,2
"R03_F03",3,3,619,4
"R03_F03",3,3,620,2
"R03_F03",3,3,621,3
"R03_F03",3,3,625,4
"R03_F03",3,3,626,3
"R03_F03",3,3,627,3
"R03_F03",3,3,628,4
"R03_F03",3,3,629,4
"R03_F03",3,3,630,2
"R03_F03",3,3,631,1
"R03_F03",3,3,632,1
"R03_F03",3,3,633,4
"R03_F03",3,3,634,1
"R03_F03",3,3,635,4
"R03_F03",3,3,636,4
"R03_F03",3,3,637,3
"R03_F03",3,3,638,3
"R03_F03",3,3,639,3
"R03_F03",3,3,640,2
"R03_F03",3,3,641,1
"R03_F03",3,3,642,4
"R03_F03",3,3,644,4
"R03_F03",3,3,645,4
"R03_F03",3,3,646,4
"R03_F03",3,3,647,3
"R03_F03",3,3,648,2
"R03_F03",3,3,649,3
"R03_F03",3,3,650,3
"R03_F03",3,3,651,1
"R03_F03",3,3,652,3
"R03_F03",3,3,653,2
"R03_F03",3,3,654,2
"R03_F03",3,3,656,2
"R03_F03",3,3,658,3
"R03_F03",3,3,659,3
"R03_F03",3,3,660,1
"R03_F03",3,3,661,4
"R03_F03",3,3,662,1
"R03_F03",3,3,665,4
"R03_F03",3,3,669,1
"R03_F03",3,3,670,4
"R03_F03",3,3,671,2
"R03_F03",3,3,672,1
"R03_F03",3,3,673,4
"R03_F03",3,3,675,2
"R03_F03",3,3,676,3
"R03_F03",3,3,677,4
"R03_F03",3,3,678,2
"R03_F03",3,3,679,4
"R03_F03",3,3,680,4
"R03_F03",3,3,682,3
"R03_F03",3,3,684,1
"R03_F03",3,3,685,2
"R03_F03",3,3,686,4
"R03_F03",3,3,687,3
"R03_F03",3,3,688,2
"R03_F03",3,3,689,1
"R03_F03",3,3,690,1
"R03_F03",3,3,691,1
"R03_F03",3,3,692,4
"R03_F03",3,3,693,1
"R03_F03",3,3,694,2
"R03_F03",3,3,695,3
"R03_F03",3,3,696,4
"R03_F03",3,3,697,2
"R03_F03",3,3,698,1
"R03_F03",3,3,700,2
"R03_F03",3,3,702,3
"R03_F03",3,3,703,1
"R03_F03",3,3,706,4
"R03_F03",3,3,707,4
"R03_F03",3,3,708,2
"R03_F03",3,3,709,1
"R03_F03",3,3,710,2
"R03_F03",3,3,711,2
"R03_F03",3,3,712,2
"R03_F03",3,3,713,3
"R03_F03",3,3,714,1
"R03_F03",3,3,715,1
"R03_F03",3,3,716,2
"R03_F03",3,3,717,2
"R03_F03",3,3,718,1
"R03_F03",3,3,719,2
"R03_F03",3,3,721,2
"R03_F03",3,3,722,4
"R03_F03",3,3,723,2
"R03_F03",3,3,724,3
"R03_F03",3,3,725,2
"R03_F03",3,3,726,4
"R03_F03",3,3,727,1
"R03_F03",3,3,728,1
"R03_F03",3,3,729,1
"R03_F03",3,3,730,3
"R03_F03",3,3,731,1
"R03_F03",3,3,732,3
"R03_F03",3,3,733,4
"R03_F03",3,3,734,4
"R03_F03",3,3,736,4
"R03_F03",3,3,737,3
"R03_F03",3,3,738,4
"R03_F03",3,3,739,4
"R03_F03",3,3,741,3
"R03_F03",3,3,743,3
"R03_F03",3,3,744,2
"R03_F03",3,3,745,1
"R03_F03",3,3,746,2
"R03_F03",3,3,747,4
"R03_F03",3,3,748,1
"R03_F03",3,3,749,2
"R03_F03",3,3,750,3
"R03_F03",3,3,751,3
"R03_F03",3,3,752,4
"R03_F03",3,3,753,1
"R03_F03",3,3,754,4
"R03_F03",3,3,755,1
"R03_F03",3,3,756,3
"R03_F03",3,3,757,3
"R03_F03",3,3,758,3
"R03_F03",3,3,759,4
"R03_F03",3,3,760,3
"R03_F03",3,3,763,4
"R03_F03",3,3,764,2
"R03_F03",3,3,765,2
"R03_F03",3,3,766,4
"R03_F03",3,3,767,1
"R03_F03",3,3,768,3
"R03_F03",3,3,769,3
"R03_F03",3,3,772,1
"R03_F03",3,3,773,3
"R03_F03",3,3,774,3
"R03_F03",3,3,775,1
"R03_F03",3,3,776,4
"R03_F03",3,3,777,4
"R03_F03",3,3,778,2
"R03_F03",3,3,779,3
"R03_F03",3,3,780,1
"R03_F03",3,3,781,2
"R03_F03",3,3,782,3
"R03_F03",3,3,783,3
"R03_F03",3,3,784,4
"R03_F03",3,3,786,2
"R03_F03",3,3,787,4
"R03_F03",3,3,788,1
"R03_F03",3,3,789,2
"R03_F03",3,3,790,1
"R03_F03",3,3,791,2
"R03_F03",3,3,792,3
"R03_F03",3,3,793,4
"R03_F03",3,3,794,1
"R03_F03",3,3,795,3
"R03_F03",3,3,796,3
"R03_F03",3,3,798,1
"R03_F03",3,3,799,3
"R03_F03",3,3,801,1
"R03_F03",3,3,802,1
"R03_F03",3,3,803,2
"R03_F03",3,3,805,4
"R03_F03",3,3,807,1
"R03_F03",3,3,808,1
"R03_F03",3,3,809,3
"R03_F03",3,3,810,4
"R03_F03",3,3,811,1
"R03_F03",3,3,812,2
"R03_F03",3,3,813,4
"R03_F03",3,3,814,3
"R03_F03",3,3,815,1
"R03_F03",3,3,816,2
"R03_F03",3,3,817,2
"R03_F03",3,3,818,1
"R03_F03",3,3,820,4
"R03_F03",3,3,822,2
"R03_F03",3,3,823,3
"R03_F03",3,3,825,2
"R03_F03",3,3,826,4
"R03_F03",3,3,828,4
"R03_F03",3,3,829,4
"R03_F03",3,3,830,1
"R03_F03",3,3,831,3
"R03_F03",3,3,832,2
"R03_F03",3,3,833,1
"R03_F03",3,3,834,1
"R03_F03",3,3,835,3
"R03_F03",3,3,836,4
"R03_F03",3,3,837,4
"R03_F03",3,3,838,4
"R03_F03",3,3,839,4
"R03_F03",3,3,840,2
"R03_F03",3,3,841,4
"R03_F03",3,3,842,3
"R03_F03",3,3,843,4
"R03_F03",3,3,844,4
"R03_F03",3,3,845,4
"R03_F03",3,3,846,2
"R03_F03",3,3,847,2
"R03_F03",3,3,848,2
"R03_F03",3,3,850,3
"R03_F03",3,3,852,4
"R03_F03",3,3,853,3
"R03_F03",3,3,854,4
"R03_F03",3,3,855,1
"R03_F03",3,3,856,4
"R03_F03",3,3,857,1
"R03_F03",3,3,858,4
"R03_F03",3,3,860,2
"R03_F03",3,3,861,4
"R03_F03",3,3,864,2
"R03_F03",3,3,865,4
"R03_F03",3,3,866,2
"R03_F03",3,3,867,4
"R03_F03",3,3,868,3
"R03_F03",3,3,870,2
"R03_F03",3,3,871,1
"R03_F03",3,3,874,2
"R03_F03",3,3,875,1
"R03_F03",3,3,876,2
"R03_F03",3,3,877,2
"R03_F03",3,3,878,1
"R03_F03",3,3,879,4
"R03_F03",3,3,880,4
"R03_F03",3,3,881,3
"R03_F03",3,3,882,1
"R03_F03",3,3,883,4
"R03_F03",3,3,884,1
"R03_F03",3,3,886,1
"R03_F03",3,3,887,1
"R03_F03",3,3,888,1
"R03_F03",3,3,889,2
"R03_F03",3,3,890,3
"R03_F03",3,3,891,3
"R03_F03",3,3,892,3
"R03_F03",3,3,893,2
"R03_F03",3,3,894,2
"R03_F03",3,3,895,2
"R03_F03",3,3,896,2
"R03_F03",3,3,897,4
"R03_F03",3,3,898,3
"R03_F03",3,3,900,4
"R03_F03",3,3,901,2
"R03_F03",3,3,902,1
"R03_F03",3,3,903,4
"R03_F03",3,3,904,4
"R03_F03",3,3,905,1
"R03_F03",3,3,906,1
"R03_F03",3,3,907,3
"R03_F03",3,3,908,3
"R03_F03",3,3,911,1
"R03_F03",3,3,912,1
"R03_F03",3,3,913,3
"R03_F03",3,3,915,1
"R03_F03",3,3,916,3
"R03_F03",3,3,917,4
"R03_F03",3,3,918,2
"R03_F03",3,3,919,3
"R03_F03",3,3,920,2
"R03_F03",3,3,921,2
"R03_F03",3,3,922,3
"R03_F03",3,3,923,1
"R03_F03",3,3,924,1
"R03_F03",3,3,925,1
"R03_F03",3,3,929,4
"R03_F03",3,3,930,2
"R03_F03",3,3,931,2
"R03_F03",3,3,932,2
"R03_F03",3,3,933,3
"R03_F03",3,3,935,2
"R03_F03",3,3,936,4
"R03_F03",3,3,937,2
"R03_F03",3,3,940,1
"R03_F03",3,3,941,1
"R03_F03",3,3,942,2
"R03_F03",3,3,944,1
"R03_F03",3,3,945,1
"R03_F03",3,3,946,4
"R03_F03",3,3,948,4
"R03_F03",3,3,949,1
"R03_F03",3,3,950,1
"R03_F03",3,3,951,2
"R03_F03",3,3,952,1
"R03_F03",3,3,953,3
"R03_F03",3,3,955,4
"R03_F03",3,3,956,4
"R03_F03",3,3,957,1
"R03_F03",3,3,958,3
"R03_F03",3,3,960,1
"R03_F03",3,3,961,1
"R03_F03",3,3,962,2
"R03_F03",3,3,963,2
"R03_F03",3,3,964,4
"R03_F03",3,3,965,4
"R03_F03",3,3,967,4
"R03_F03",3,3,969,4
"R03_F03",3,3,970,4
"R03_F03",3,3,971,2
"R03_F03",3,3,972,2
"R03_F03",3,3,973,1
"R03_F03",3,3,974,3
"R03_F03",3,3,976,1
"R03_F03",3,3,977,3
"R03_F03",3,3,978,1
"R03_F03",3,3,979,2
"R03_F03",3,3,980,3
"R03_F03",3,3,981,3
"R03_F03",3,3,982,1
"R03_F03",3,3,984,1
"R03_F03",3,3,986,4
"R03_F03",3,3,987,1
"R03_F03",3,3,988,1
"R03_F03",3,3,990,4
"R03_F03",3,3,991,3
"R03_F03",3,3,992,4
"R03_F03",3,3,993,4
"R03_F03",3,3,996,1
"R03_F03",3,3,997,3
"R03_F03",3,3,999,3
"R03_F03",3,3,1000,4
"R03_F04",3,4,1,4
"R03_F04",3,4,3,4
"R03_F04",3,4,4,1
"R03_F04",3,4,5,3
"R03_F04",3,4,6,2
"R03_F04",3,4,7,4
"R03_F04",3,4,8,4
"R03_F04",3,4,9,3
"R03_F04",3,4,10,2
"R03_F04",3,4,13,4
"R03_F04",3,4,14,2
"R03_F04",3,4,15,3
"R03_F04",3,4,16,4
"R03_F04",3,4,17,3
"R03_F04",3,4,18,4
"R03_F04",3,4,23,2
"R03_F04",3,4,24,3
"R03_F04",3,4,25,2
"R03_F04",3,4,26,2
"R03_F04",3,4,27,4
"R03_F04",3,4,28,2
"R03_F04",3,4,29,4
"R03_F04",3,4,30,3
"R03_F04",3,4,32,1
"R03_F04",3,4,36,1
"R03_F04",3,4,38,1
"R03_F04",3,4,39,2
"R03_F04",3,4,40,2
"R03_F04",3,4,41,4
"R03_F04",3,4,42,4
"R03_F04",3,4,43,1
"R03_F04",3,4,44,4
"R03_F04",3,4,45,4
"R03_F04",3,4,48,4
"R03_F04",3,4,49,2
"R03_F04",3,4,50,4
"R03_F04",3,4,51,4
"R03_F04",3,4,52,4
"R03_F04",3,4,53,4
"R03_F04",3,4,54,3
"R03_F04",3,4,55,4
"R03_F04",3,4,56,4
"R03_F04",3,4,57,3
"R03_F04",3,4,58,1
"R03_F04",3,4,59,1
"R03_F04",3,4,60,1
"R03_F04",3,4,62,4
"R03_F04",3,4,63,2
"R03_F04",3,4,64,4
"R03_F04",3,4,65,2
"R03_F04",3,4,67,1
"R03_F04",3,4,68,1
"R03_F04",3,4,69,2
"R03_F04",3,4,70,4
"R03_F04",3,4,71,2
"R03_F04",3,4,72,3
"R03_F04",3,4,73,2
"R03_F04",3,4,74,4
"R03_F04",3,4,75,2
"R03_F04",3,4,76,2
"R03_F04",3,4,77,4
"R03_F04",3,4,79,2
"R03_F04",3,4,80,2
"R03_F04",3,4,82,1
"R03_F04",3,4,83,4
"R03_F04",3,4,84,1
"R03_F04",3,4,85,3
"R03_F04",3,4,86,3
"R03_F04",3,4,87,2
"R03_F04",3,4,88,1
"R03_F04",3,4,89,3
"R03_F04",3,4,91,3
"R03_F04",3,4,92,3
"R03_F04",3,4,93,1
"R03_F04",3,4,94,2
"R03_F04",3,4,96,1
"R03_F04",3,4,98,3
"R03_F04",3,4,99,3
"R03_F04",3,4,100,2
"R03_F04",3,4,101,2
"R03_F04",3,4,102,2
"R03_F04",3,4,103,2
"R03_F04",3,4,104,1
"R03_F04",3,4,105,2
"R03_F04",3,4,106,3
"R03_F04",3,4,107,3
"R03_F04",3,4,108,3
"R03_F04",3,4,109,3
"R03_F04",3,4,110,3
"R03_F04",3,4,111,3
"R03_F04",3,4,112,2
"R03_F04",3,4,113,3
"R03_F04",3,4,114,2
"R03_F04",3,4,116,1
"R03_F04",3,4,117,2
"R03_F04",3,4,118,3
"R03_F04",3,4,119,3
"R03_F04",3,4,120,3
"R03_F04",3,4,121,2
"R03_F04",3,4,123,3
"R03_F04",3,4,124,4
"R03_F04",3,4,125,3
"R03_F04",3,4,126,1
"R03_F04",3,4,127,1
"R03_F04",3,4,128,3
"R03_F04",3,4,129,3
"R03_F04",3,4,130,3
"R03_F04",3,4,131,2
"R03_F04",3,4,132,2
"R03_F04",3,4,133,1
"R03_F04",3,4,134,3
"R03_F04",3,4,135,1
"R03_F04",3,4,136,4
"R03_F04",3,4,137,2
"R03_F04",3,4,138,3
"R03_F04",3,4,139,2
"R03_F04",3,4,140,4
"R03_F04",3,4,141,1
"R03_F04",3,4,142,1
"R03_F04",3,4,143,2
"R03_F04",3,4,144,1
"R03_F04",3,4,146,4
"R03_F04",3,4,147,1
"R03_F04",3,4,148,1
"R03_F04",3,4,149,4
"R03_F04",3,4,151,1
"R03_F04",3,4,152,2
"R03_F04",3,4,153,2
"R03_F04",3,4,154,3
"R03_F04",3,4,156,1
"R03_F04",3,4,157,4
"R03_F04",3,4,159,3
"R03_F04",3,4,160,4
"R03_F04",3,4,161,2
"R03_F04",3,4,162,2
"R03_F04",3,4,163,2
"R03_F04",3,4,164,3
"R03_F04",3,4,165,4
"R03_F04",3,4,166,2
"R03_F04",3,4,167,3
"R03_F04",3,4,168,1
"R03_F04",3,4,169,2
"R03_F04",3,4,170,4
"R03_F04",3,4,172,2
"R03_F04",3,4,173,3
"R03_F04",3,4,174,4
"R03_F04",3,4,175,2
"R03_F04",3,4,177,4
"R03_F04",3,4,178,1
"R03_F04",3,4,180,3
"R03_F04",3,4,181,2
"R03_F04",3,4,182,1
"R03_F04",3,4,184,1
"R03_F04",3,4,185,2
"R03_F04",3,4,186,3
"R03_F04",3,4,188,1
"R03_F04",3,4,190,4
"R03_F04",3,4,194,3
"R03_F04",3,4,195,1
"R03_F04",3,4,196,4
"R03_F04",3,4,197,2
"R03_F04",3,4,198,3
"R03_F04",3,4,199,3
"R03_F04",3,4,201,1
"R03_F04",3,4,202,3
"R03_F04",3,4,203,1
"R03_F04",3,4,204,1
"R03_F04",3,4,205,4
"R03_F04",3,4,207,4
"R03_F04",3,4,208,2
"R03_F04",3,4,210,3
"R03_F04",3,4,213,1
"R03_F04",3,4,214,4
"R03_F04",3,4,215,3
"R03_F04",3,4,217,4
"R03_F04",3,4,221,2
"R03_F04",3,4,222,1
"R03_F04",3,4,223,1
"R03_F04",3,4,226,1
"R03_F04",3,4,228,2
"R03_F04",3,4,230,1
"R03_F04",3,4,231,4
"R03_F04",3,4,232,4
"R03_F04",3,4,233,1
"R03_F04",3,4,235,1
"R03_F04",3,4,236,1
"R03_F04",3,4,238,4
"R03_F04",3,4,239,4
"R03_F04",3,4,240,3
"R03_F04",3,4,241,2
"R03_F04",3,4,242,1
"R03_F04",3,4,243,4
"R03_F04",3,4,245,4
"R03_F04",3,4,246,1
"R03_F04",3,4,247,1
"R03_F04",3,4,248,1
"R03_F04",3,4,249,4
"R03_F04",3,4,250,4
"R03_F04",3,4,251,2
"R03_F04",3,4,252,3
"R03_F04",3,4,253,1
"R03_F04",3,4,254,1
"R03_F04",3,4,255,3
"R03_F04",3,4,259,1
"R03_F04",3,4,261,2
"R03_F04",3,4,262,2
"R03_F04",3,4,263,2
"R03_F04",3,4,264,1
"R03_F04",3,4,265,3
"R03_F04",3,4,266,1
"R03_F04",3,4,267,1
"R03_F04",3,4,268,1
"R03_F04",3,4,269,3
"R03_F04",3,4,270,3
"R03_F04",3,4,271,3
"R03_F04",3,4,272,4
"R03_F04",3,4,273,3
"R03_F04",3,4,274,4
"R03_F04",3,4,275,1
"R03_F04",3,4,277,4
"R03_F04",3,4,278,2
"R03_F04",3,4,280,1
"R03_F04",3,4,281,4
"R03_F04",3,4,282,1
"R03_F04",3,4,283,2
"R03_F04",3,4,284,1
"R03_F04",3,4,285,2
"R03_F04",3,4,286,2
"R03_F04",3,4,287,3
"R03_F04",3,4,288,2
"R03_F04",3,4,290,3
"R03_F04",3,4,291,4
"R03_F04",3,4,293,2
"R03_F04",3,4,294,3
"R03_F04",3,4,295,3
"R03_F04",3,4,296,1
"R03_F04",3,4,297,1
"R03_F04",3,4,298,1
"R03_F04",3,4,299,3
"R03_F04",3,4,300,2
"R03_F04",3,4,301,4
"R03_F04",3,4,302,1
"R03_F04",3,4,303,3
"R03_F04",3,4,305,1
"R03_F04",3,4,306,4
"R03_F04",3,4,307,2
"R03_F04",3,4,308,2
"R03_F04",3,4,309,3
"R03_F04",3,4,310,2
"R03_F04",3,4,311,1
"R03_F04",3,4,312,2
"R03_F04",3,4,314,1
"R03_F04",3,4,315,1
"R03_F04",3,4,316,3
"R03_F04",3,4,317,3
"R03_F04",3,4,318,4
"R03_F04",3,4,319,4
"R03_F04",3,4,320,1
"R03_F04",3,4,321,3
"R03_F04",3,4,322,1
"R03_F04",3,4,323,4
"R03_F04",3,4,324,3
"R03_F04",3,4,325,3
"R03_F04",3,4,327,4
"R03_F04",3,4,328,1
"R03_F04",3,4,329,2
"R03_F04",3,4,330,1
"R03_F04",3,4,331,2
"R03_F04",3,4,332,1
"R03_F04",3,4,334,3
"R03_F04",3,4,335,2
"R03_F04",3,4,336,2
"R03_F04",3,4,337,4
"R03_F04",3,4,339,2
"R03_F04",3,4,340,2
"R03_F04",3,4,342,4
"R03_F04",3,4,343,4
"R03_F04",3,4,344,3
"R03_F04",3,4,345,3
"R03_F04",3,4,346,2
"R03_F04",3,4,347,1
"R03_F04",3,4,348,3
"R03_F04",3,4,349,3
"R03_F04",3,4,352,1
"R03_F04",3,4,353,1
"R03_F04",3,4,354,1
"R03_F04",3,4,355,2
"R03_F04",3,4,356,2
"R03_F04",3,4,358,3
"R03_F04",3,4,361,2
"R03_F04",3,4,362,3
"R03_F04",3,4,363,3
"R03_F04",3,4,364,2
"R03_F04",3,4,367,3
"R03_F04",3,4,368,2
"R03_F04",3,4,369,2
"R03_F04",3,4,370,2
"R03_F04",3,4,371,4
"R03_F04",3,4,373,3
"R03_F04",3,4,374,1
"R03_F04",3,4,375,2
"R03_F04",3,4,376,3
"R03_F04",3,4,377,3
"R03_F04",3,4,378,3
"R03_F04",3,4,379,4
"R03_F04",3,4,380,1
"R03_F04",3,4,381,4
"R03_F04",3,4,382,4
"R03_F04",3,4,383,2
"R03_F04",3,4,384,3
"R03_F04",3,4,386,4
"R03_F04",3,4,388,1
"R03_F04",3,4,389,4
"R03_F04",3,4,390,2
"R03_F04",3,4,391,1
"R03_F04",3,4,392,2
"R03_F04",3,4,394,2
"R03_F04",3,4,395,1
"R03_F04",3,4,396,4
"R03_F04",3,4,397,1
"R03_F04",3,4,398,2
"R03_F04",3,4,401,3
"R03_F04",3,4,402,3
"R03_F04",3,4,403,4
"R03_F04",3,4,404,4
"R03_F04",3,4,405,4
"R03_F04",3,4,406,2
"R03_F04",3,4,407,4
"R03_F04",3,4,408,2
"R03_F04",3,4,409,1
"R03_F04",3,4,410,4
"R03_F04",3,4,411,1
"R03_F04",3,4,412,3
"R03_F04",3,4,417,4
"R03_F04",3,4,418,2
"R03_F04",3,4,419,3
"R03_F04",3,4,420,2
"R03_F04",3,4,421,1
"R03_F04",3,4,422,2
"R03_F04",3,4,423,1
"R03_F04",3,4,424,3
"R03_F04",3,4,425,4
"R03_F04",3,4,426,1
"R03_F04",3,4,427,3
"R03_F04",3,4,428,3
"R03_F04",3,4,429,2
"R03_F04",3,4,430,2
"R03_F04",3,4,431,3
"R03_F04",3,4,432,1
"R03_F04",3,4,433,3
"R03_F04",3,4,434,1
"R03_F04",3,4,436,4
"R03_F04",3,4,437,1
"R03_F04",3,4,438,3
"R03_F04",3,4,439,4
"R03_F04",3,4,440,3
"R03_F04",3,4,441,4
"R03_F04",3,4,442,2
"R03_F04",3,4,443,3
"R03_F04",3,4,444,1
"R03_F04",3,4,446,2
"R03_F04",3,4,447,3
"R03_F04",3,4,449,4
"R03_F04",3,4,450,2
"R03_F04",3,4,453,3
"R03_F04",3,4,455,4
"R03_F04",3,4,456,2
"R03_F04",3,4,457,2
"R03_F04",3,4,458,4
"R03_F04",3,4,459,2
"R03_F04",3,4,460,4
"R03_F04",3,4,461,4
"R03_F04",3,4,463,3
"R03_F04",3,4,464,3
"R03_F04",3,4,466,1
"R03_F04",3,4,467,3
"R03_F04",3,4,468,2
"R03_F04",3,4,469,4
"R03_F04",3,4,470,1
"R03_F04",3,4,471,1
"R03_F04",3,4,472,2
"R03_F04",3,4,473,1
"R03_F04",3,4,474,4
"R03_F04",3,4,476,4
"R03_F04",3,4,478,3
"R03_F04",3,4,480,3
"R03_F04",3,4,481,2
"R03_F04",3,4,482,1
"R03_F04",3,4,483,4
"R03_F04",3,4,484,1
"R03_F04",3,4,485,2
"R03_F04",3,4,486,3
"R03_F04",3,4,487,2
"R03_F04",3,4,488,2
"R03_F04",3,4,490,3
"R03_F04",3,4,491,2
"R03_F04",3,4,492,1
"R03_F04",3,4,494,3
"R03_F04",3,4,495,2
"R03_F04",3,4,496,2
"R03_F04",3,4,497,1
"R03_F04",3,4,498,3
"R03_F04",3,4,499,4
"R03_F04",3,4,500,1
"R03_F04",3,4,501,4
"R03_F04",3,4,502,4
"R03_F04",3,4,503,2
"R03_F04",3,4,504,1
"R03_F04",3,4,505,2
"R03_F04",3,4,506,1
"R03_F04",3,4,507,3
"R03_F04",3,4,508,3
"R03_F04",3,4,510,4
"R03_F04",3,4,511,1
"R03_F04",3,4,512,4
"R03_F04",3,4,514,1
"R03_F04",3,4,515,1
"R03_F04",3,4,516,2
"R03_F04",3,4,517,4
"R03_F04",3,4,518,3
"R03_F04",3,4,519,2
"R03_F04",3,4,520,1
"R03_F04",3,4,521,1
"R03_F04",3,4,522,4
"R03_F04",3,4,523,4
"R03_F04",3,4,524,1
"R03_F04",3,4,525,4
"R03_F04",3,4,527,1
"R03_F04",3,4,529,3
"R03_F04",3,4,530,2
"R03_F04",3,4,531,4
"R03_F04",3,4,532,2
"R03_F04",3,4,533,2
"R03_F04",3,4,534,3
"R03_F04",3,4,535,2
"R03_F04",3,4,536,1
"R03_F04",3,4,537,1
"R03_F04",3,4,538,2
"R03_F04",3,4,539,2
"R03_F04",3,4,540,4
"R03_F04",3,4,541,2
"R03_F04",3,4,543,1
"R03_F04",3,4,545,4
"R03_F04",3,4,546,2
"R03_F04",3,4,548,2
"R03_F04",3,4,550,2
"R03_F04",3,4,551,4
"R03_F04",3,4,552,2
"R03_F04",3,4,556,1
"R03_F04",3,4,557,2
"R03_F04",3,4,559,3
"R03_F04",3,4,562,4
"R03_F04",3,4,563,2
"R03_F04",3,4,564,4
"R03_F04",3,4,565,2
"R03_F04",3,4,566,4
"R03_F04",3,4,568,4
"R03_F04",3,4,569,1
"R03_F04",3,4,571,1
"R03_F04",3,4,572,1
"R03_F04",3,4,573,3
"R03_F04",3,4,574,4
"R03_F04",3,4,575,4
"R03_F04",3,4,576,3
"R03_F04",3,4,577,1
"R03_F04",3,4,578,2
"R03_F04",3,4,579,3
"R03_F04",3,4,580,4
"R03_F04",3,4,583,3
"R03_F04",3,4,584,4
"R03_F04",3,4,585,4
"R03_F04",3,4,587,3
"R03_F04",3,4,588,2
"R03_F04",3,4,589,1
"R03_F04",3,4,591,4
"R03_F04",3,4,592,4
"R03_F04",3,4,593,4
"R03_F04",3,4,594,1
"R03_F04",3,4,595,1
"R03_F04",3,4,597,1
"R03_F04",3,4,599,2
"R03_F04",3,4,600,4
"R03_F04",3,4,601,2
"R03_F04",3,4,602,2
"R03_F04",3,4,603,1
"R03_F04",3,4,605,4
"R03_F04",3,4,606,3
"R03_F04",3,4,608,4
"R03_F04",3,4,609,2
"R03_F04",3,4,610,1
"R03_F04",3,4,611,4
"R03_F04",3,4,612,4
"R03_F04",3,4,613,1
"R03_F04",3,4,615,3
"R03_F04",3,4,616,1
"R03_F04",3,4,617,3
"R03_F04",3,4,618,2
"R03_F04",3,4,620,1
"R03_F04",3,4,621,4
"R03_F04",3,4,622,2
"R03_F04",3,4,623,1
"R03_F04",3,4,624,1
"R03_F04",3,4,625,4
"R03_F04",3,4,627,3
"R03_F04",3,4,629,2
"R03_F04",3,4,630,4
"R03_F04",3,4,631,4
"R03_F04",3,4,632,4
"R03_F04",3,4,633,4
"R03_F04",3,4,634,4
"R03_F04",3,4,636,4
"R03_F04",3,4,638,3
"R03_F04",3,4,639,4
"R03_F04",3,4,640,4
"R03_F04",3,4,642,3
"R03_F04",3,4,643,2
"R03_F04",3,4,644,3
"R03_F04",3,4,645,1
"R03_F04",3,4,646,1
"R03_F04",3,4,648,4
"R03_F04",3,4,649,2
"R03_F04",3,4,650,1
"R03_F04",3,4,651,1
"R03_F04",3,4,652,4
"R03_F04",3,4,653,2
"R03_F04",3,4,654,3
"R03_F04",3,4,655,1
"R03_F04",3,4,656,2
"R03_F04",3,4,657,3
"R03_F04",3,4,658,2
"R03_F04",3,4,659,4
"R03_F04",3,4,660,3
"R03_F04",3,4,662,2
"R03_F04",3,4,663,3
"R03_F04",3,4,664,3
"R03_F04",3,4,665,2
"R03_F04",3,4,666,4
"R03_F04",3,4,667,4
"R03_F04",3,4,668,4
"R03_F04",3,4,669,2
"R03_F04",3,4,672,4
"R03_F04",3,4,673,4
"R03_F04",3,4,674,1
"R03_F04",3,4,675,1
"R03_F04",3,4,676,1
"R03_F04",3,4,677,3
"R03_F04",3,4,678,4
"R03_F04",3,4,679,3
"R03_F04",3,4,680,2
"R03_F04",3,4,681,3
"R03_F04",3,4,682,1
"R03_F04",3,4,683,2
"R03_F04",3,4,684,1
"R03_F04",3,4,685,4
"R03_F04",3,4,686,3
"R03_F04",3,4,687,4
"R03_F04",3,4,688,1
"R03_F04",3,4,691,3
"R03_F04",3,4,693,4
"R03_F04",3,4,694,4
"R03_F04",3,4,696,2
"R03_F04",3,4,698,4
"R03_F04",3,4,699,3
"R03_F04",3,4,700,4
"R03_F04",3,4,701,3
"R03_F04",3,4,703,2
"R03_F04",3,4,704,2
"R03_F04",3,4,705,2
"R03_F04",3,4,706,2
"R03_F04",3,4,707,4
"R03_F04",3,4,709,2
"R03_F04",3,4,710,3
"R03_F04",3,4,711,3
"R03_F04",3,4,712,2
"R03_F04",3,4,713,2
"R03_F04",3,4,715,3
"R03_F04",3,4,718,1
"R03_F04",3,4,719,1
"R03_F04",3,4,720,2
"R03_F04",3,4,721,4
"R03_F04",3,4,722,1
"R03_F04",3,4,723,4
"R03_F04",3,4,725,2
"R03_F04",3,4,726,2
"R03_F04",3,4,728,4
"R03_F04",3,4,729,2
"R03_F04",3,4,730,3
"R03_F04",3,4,731,4
"R03_F04",3,4,732,1
"R03_F04",3,4,733,1
"R03_F04",3,4,735,1
"R03_F04",3,4,736,2
"R03_F04",3,4,737,4
"R03_F04",3,4,739,4
"R03_F04",3,4,740,2
"R03_F04",3,4,741,1
"R03_F04",3,4,742,4
"R03_F04",3,4,743,4
"R03_F04",3,4,744,2
"R03_F04",3,4,745,3
"R03_F04",3,4,746,1
"R03_F04",3,4,747,3
"R03_F04",3,4,748,4
"R03_F04",3,4,749,1
"R03_F04",3,4,750,1
"R03_F04",3,4,751,3
"R03_F04",3,4,753,4
"R03_F04",3,4,754,3
"R03_F04",3,4,755,1
"R03_F04",3,4,756,4
"R03_F04",3,4,757,3
"R03_F04",3,4,758,4
"R03_F04",3,4,759,3
"R03_F04",3,4,760,4
"R03_F04",3,4,761,4
"R03_F04",3,4,762,4
"R03_F04",3,4,764,1
"R03_F04",3,4,765,4
"R03_F04",3,4,766,4
"R03_F04",3,4,767,3
"R03_F04",3,4,769,1
"R03_F04",3,4,770,1
"R03_F04",3,4,771,3
"R03_F04",3,4,772,4
"R03_F04",3,4,773,4
"R03_F04",3,4,774,3
"R03_F04",3,4,776,2
"R03_F04",3,4,777,3
"R03_F04",3,4,778,4
"R03_F04",3,4,780,2
"R03_F04",3,4,781,2
"R03_F04",3,4,783,1
"R03_F04",3,4,784,3
"R03_F04",3,4,785,2
"R03_F04",3,4,786,3
"R03_F04",3,4,787,4
"R03_F04",3,4,788,2
"R03_F04",3,4,791,2
"R03_F04",3,4,793,1
"R03_F04",3,4,794,2
"R03_F04",3,4,795,1
"R03_F04",3,4,796,1
"R03_F04",3,4,797,1
"R03_F04",3,4,798,3
"R03_F04",3,4,799,1
"R03_F04",3,4,800,3
"R03_F04",3,4,801,4
"R03_F04",3,4,803,4
"R03_F04",3,4,804,2
"R03_F04",3,4,805,3
"R03_F04",3,4,806,4
"R03_F04",3,4,807,1
"R03_F04",3,4,808,4
"R03_F04",3,4,809,1
"R03_F04",3,4,810,3
"R03_F04",3,4,812,3
"R03_F04",3,4,813,4
"R03_F04",3,4,814,4
"R03_F04",3,4,815,4
"R03_F04",3,4,816,1
"R03_F04",3,4,817,2
"R03_F04",3,4,818,2
"R03_F04",3,4,819,3
"R03_F04",3,4,821,4
"R03_F04",3,4,823,4
"R03_F04",3,4,824,3
"R03_F04",3,4,825,3
"R03_F04",3,4,826,2
"R03_F04",3,4,827,3
"R03_F04",3,4,828,4
"R03_F04",3,4,829,1
"R03_F04",3,4,832,3
"R03_F04",3,4,833,2
"R03_F04",3,4,835,3
"R03_F04",3,4,836,1
"R03_F04",3,4,837,1
"R03_F04",3,4,838,4
"R03_F04",3,4,839,3
"R03_F04",3,4,841,3
"R03_F04",3,4,842,2
"R03_F04",3,4,843,1
"R03_F04",3,4,845,3
"R03_F04",3,4,847,3
"R03_F04",3,4,848,3
"R03_F04",3,4,849,1
"R03_F04",3,4,851,3
"R03_F04",3,4,852,4
"R03_F04",3,4,854,3
"R03_F04",3,4,855,2
"R03_F04",3,4,856,3
"R03_F04",3,4,857,4
"R03_F04",3,4,858,3
"R03_F04",3,4,859,3
"R03_F04",3,4,861,1
"R03_F04",3,4,862,4
"R03_F04",3,4,863,2
"R03_F04",3,4,864,1
"R03_F04",3,4,865,1
"R03_F04",3,4,866,3
"R03_F04",3,4,867,2
"R03_F04",3,4,869,3
"R03_F04",3,4,870,1
"R03_F04",3,4,871,1
"R03_F04",3,4,872,3
"R03_F04",3,4,873,2
"R03_F04",3,4,874,1
"R03_F04",3,4,875,1
"R03_F04",3,4,876,2
"R03_F04",3,4,877,3
"R03_F04",3,4,878,1
"R03_F04",3,4,879,1
"R03_F04",3,4,880,2
"R03_F04",3,4,882,3
"R03_F04",3,4,885,3
"R03_F04",3,4,890,1
"R03_F04",3,4,891,4
"R03_F04",3,4,893,4
"R03_F04",3,4,894,4
"R03_F04",3,4,896,4
"R03_F04",3,4,897,1
"R03_F04",3,4,898,1
"R03_F04",3,4,899,1
"R03_F04",3,4,900,4
"R03_F04",3,4,901,3
"R03_F04",3,4,903,2
"R03_F04",3,4,904,2
"R03_F04",3,4,905,2
"R03_F04",3,4,906,2
"R03_F04",3,4,907,2
"R03_F04",3,4,908,4
"R03_F04",3,4,909,1
"R03_F04",3,4,910,4
"R03_F04",3,4,911,2
"R03_F04",3,4,913,4
"R03_F04",3,4,914,1
"R03_F04",3,4,915,3
"R03_F04",3,4,916,1
"R03_F04",3,4,917,2
"R03_F04",3,4,921,4
"R03_F04",3,4,922,2
"R03_F04",3,4,925,1
"R03_F04",3,4,926,4
"R03_F04",3,4,927,3
"R03_F04",3,4,928,4
"R03_F04",3,4,929,2
"R03_F04",3,4,930,3
"R03_F04",3,4,931,3
"R03_F04",3,4,932,1
"R03_F04",3,4,934,1
"R03_F04",3,4,938,4
"R03_F04",3,4,939,2
"R03_F04",3,4,940,3
"R03_F04",3,4,941,4
"R03_F04",3,4,942,1
"R03_F04",3,4,943,1
"R03_F04",3,4,945,3
"R03_F04",3,4,946,1
"R03_F04",3,4,947,1
"R03_F04",3,4,948,2
"R03_F04",3,4,949,3
"R03_F04",3,4,950,3
"R03_F04",3,4,951,3
"R03_F04",3,4,952,3
"R03_F04",3,4,953,1
"R03_F04",3,4,954,2
"R03_F04",3,4,958,1
"R03_F04",3,4,959,1
"R03_F04",3,4,960,3
"R03_F04",3,4,962,1
"R03_F04",3,4,963,3
"R03_F04",3,4,964,1
"R03_F04",3,4,965,3
"R03_F04",3,4,966,2
"R03_F04",3,4,967,3
"R03_F04",3,4,968,1
"R03_F04",3,4,969,4
"R03_F04",3,4,970,3
"R03_F04",3,4,972,4
"R03_F04",3,4,973,3
"R03_F04",3,4,975,4
"R03_F04",3,4,976,3
"R03_F04",3,4,977,3
"R03_F04",3,4,978,4
"R03_F04",3,4,980,2
"R03_F04",3,4,982,1
"R03_F04",3,4,983,1
"R03_F04",3,4,984,3
"R03_F04",3,4,985,2
"R03_F04",3,4,986,1
"R03_F04",3,4,987,2
"R03_F04",3,4,989,2
"R03_F04",3,4,990,2
"R03_F04",3,4,992,2
"R03_F04",3,4,993,3
"R03_F04",3,4,994,4
"R03_F04",3,4,995,2
"R03_F04",3,4,996,3
"R03_F04",3,4,997,2
"R03_F04",3,4,998,3
"R03_F04",3,4,1000,3
"R03_F05",3,5,1,1
"R03_F05",3,5,2,3
"R03_F05",3,5,4,1
"R03_F05",3,5,5,1
"R03_F05",3,5,6,3
"R03_F05",3,5,7,3
"R03_F05",3,5,8,1
"R03_F05",3,5,9,2
"R03_F05",3,5,10,4
"R03_F05",3,5,11,2
"R03_F05",3,5,12,3
"R03_F05",3,5,13,4
"R03_F05",3,5,14,3
"R03_F05",3,5,16,1
"R03_F05",3,5,17,3
"R03_F05",3,5,18,1
"R03_F05",3,5,19,3
"R03_F05",3,5,20,4
"R03_F05",3,5,21,1
"R03_F05",3,5,22,1
"R03_F05",3,5,23,1
"R03_F05",3,5,24,1
"R03_F05",3,5,25,2
"R03_F05",3,5,26,4
"R03_F05",3,5,28,2
"R03_F05",3,5,31,2
"R03_F05",3,5,32,3
"R03_F05",3,5,33,1
"R03_F05",3,5,34,1
"R03_F05",3,5,35,2
"R03_F05",3,5,36,1
"R03_F05",3,5,37,3
"R03_F05",3,5,38,2
"R03_F05",3,5,39,1
"R03_F05",3,5,40,2
"R03_F05",3,5,41,2
"R03_F05",3,5,42,4
"R03_F05",3,5,43,2
"R03_F05",3,5,44,3
"R03_F05",3,5,45,1
"R03_F05",3,5,46,3
"R03_F05",3,5,47,1
"R03_F05",3,5,48,2
"R03_F05",3,5,50,3
"R03_F05",3,5,51,2
"R03_F05",3,5,52,2
"R03_F05",3,5,53,4
"R03_F05",3,5,54,4
"R03_F05",3,5,55,1
"R03_F05",3,5,56,4
"R03_F05",3,5,57,2
"R03_F05",3,5,58,4
"R03_F05",3,5,59,1
"R03_F05",3,5,60,2
"R03_F05",3,5,61,4
"R03_F05",3,5,62,2
"R03_F05",3,5,63,4
"R03_F05",3,5,64,1
"R03_F05",3,5,65,2
"R03_F05",3,5,66,1
"R03_F05",3,5,69,1
"R03_F05",3,5,70,2
"R03_F05",3,5,73,1
"R03_F05",3,5,76,4
"R03_F05",3,5,77,1
"R03_F05",3,5,78,3
"R03_F05",3,5,79,1
"R03_F05",3,5,80,4
"R03_F05",3,5,81,4
"R03_F05",3,5,83,1
"R03_F05",3,5,84,1
"R03_F05",3,5,86,2
"R03_F05",3,5,87,1
"R03_F05",3,5,88,3
"R03_F05",3,5,90,1
"R03_F05",3,5,94,2
"R03_F05",3,5,95,2
"R03_F05",3,5,96,4
"R03_F05",3,5,97,2
"R03_F05",3,5,98,3
"R03_F05",3,5,99,4
"R03_F05",3,5,100,3
"R03_F05",3,5,101,2
"R03_F05",3,5,102,4
"R03_F05",3,5,103,1
"R03_F05",3,5,105,4
"R03_F05",3,5,106,4
"R03_F05",3,5,107,2
"R03_F05",3,5,108,1
"R03_F05",3,5,109,1
"R03_F05",3,5,110,3
"R03_F05",3,5,112,2
"R03_F05",3,5,113,2
"R03_F05",3,5,115,2
"R03_F05",3,5,116,4
"R03_F05",3,5,117,1
"R03_F05",3,5,118,2
"R03_F05",3,5,119,3
"R03_F05",3,5,120,3
"R03_F05",3,5,121,4
"R03_F05",3,5,122,1
"R03_F05",3,5,123,2
"R03_F05",3,5,124,3
"R03_F05",3,5,126,1
"R03_F05",3,5,127,3
"R03_F05",3,5,128,4
"R03_F05",3,5,130,1
"R03_F05",3,5,131,2
"R03_F05",3,5,132,2
"R03_F05",3,5,133,3
"R03_F05",3,5,134,3
"R03_F05",3,5,135,4
"R03_F05",3,5,136,2
"R03_F05",3,5,137,1
"R03_F05",3,5,138,1
"R03_F05",3,5,141,4
"R03_F05",3,5,142,3
"R03_F05",3,5,144,2
"R03_F05",3,5,145,2
"R03_F05",3,5,146,4
"R03_F05",3,5,148,4
"R03_F05",3,5,149,2
"R03_F05",3,5,150,3
"R03_F05",3,5,151,3
"R03_F05",3,5,155,1
"R03_F05",3,5,157,2
"R03_F05",3,5,158,2
"R03_F05",3,5,160,2
"R03_F05",3,5,161,2
"R03_F05",3,5,163,2
"R03_F05",3,5,164,1
"R03_F05",3,5,165,3
"R03_F05",3,5,166,3
"R03_F05",3,5,168,3
"R03_F05",3,5,170,2
"R03_F05",3,5,171,2
"R03_F05",3,5,172,1
"R03_F05",3,5,176,3
"R03_F05",3,5,177,1
"R03_F05",3,5,178,1
"R03_F05",3,5,179,4
"R03_F05",3,5,180,1
"R03_F05",3,5,181,2
"R03_F05",3,5,182,3
"R03_F05",3,5,183,3
"R03_F05",3,5,185,4
"R03_F05",3,5,187,2
"R03_F05",3,5,188,2
"R03_F05",3,5,189,4
"R03_F05",3,5,190,2
"R03_F05",3,5,191,2
"R03_F05",3,5,192,3
"R03_F05",3,5,193,3
"R03_F05",3,5,194,3
"R03_F05",3,5,195,3
"R03_F05",3,5,196,4
"R03_F05",3,5,197,1
"R03_F05",3,5,198,2
"R03_F05",3,5,199,4
"R03_F05",3,5,200,2
"R03_F05",3,5,201,4
"R03_F05",3,5,203,2
"R03_F05",3,5,204,2
"R03_F05",3,5,205,3
"R03_F05",3,5,206,4
"R03_F05",3,5,208,2
"R03_F05",3,5,209,4
"R03_F05",3,5,211,1
"R03_F05",3,5,212,2
"R03_F05",3,5,213,3
"R03_F05",3,5,215,4
"R03_F05",3,5,216,3
"R03_F05",3,5,217,4
"R03_F05",3,5,218,2
"R03_F05",3,5,219,3
"R03_F05",3,5,220,4
"R03_F05",3,5,221,3
"R03_F05",3,5,222,2
"R03_F05",3,5,223,1
"R03_F05",3,5,224,4
"R03_F05",3,5,225,4
"R03_F05",3,5,226,1
"R03_F05",3,5,227,3
"R03_F05",3,5,228,3
"R03_F05",3,5,229,3
"R03_F05",3,5,230,1
"R03_F05",3,5,231,4
"R03_F05",3,5,232,4
"R03_F05",3,5,233,4
"R03_F05",3,5,234,1
"R03_F05",3,5,235,1
"R03_F05",3,5,237,2
"R03_F05",3,5,238,2
"R03_F05",3,5,239,3
"R03_F05",3,5,240,1
"R03_F05",3,5,244,1
"R03_F05",3,5,245,3
"R03_F05",3,5,247,1
"R03_F05",3,5,248,3
"R03_F05",3,5,249,3
"R03_F05",3,5,250,1
"R03_F05",3,5,251,1
"R03_F05",3,5,252,4
"R03_F05",3,5,254,4
"R03_F05",3,5,255,2
"R03_F05",3,5,256,2
"R03_F05",3,5,257,3
"R03_F05",3,5,258,3
"R03_F05",3,5,259,1
"R03_F05",3,5,260,4
"R03_F05",3,5,261,2
"R03_F05",3,5,262,4
"R03_F05",3,5,263,1
"R03_F05",3,5,264,4
"R03_F05",3,5,265,1
"R03_F05",3,5,266,1
"R03_F05",3,5,267,3
"R03_F05",3,5,268,1
"R03_F05",3,5,269,3
"R03_F05",3,5,270,1
"R03_F05",3,5,271,4
"R03_F05",3,5,272,4
"R03_F05",3,5,274,2
"R03_F05",3,5,275,2
"R03_F05",3,5,276,3
"R03_F05",3,5,278,3
"R03_F05",3,5,279,3
"R03_F05",3,5,280,4
"R03_F05",3,5,281,4
"R03_F05",3,5,282,2
"R03_F05",3,5,286,2
"R03_F05",3,5,288,2
"R03_F05",3,5,289,3
"R03_F05",3,5,290,4
"R03_F05",3,5,292,4
"R03_F05",3,5,293,3
"R03_F05",3,5,294,1
"R03_F05",3,5,295,3
"R03_F05",3,5,296,1
"R03_F05",3,5,297,4
"R03_F05",3,5,298,3
"R03_F05",3,5,299,4
"R03_F05",3,5,300,3
"R03_F05",3,5,302,4
"R03_F05",3,5,303,1
"R03_F05",3,5,304,3
"R03_F05",3,5,305,4
"R03_F05",3,5,308,1
"R03_F05",3,5,309,1
"R03_F05",3,5,310,4
"R03_F05",3,5,311,3
"R03_F05",3,5,312,1
"R03_F05",3,5,313,1
"R03_F05",3,5,316,1
"R03_F05",3,5,318,2
"R03_F05",3,5,320,3
"R03_F05",3,5,321,1
"R03_F05",3,5,322,2
"R03_F05",3,5,323,4
"R03_F05",3,5,324,1
"R03_F05",3,5,325,2
"R03_F05",3,5,326,2
"R03_F05",3,5,327,4
"R03_F05",3,5,328,3
"R03_F05",3,5,329,3
"R03_F05",3,5,330,4
"R03_F05",3,5,331,1
"R03_F05",3,5,332,4
"R03_F05",3,5,333,1
"R03_F05",3,5,334,4
"R03_F05",3,5,336,2
"R03_F05",3,5,337,2
"R03_F05",3,5,338,3
"R03_F05",3,5,339,4
"R03_F05",3,5,340,4
"R03_F05",3,5,341,1
"R03_F05",3,5,342,3
"R03_F05",3,5,343,2
"R03_F05",3,5,344,1
"R03_F05",3,5,346,4
"R03_F05",3,5,347,1
"R03_F05",3,5,348,1
"R03_F05",3,5,349,3
"R03_F05",3,5,350,3
"R03_F05",3,5,351,2
"R03_F05",3,5,352,1
"R03_F05",3,5,354,2
"R03_F05",3,5,355,3
"R03_F05",3,5,356,2
"R03_F05",3,5,357,1
"R03_F05",3,5,358,4
"R03_F05",3,5,359,3
"R03_F05",3,5,360,2
"R03_F05",3,5,361,1
"R03_F05",3,5,362,4
"R03_F05",3,5,363,2
"R03_F05",3,5,364,1
"R03_F05",3,5,365,2
"R03_F05",3,5,366,2
"R03_F05",3,5,367,1
"R03_F05",3,5,368,3
"R03_F05",3,5,370,4
"R03_F05",3,5,371,2
"R03_F05",3,5,372,2
"R03_F05",3,5,373,3
"R03_F05",3,5,374,4
"R03_F05",3,5,377,3
"R03_F05",3,5,378,1
"R03_F05",3,5,380,1
"R03_F05",3,5,381,2
"R03_F05",3,5,382,1
"R03_F05",3,5,383,4
"R03_F05",3,5,384,1
"R03_F05",3,5,385,1
"R03_F05",3,5,386,3
"R03_F05",3,5,387,4
"R03_F05",3,5,388,4
"R03_F05",3,5,389,4
"R03_F05",3,5,390,1
"R03_F05",3,5,391,2
"R03_F05",3,5,392,2
"R03_F05",3,5,393,2
"R03_F05",3,5,394,1
"R03_F05",3,5,395,2
"R03_F05",3,5,396,1
"R03_F05",3,5,397,4
"R03_F05",3,5,398,4
"R03_F05",3,5,399,4
"R03_F05",3,5,400,4
"R03_F05",3,5,401,3
"R03_F05",3,5,402,2
"R03_F05",3,5,403,2
"R03_F05",3,5,405,2
"R03_F05",3,5,406,3
"R03_F05",3,5,407,4
"R03_F05",3,5,408,3
"R03_F05",3,5,409,2
"R03_F05",3,5,410,3
"R03_F05",3,5,411,3
"R03_F05",3,5,413,2
"R03_F05",3,5,414,2
"R03_F05",3,5,415,1
"R03_F05",3,5,416,1
"R03_F05",3,5,418,4
"R03_F05",3,5,419,2
"R03_F05",3,5,420,4
"R03_F05",3,5,421,1
"R03_F05",3,5,422,4
"R03_F05",3,5,423,1
"R03_F05",3,5,424,3
"R03_F05",3,5,425,2
"R03_F05",3,5,426,4
"R03_F05",3,5,427,3
"R03_F05",3,5,428,4
"R03_F05",3,5,429,3
"R03_F05",3,5,432,1
"R03_F05",3,5,435,1
"R03_F05",3,5,436,2
"R03_F05",3,5,437,2
"R03_F05",3,5,438,2
"R03_F05",3,5,439,1
"R03_F05",3,5,440,2
"R03_F05",3,5,441,1
"R03_F05",3,5,442,4
"R03_F05",3,5,443,2
"R03_F05",3,5,444,1
"R03_F05",3,5,445,3
"R03_F05",3,5,447,2
"R03_F05",3,5,448,3
"R03_F05",3,5,449,3
"R03_F05",3,5,450,1
"R03_F05",3,5,451,3
"R03_F05",3,5,452,3
"R03_F05",3,5,453,3
"R03_F05",3,5,454,1
"R03_F05",3,5,455,1
"R03_F05",3,5,456,1
"R03_F05",3,5,459,4
"R03_F05",3,5,462,3
"R03_F05",3,5,463,1
"R03_F05",3,5,464,3
"R03_F05",3,5,465,2
"R03_F05",3,5,466,4
"R03_F05",3,5,467,2
"R03_F05",3,5,470,2
"R03_F05",3,5,472,2
"R03_F05",3,5,473,2
"R03_F05",3,5,474,2
"R03_F05",3,5,475,3
"R03_F05",3,5,476,2
"R03_F05",3,5,477,2
"R03_F05",3,5,479,1
"R03_F05",3,5,481,2
"R03_F05",3,5,483,4
"R03_F05",3,5,484,4
"R03_F05",3,5,485,3
"R03_F05",3,5,486,1
"R03_F05",3,5,487,1
"R03_F05",3,5,488,1
"R03_F05",3,5,489,3
"R03_F05",3,5,490,3
"R03_F05",3,5,491,4
"R03_F05",3,5,492,3
"R03_F05",3,5,493,3
"R03_F05",3,5,494,2
"R03_F05",3,5,495,4
"R03_F05",3,5,497,2
"R03_F05",3,5,499,2
"R03_F05",3,5,500,3
"R03_F05",3,5,502,2
"R03_F05",3,5,503,2
"R03_F05",3,5,507,4
"R03_F05",3,5,508,4
"R03_F05",3,5,509,3
"R03_F05",3,5,511,4
"R03_F05",3,5,512,4
"R03_F05",3,5,513,1
"R03_F05",3,5,515,1
"R03_F05",3,5,516,3
"R03_F05",3,5,517,2
"R03_F05",3,5,518,2
"R03_F05",3,5,519,1
"R03_F05",3,5,520,4
"R03_F05",3,5,521,1
"R03_F05",3,5,525,1
"R03_F05",3,5,526,2
"R03_F05",3,5,527,4
"R03_F05",3,5,528,3
"R03_F05",3,5,529,3
"R03_F05",3,5,530,3
"R03_F05",3,5,531,2
"R03_F05",3,5,532,2
"R03_F05",3,5,534,4
"R03_F05",3,5,535,1
"R03_F05",3,5,536,4
"R03_F05",3,5,537,2
"R03_F05",3,5,539,3
"R03_F05",3,5,540,2
"R03_F05",3,5,541,1
"R03_F05",3,5,542,2
"R03_F05",3,5,544,3
"R03_F05",3,5,545,4
"R03_F05",3,5,547,1
"R03_F05",3,5,548,4
"R03_F05",3,5,549,4
"R03_F05",3,5,550,4
"R03_F05",3,5,551,3
"R03_F05",3,5,552,4
"R03_F05",3,5,553,2
"R03_F05",3,5,554,4
"R03_F05",3,5,555,3
"R03_F05",3,5,556,1
"R03_F05",3,5,557,2
"R03_F05",3,5,558,3
"R03_F05",3,5,559,3
"R03_F05",3,5,560,2
"R03_F05",3,5,561,2
"R03_F05",3,5,563,4
"R03_F05",3,5,564,3
"R03_F05",3,5,565,3
"R03_F05",3,5,566,3
"R03_F05",3,5,567,3
"R03_F05",3,5,568,2
"R03_F05",3,5,569,2
"R03_F05",3,5,570,2
"R03_F05",3,5,571,3
"R03_F05",3,5,572,1
"R03_F05",3,5,573,4
"R03_F05",3,5,574,3
"R03_F05",3,5,575,3
"R03_F05",3,5,576,4
"R03_F05",3,5,577,1
"R03_F05",3,5,578,3
"R03_F05",3,5,579,4
"R03_F05",3,5,581,3
"R03_F05",3,5,582,1
"R03_F05",3,5,583,2
"R03_F05",3,5,584,4
"R03_F05",3,5,586,2
"R03_F05",3,5,588,2
"R03_F05",3,5,589,2
"R03_F05",3,5,590,4
"R03_F05",3,5,591,2
"R03_F05",3,5,593,4
"R03_F05",3,5,594,4
"R03_F05",3,5,595,2
"R03_F05",3,5,596,4
"R03_F05",3,5,597,3
"R03_F05",3,5,598,4
"R03_F05",3,5,599,1
"R03_F05",3,5,600,3
"R03_F05",3,5,601,2
"R03_F05",3,5,602,1
"R03_F05",3,5,603,1
"R03_F05",3,5,604,1
"R03_F05",3,5,606,4
"R03_F05",3,5,607,3
"R03_F05",3,5,608,4
"R03_F05",3,5,609,4
"R03_F05",3,5,610,1
"R03_F05",3,5,611,4
"R03_F05",3,5,612,4
"R03_F05",3,5,613,2
"R03_F05",3,5,614,2
"R03_F05",3,5,615,3
"R03_F05",3,5,616,2
"R03_F05",3,5,617,2
"R03_F05",3,5,618,4
"R03_F05",3,5,619,2
"R03_F05",3,5,621,1
"R03_F05",3,5,622,2
"R03_F05",3,5,623,2
"R03_F05",3,5,624,4
"R03_F05",3,5,625,3
"R03_F05",3,5,626,1
"R03_F05",3,5,627,3
"R03_F05",3,5,628,1
"R03_F05",3,5,630,2
"R03_F05",3,5,631,2
"R03_F05",3,5,632,1
"R03_F05",3,5,634,3
"R03_F05",3,5,635,1
"R03_F05",3,5,636,2
"R03_F05",3,5,637,3
"R03_F05",3,5,641,1
"R03_F05",3,5,643,2
"R03_F05",3,5,645,4
"R03_F05",3,5,646,1
"R03_F05",3,5,647,1
"R03_F05",3,5,648,3
"R03_F05",3,5,649,2
"R03_F05",3,5,651,1
"R03_F05",3,5,652,3
"R03_F05",3,5,653,2
"R03_F05",3,5,654,3
"R03_F05",3,5,655,3
"R03_F05",3,5,656,2
"R03_F05",3,5,657,2
"R03_F05",3,5,659,3
"R03_F05",3,5,661,4
"R03_F05",3,5,663,4
"R03_F05",3,5,664,3
"R03_F05",3,5,666,3
"R03_F05",3,5,667,3
"R03_F05",3,5,668,3
"R03_F05",3,5,670,4
"R03_F05",3,5,671,4
"R03_F05",3,5,672,1
"R03_F05",3,5,673,2
"R03_F05",3,5,674,4
"R03_F05",3,5,681,4
"R03_F05",3,5,682,2
"R03_F05",3,5,683,4
"R03_F05",3,5,688,3
"R03_F05",3,5,689,2
"R03_F05",3,5,690,3
"R03_F05",3,5,691,3
"R03_F05",3,5,692,2
"R03_F05",3,5,694,4
"R03_F05",3,5,695,1
"R03_F05",3,5,696,3
"R03_F05",3,5,697,1
"R03_F05",3,5,699,1
"R03_F05",3,5,700,2
"R03_F05",3,5,701,4
"R03_F05",3,5,702,2
"R03_F05",3,5,704,1
"R03_F05",3,5,705,1
"R03_F05",3,5,706,4
"R03_F05",3,5,708,3
"R03_F05",3,5,710,3
"R03_F05",3,5,711,1
"R03_F05",3,5,712,3
"R03_F05",3,5,713,1
"R03_F05",3,5,714,3
"R03_F05",3,5,715,4
"R03_F05",3,5,716,4
"R03_F05",3,5,717,4
"R03_F05",3,5,718,1
"R03_F05",3,5,719,4
"R03_F05",3,5,720,1
"R03_F05",3,5,722,1
"R03_F05",3,5,723,4
"R03_F05",3,5,724,1
"R03_F05",3,5,725,1
"R03_F05",3,5,726,1
"R03_F05",3,5,727,1
"R03_F05",3,5,729,3
"R03_F05",3,5,730,4
"R03_F05",3,5,731,4
"R03_F05",3,5,732,4
"R03_F05",3,5,734,3
"R03_F05",3,5,735,3
"R03_F05",3,5,736,1
"R03_F05",3,5,738,3
"R03_F05",3,5,739,3
"R03_F05",3,5,740,3
"R03_F05",3,5,741,2
"R03_F05",3,5,742,3
"R03_F05",3,5,743,1
"R03_F05",3,5,744,2
"R03_F05",3,5,745,4
"R03_F05",3,5,746,4
"R03_F05",3,5,747,3
"R03_F05",3,5,748,4
"R03_F05",3,5,749,4
"R03_F05",3,5,750,1
"R03_F05",3,5,751,1
"R03_F05",3,5,752,3
"R03_F05",3,5,753,2
"R03_F05",3,5,756,1
"R03_F05",3,5,758,2
"R03_F05",3,5,761,2
"R03_F05",3,5,762,3
"R03_F05",3,5,763,1
"R03_F05",3,5,764,1
"R03_F05",3,5,766,1
"R03_F05",3,5,767,3
"R03_F05",3,5,768,4
"R03_F05",3,5,769,3
"R03_F05",3,5,770,1
"R03_F05",3,5,771,4
"R03_F05",3,5,772,3
"R03_F05",3,5,775,2
"R03_F05",3,5,776,3
"R03_F05",3,5,777,1
"R03_F05",3,5,778,4
"R03_F05",3,5,779,3
"R03_F05",3,5,781,2
"R03_F05",3,5,782,4
"R03_F05",3,5,783,4
"R03_F05",3,5,784,1
"R03_F05",3,5,785,1
"R03_F05",3,5,786,2
"R03_F05",3,5,788,2
"R03_F05",3,5,789,2
"R03_F05",3,5,790,3
"R03_F05",3,5,791,3
"R03_F05",3,5,792,1
"R03_F05",3,5,793,2
"R03_F05",3,5,795,1
"R03_F05",3,5,797,1
"R03_F05",3,5,799,4
"R03_F05",3,5,800,4
"R03_F05",3,5,801,2
"R03_F05",3,5,802,4
"R03_F05",3,5,803,3
"R03_F05",3,5,804,4
"R03_F05",3,5,806,2
"R03_F05",3,5,808,1
"R03_F05",3,5,809,1
"R03_F05",3,5,810,1
"R03_F05",3,5,811,1
"R03_F05",3,5,813,4
"R03_F05",3,5,814,1
"R03_F05",3,5,815,3
"R03_F05",3,5,816,4
"R03_F05",3,5,817,4
"R03_F05",3,5,818,4
"R03_F05",3,5,819,1
"R03_F05",3,5,820,4
"R03_F05",3,5,821,3
"R03_F05",3,5,822,4
"R03_F05",3,5,823,4
"R03_F05",3,5,824,1
"R03_F05",3,5,826,3
"R03_F05",3,5,827,4
"R03_F05",3,5,828,1
"R03_F05",3,5,830,2
"R03_F05",3,5,831,2
"R03_F05",3,5,833,4
"R03_F05",3,5,834,4
"R03_F05",3,5,836,3
"R03_F05",3,5,837,3
"R03_F05",3,5,839,2
"R03_F05",3,5,840,3
"R03_F05",3,5,843,3
"R03_F05",3,5,844,1
"R03_F05",3,5,845,2
"R03_F05",3,5,846,3
"R03_F05",3,5,847,1
"R03_F05",3,5,849,3
"R03_F05",3,5,850,3
"R03_F05",3,5,851,3
"R03_F05",3,5,853,3
"R03_F05",3,5,855,1
"R03_F05",3,5,856,4
"R03_F05",3,5,858,1
"R03_F05",3,5,859,4
"R03_F05",3,5,860,4
"R03_F05",3,5,861,1
"R03_F05",3,5,862,3
"R03_F05",3,5,863,4
"R03_F05",3,5,865,4
"R03_F05",3,5,866,4
"R03_F05",3,5,868,2
"R03_F05",3,5,869,4
"R03_F05",3,5,872,3
"R03_F05",3,5,873,1
"R03_F05",3,5,874,3
"R03_F05",3,5,875,4
"R03_F05",3,5,876,3
"R03_F05",3,5,877,4
"R03_F05",3,5,878,2
"R03_F05",3,5,879,3
"R03_F05",3,5,880,1
"R03_F05",3,5,881,2
"R03_F05",3,5,882,2
"R03_F05",3,5,883,2
"R03_F05",3,5,884,1
"R03_F05",3,5,885,4
"R03_F05",3,5,886,4
"R03_F05",3,5,887,3
"R03_F05",3,5,888,4
"R03_F05",3,5,889,4
"R03_F05",3,5,890,4
"R03_F05",3,5,892,2
"R03_F05",3,5,893,2
"R03_F05",3,5,895,4
"R03_F05",3,5,896,2
"R03_F05",3,5,897,3
"R03_F05",3,5,898,2
"R03_F05",3,5,899,1
"R03_F05",3,5,900,3
"R03_F05",3,5,901,2
"R03_F05",3,5,902,1
"R03_F05",3,5,904,3
"R03_F05",3,5,906,1
"R03_F05",3,5,907,3
"R03_F05",3,5,909,4
"R03_F05",3,5,910,4
"R03_F05",3,5,911,4
"R03_F05",3,5,912,2
"R03_F05",3,5,914,3
"R03_F05",3,5,916,2
"R03_F05",3,5,917,4
"R03_F05",3,5,918,2
"R03_F05",3,5,919,4
"R03_F05",3,5,920,1
"R03_F05",3,5,922,1
"R03_F05",3,5,923,2
"R03_F05",3,5,924,1
"R03_F05",3,5,926,4
"R03_F05",3,5,927,1
"R03_F05",3,5,928,4
"R03_F05",3,5,929,1
"R03_F05",3,5,930,3
"R03_F05",3,5,931,1
"R03_F05",3,5,932,1
"R03_F05",3,5,933,4
"R03_F05",3,5,934,2
"R03_F05",3,5,935,4
"R03_F05",3,5,936,4
"R03_F05",3,5,937,3
"R03_F05",3,5,938,2
"R03_F05",3,5,939,1
"R03_F05",3,5,940,1
"R03_F05",3,5,942,3
"R03_F05",3,5,943,2
"R03_F05",3,5,944,3
"R03_F05",3,5,947,4
"R03_F05",3,5,948,2
"R03_F05",3,5,954,3
"R03_F05",3,5,955,1
"R03_F05",3,5,956,2
"R03_F05",3,5,957,3
"R03_F05",3,5,959,1
"R03_F05",3,5,960,2
"R03_F05",3,5,961,3
"R03_F05",3,5,962,3
"R03_F05",3,5,963,2
"R03_F05",3,5,965,4
"R03_F05",3,5,966,3
"R03_F05",3,5,967,1
"R03_F05",3,5,968,1
"R03_F05",3,5,971,3
"R03_F05",3,5,972,4
"R03_F05",3,5,973,1
"R03_F05",3,5,974,4
"R03_F05",3,5,975,3
"R03_F05",3,5,976,3
"R03_F05",3,5,978,1
"R03_F05",3,5,979,4
"R03_F05",3,5,980,2
"R03_F05",3,5,981,3
"R03_F05",3,5,982,2
"R03_F05",3,5,983,4
"R03_F05",3,5,985,3
"R03_F05",3,5,987,4
"R03_F05",3,5,988,4
"R03_F05",3,5,989,3
"R03_F05",3,5,990,2
"R03_F05",3,5,991,1
"R03_F05",3,5,992,1
"R03_F05",3,5,994,2
"R03_F05",3,5,995,2
"R03_F05",3,5,996,3
"R03_F05",3,5,998,4
"R03_F05",3,5,999,4
"R03_F05",3,5,1000,4
"R04_F01",4,1,1,3
"R04_F01",4,1,2,4
"R04_F01",4,1,4,2
"R04_F01",4,1,5,4
"R04_F01",4,1,6,2
"R04_F01",4,1,7,4
"R04_F01",4,1,8,1
"R04_F01",4,1,9,3
"R04_F01",4,1,10,1
"R04_F01",4,1,11,3
"R04_F01",4,1,12,3
"R04_F01",4,1,13,4
"R04_F01",4,1,15,1
"R04_F01",4,1,16,2
"R04_F01",4,1,18,4
"R04_F01",4,1,19,1
"R04_F01",4,1,21,4
"R04_F01",4,1,23,1
"R04_F01",4,1,24,2
"R04_F01",4,1,25,1
"R04_F01",4,1,26,3
"R04_F01",4,1,27,1
"R04_F01",4,1,28,1
"R04_F01",4,1,29,3
"R04_F01",4,1,30,4
"R04_F01",4,1,31,4
"R04_F01",4,1,32,1
"R04_F01",4,1,33,3
"R04_F01",4,1,34,2
"R04_F01",4,1,35,3
"R04_F01",4,1,36,3
"R04_F01",4,1,37,4
"R04_F01",4,1,38,3
"R04_F01",4,1,39,1
"R04_F01",4,1,41,4
"R04_F01",4,1,42,4
"R04_F01",4,1,43,2
"R04_F01",4,1,45,3
"R04_F01",4,1,46,3
"R04_F01",4,1,47,4
"R04_F01",4,1,48,1
"R04_F01",4,1,49,2
"R04_F01",4,1,50,2
"R04_F01",4,1,51,2
"R04_F01",4,1,52,4
"R04_F01",4,1,53,3
"R04_F01",4,1,54,4
"R04_F01",4,1,55,3
"R04_F01",4,1,56,1
"R04_F01",4,1,58,1
"R04_F01",4,1,59,3
"R04_F01",4,1,60,2
"R04_F01",4,1,61,1
"R04_F01",4,1,62,4
"R04_F01",4,1,63,3
"R04_F01",4,1,64,3
"R04_F01",4,1,65,1
"R04_F01",4,1,67,2
"R04_F01",4,1,68,1
"R04_F01",4,1,69,2
"R04_F01",4,1,70,3
"R04_F01",4,1,71,3
"R04_F01",4,1,72,2
"R04_F01",4,1,73,1
"R04_F01",4,1,74,4
"R04_F01",4,1,75,2
"R04_F01",4,1,77,3
"R04_F01",4,1,78,3
"R04_F01",4,1,80,1
"R04_F01",4,1,81,2
"R04_F01",4,1,83,1
"R04_F01",4,1,85,3
"R04_F01",4,1,86,3
"R04_F01",4,1,87,4
"R04_F01",4,1,88,3
"R04_F01",4,1,89,3
"R04_F01",4,1,90,1
"R04_F01",4,1,91,2
"R04_F01",4,1,92,3
"R04_F01",4,1,93,4
"R04_F01",4,1,94,3
"R04_F01",4,1,96,2
"R04_F01",4,1,97,1
"R04_F01",4,1,98,2
"R04_F01",4,1,99,1
"R04_F01",4,1,101,4
"R04_F01",4,1,102,2
"R04_F01",4,1,103,3
"R04_F01",4,1,104,1
"R04_F01",4,1,105,2
"R04_F01",4,1,106,2
"R04_F01",4,1,107,1
"R04_F01",4,1,108,3
"R04_F01",4,1,110,2
"R04_F01",4,1,111,1
"R04_F01",4,1,112,2
"R04_F01",4,1,114,2
"R04_F01",4,1,115,3
"R04_F01",4,1,116,3
"R04_F01",4,1,117,4
"R04_F01",4,1,118,4
"R04_F01",4,1,119,3
"R04_F01",4,1,120,4
"R04_F01",4,1,121,2
"R04_F01",4,1,122,4
"R04_F01",4,1,124,3
"R04_F01",4,1,125,4
"R04_F01",4,1,126,1
"R04_F01",4,1,127,4
"R04_F01",4,1,129,1
"R04_F01",4,1,130,2
"R04_F01",4,1,131,4
"R04_F01",4,1,132,1
"R04_F01",4,1,133,1
"R04_F01",4,1,134,4
"R04_F01",4,1,135,4
"R04_F01",4,1,136,1
"R04_F01",4,1,137,2
"R04_F01",4,1,138,2
"R04_F01",4,1,139,1
"R04_F01",4,1,140,3
"R04_F01",4,1,142,4
"R04_F01",4,1,143,1
"R04_F01",4,1,144,2
"R04_F01",4,1,146,4
"R04_F01",4,1,147,4
"R04_F01",4,1,148,3
"R04_F01",4,1,152,3
"R04_F01",4,1,153,4
"R04_F01",4,1,154,2
"R04_F01",4,1,155,4
"R04_F01",4,1,156,2
"R04_F01",4,1,157,4
"R04_F01",4,1,158,4
"R04_F01",4,1,159,2
"R04_F01",4,1,160,2
"R04_F01",4,1,163,2
"R04_F01",4,1,164,3
"R04_F01",4,1,165,3
"R04_F01",4,1,166,1
"R04_F01",4,1,167,2
"R04_F01",4,1,169,1
"R04_F01",4,1,170,2
"R04_F01",4,1,172,1
"R04_F01",4,1,173,3
"R04_F01",4,1,174,3
"R04_F01",4,1,175,2
"R04_F01",4,1,176,2
"R04_F01",4,1,177,3
"R04_F01",4,1,178,3
"R04_F01",4,1,179,1
"R04_F01",4,1,183,4
"R04_F01",4,1,184,4
"R04_F01",4,1,185,2
"R04_F01",4,1,187,2
"R04_F01",4,1,188,4
"R04_F01",4,1,190,2
"R04_F01",4,1,192,3
"R04_F01",4,1,194,2
"R04_F01",4,1,195,4
"R04_F01",4,1,196,1
"R04_F01",4,1,197,3
"R04_F01",4,1,200,4
"R04_F01",4,1,201,4
"R04_F01",4,1,202,1
"R04_F01",4,1,203,3
"R04_F01",4,1,204,3
"R04_F01",4,1,205,4
"R04_F01",4,1,206,4
"R04_F01",4,1,207,3
"R04_F01",4,1,209,3
"R04_F01",4,1,210,1
"R04_F01",4,1,211,3
"R04_F01",4,1,212,4
"R04_F01",4,1,213,3
"R04_F01",4,1,214,3
"R04_F01",4,1,215,2
"R04_F01",4,1,216,4
"R04_F01",4,1,217,4
"R04_F01",4,1,218,1
"R04_F01",4,1,219,2
"R04_F01",4,1,220,3
"R04_F01",4,1,221,2
"R04_F01",4,1,222,2
"R04_F01",4,1,224,3
"R04_F01",4,1,225,3
"R04_F01",4,1,227,1
"R04_F01",4,1,228,2
"R04_F01",4,1,229,1
"R04_F01",4,1,230,4
"R04_F01",4,1,231,2
"R04_F01",4,1,232,2
"R04_F01",4,1,234,2
"R04_F01",4,1,235,1
"R04_F01",4,1,236,1
"R04_F01",4,1,237,2
"R04_F01",4,1,239,3
"R04_F01",4,1,240,2
"R04_F01",4,1,241,1
"R04_F01",4,1,242,4
"R04_F01",4,1,243,1
"R04_F01",4,1,245,1
"R04_F01",4,1,246,1
"R04_F01",4,1,247,4
"R04_F01",4,1,249,2
"R04_F01",4,1,250,4
"R04_F01",4,1,251,2
"R04_F01",4,1,252,4
"R04_F01",4,1,253,3
"R04_F01",4,1,256,3
"R04_F01",4,1,257,4
"R04_F01",4,1,258,1
"R04_F01",4,1,259,1
"R04_F01",4,1,261,2
"R04_F01",4,1,262,1
"R04_F01",4,1,263,2
"R04_F01",4,1,264,1
"R04_F01",4,1,265,3
"R04_F01",4,1,266,4
"R04_F01",4,1,267,3
"R04_F01",4,1,268,2
"R04_F01",4,1,269,4
"R04_F01",4,1,270,3
"R04_F01",4,1,272,3
"R04_F01",4,1,273,1
"R04_F01",4,1,274,2
"R04_F01",4,1,275,2
"R04_F01",4,1,276,4
"R04_F01",4,1,277,3
"R04_F01",4,1,278,3
"R04_F01",4,1,279,1
"R04_F01",4,1,280,4
"R04_F01",4,1,281,1
"R04_F01",4,1,283,4
"R04_F01",4,1,284,2
"R04_F01",4,1,285,4
"R04_F01",4,1,289,4
"R04_F01",4,1,291,2
"R04_F01",4,1,292,3
"R04_F01",4,1,294,4
"R04_F01",4,1,295,3
"R04_F01",4,1,297,1
"R04_F01",4,1,298,4
"R04_F01",4,1,299,3
"R04_F01",4,1,300,2
"R04_F01",4,1,301,2
"R04_F01",4,1,302,2
"R04_F01",4,1,303,1
"R04_F01",4,1,306,3
"R04_F01",4,1,307,4
"R04_F01",4,1,308,1
"R04_F01",4,1,309,2
"R04_F01",4,1,311,1
"R04_F01",4,1,312,2
"R04_F01",4,1,313,4
"R04_F01",4,1,314,4
"R04_F01",4,1,315,4
"R04_F01",4,1,316,3
"R04_F01",4,1,317,2
"R04_F01",4,1,318,2
"R04_F01",4,1,319,3
"R04_F01",4,1,320,2
"R04_F01",4,1,321,4
"R04_F01",4,1,323,1
"R04_F01",4,1,324,1
"R04_F01",4,1,325,1
"R04_F01",4,1,326,2
"R04_F01",4,1,329,4
"R04_F01",4,1,330,2
"R04_F01",4,1,331,3
"R04_F01",4,1,332,3
"R04_F01",4,1,335,1
"R04_F01",4,1,336,4
"R04_F01",4,1,337,1
"R04_F01",4,1,338,4
"R04_F01",4,1,339,3
"R04_F01",4,1,340,3
"R04_F01",4,1,341,4
"R04_F01",4,1,343,4
"R04_F01",4,1,344,1
"R04_F01",4,1,345,2
"R04_F01",4,1,346,2
"R04_F01",4,1,347,3
"R04_F01",4,1,348,4
"R04_F01",4,1,349,4
"R04_F01",4,1,351,2
"R04_F01",4,1,352,1
"R04_F01",4,1,353,4
"R04_F01",4,1,354,3
"R04_F01",4,1,356,4
"R04_F01",4,1,357,4
"R04_F01",4,1,358,3
"R04_F01",4,1,359,3
"R04_F01",4,1,360,4
"R04_F01",4,1,361,3
"R04_F01",4,1,362,2
"R04_F01",4,1,364,1
"R04_F01",4,1,365,4
"R04_F01",4,1,366,2
"R04_F01",4,1,368,4
"R04_F01",4,1,369,1
"R04_F01",4,1,370,2
"R04_F01",4,1,371,2
"R04_F01",4,1,372,2
"R04_F01",4,1,374,2
"R04_F01",4,1,375,1
"R04_F01",4,1,376,1
"R04_F01",4,1,377,3
"R04_F01",4,1,378,4
"R04_F01",4,1,379,1
"R04_F01",4,1,380,2
"R04_F01",4,1,381,4
"R04_F01",4,1,382,1
"R04_F01",4,1,383,1
"R04_F01",4,1,384,4
"R04_F01",4,1,385,2
"R04_F01",4,1,386,4
"R04_F01",4,1,387,2
"R04_F01",4,1,390,1
"R04_F01",4,1,392,3
"R04_F01",4,1,393,4
"R04_F01",4,1,394,4
"R04_F01",4,1,395,4
"R04_F01",4,1,396,2
"R04_F01",4,1,399,1
"R04_F01",4,1,400,3
"R04_F01",4,1,401,2
"R04_F01",4,1,402,1
"R04_F01",4,1,403,4
"R04_F01",4,1,404,3
"R04_F01",4,1,405,1
"R04_F01",4,1,406,3
"R04_F01",4,1,409,3
"R04_F01",4,1,411,1
"R04_F01",4,1,412,1
"R04_F01",4,1,413,1
"R04_F01",4,1,415,1
"R04_F01",4,1,417,2
"R04_F01",4,1,420,2
"R04_F01",4,1,421,4
"R04_F01",4,1,422,2
"R04_F01",4,1,423,3
"R04_F01",4,1,425,4
"R04_F01",4,1,426,2
"R04_F01",4,1,428,4
"R04_F01",4,1,429,1
"R04_F01",4,1,430,4
"R04_F01",4,1,431,3
"R04_F01",4,1,432,2
"R04_F01",4,1,433,4
"R04_F01",4,1,434,3
"R04_F01",4,1,436,2
"R04_F01",4,1,437,1
"R04_F01",4,1,438,2
"R04_F01",4,1,440,3
"R04_F01",4,1,441,1
"R04_F01",4,1,443,2
"R04_F01",4,1,444,4
"R04_F01",4,1,445,1
"R04_F01",4,1,446,2
"R04_F01",4,1,447,2
"R04_F01",4,1,449,4
"R04_F01",4,1,450,4
"R04_F01",4,1,452,3
"R04_F01",4,1,454,3
"R04_F01",4,1,457,3
"R04_F01",4,1,458,3
"R04_F01",4,1,459,4
"R04_F01",4,1,460,3
"R04_F01",4,1,461,4
"R04_F01",4,1,462,2
"R04_F01",4,1,466,2
"R04_F01",4,1,467,3
"R04_F01",4,1,468,2
"R04_F01",4,1,469,3
"R04_F01",4,1,470,2
"R04_F01",4,1,471,4
"R04_F01",4,1,472,1
"R04_F01",4,1,474,3
"R04_F01",4,1,476,4
"R04_F01",4,1,477,3
"R04_F01",4,1,478,1
"R04_F01",4,1,479,2
"R04_F01",4,1,481,4
"R04_F01",4,1,482,3
"R04_F01",4,1,483,1
"R04_F01",4,1,484,4
"R04_F01",4,1,485,1
"R04_F01",4,1,486,1
"R04_F01",4,1,487,3
"R04_F01",4,1,488,3
"R04_F01",4,1,489,4
"R04_F01",4,1,490,3
"R04_F01",4,1,491,4
"R04_F01",4,1,492,4
"R04_F01",4,1,493,3
"R04_F01",4,1,494,4
"R04_F01",4,1,495,1
"R04_F01",4,1,496,2
"R04_F01",4,1,497,1
"R04_F01",4,1,498,2
"R04_F01",4,1,499,4
"R04_F01",4,1,500,2
"R04_F01",4,1,501,2
"R04_F01",4,1,502,1
"R04_F01",4,1,503,3
"R04_F01",4,1,504,4
"R04_F01",4,1,505,1
"R04_F01",4,1,506,3
"R04_F01",4,1,509,3
"R04_F01",4,1,510,3
"R04_F01",4,1,511,2
"R04_F01",4,1,512,1
"R04_F01",4,1,515,4
"R04_F01",4,1,516,2
"R04_F01",4,1,518,3
"R04_F01",4,1,519,4
"R04_F01",4,1,520,1
"R04_F01",4,1,521,3
"R04_F01",4,1,523,2
"R04_F01",4,1,524,3
"R04_F01",4,1,525,2
"R04_F01",4,1,526,4
"R04_F01",4,1,527,3
"R04_F01",4,1,528,1
"R04_F01",4,1,529,4
"R04_F01",4,1,530,2
"R04_F01",4,1,531,3
"R04_F01",4,1,532,3
"R04_F01",4,1,533,1
"R04_F01",4,1,534,4
"R04_F01",4,1,535,2
"R04_F01",4,1,536,4
"R04_F01",4,1,537,2
"R04_F01",4,1,538,1
"R04_F01",4,1,539,1
"R04_F01",4,1,540,4
"R04_F01",4,1,541,3
"R04_F01",4,1,542,4
"R04_F01",4,1,545,3
"R04_F01",4,1,547,4
"R04_F01",4,1,548,4
"R04_F01",4,1,549,1
"R04_F01",4,1,550,4
"R04_F01",4,1,551,2
"R04_F01",4,1,552,1
"R04_F01",4,1,553,3
"R04_F01",4,1,554,2
"R04_F01",4,1,555,3
"R04_F01",4,1,556,3
"R04_F01",4,1,557,2
"R04_F01",4,1,559,4
"R04_F01",4,1,561,2
"R04_F01",4,1,562,3
"R04_F01",4,1,563,1
"R04_F01",4,1,564,4
"R04_F01",4,1,565,3
"R04_F01",4,1,566,2
"R04_F01",4,1,567,3
"R04_F01",4,1,568,3
"R04_F01",4,1,570,2
"R04_F01",4,1,571,3
"R04_F01",4,1,572,2
"R04_F01",4,1,573,2
"R04_F01",4,1,574,1
"R04_F01",4,1,576,2
"R04_F01",4,1,577,4
"R04_F01",4,1,578,4
"R04_F01",4,1,579,3
"R04_F01",4,1,580,2
"R04_F01",4,1,581,1
"R04_F01",4,1,583,2
"R04_F01",4,1,584,2
"R04_F01",4,1,585,1
"R04_F01",4,1,586,1
"R04_F01",4,1,587,4
"R04_F01",4,1,588,2
"R04_F01",4,1,590,3
"R04_F01",4,1,591,2
"R04_F01",4,1,592,4
"R04_F01",4,1,593,4
"R04_F01",4,1,595,2
"R04_F01",4,1,596,3
"R04_F01",4,1,597,2
"R04_F01",4,1,599,2
"R04_F01",4,1,600,2
"R04_F01",4,1,601,1
"R04_F01",4,1,603,4
"R04_F01",4,1,605,2
"R04_F01",4,1,608,4
"R04_F01",4,1,609,1
"R04_F01",4,1,610,4
"R04_F01",4,1,611,4
"R04_F01",4,1,612,1
"R04_F01",4,1,613,3
"R04_F01",4,1,614,3
"R04_F01",4,1,615,1
"R04_F01",4,1,616,4
"R04_F01",4,1,617,3
"R04_F01",4,1,618,3
"R04_F01",4,1,620,4
"R04_F01",4,1,622,3
"R04_F01",4,1,623,1
"R04_F01",4,1,626,2
"R04_F01",4,1,628,1
"R04_F01",4,1,629,2
"R04_F01",4,1,630,2
"R04_F01",4,1,631,1
"R04_F01",4,1,632,3
"R04_F01",4,1,633,3
"R04_F01",4,1,636,2
"R04_F01",4,1,638,2
"R04_F01",4,1,639,4
"R04_F01",4,1,641,4
"R04_F01",4,1,642,4
"R04_F01",4,1,643,1
"R04_F01",4,1,645,1
"R04_F01",4,1,646,1
"R04_F01",4,1,647,3
"R04_F01",4,1,650,4
"R04_F01",4,1,651,1
"R04_F01",4,1,652,1
"R04_F01",4,1,653,3
"R04_F01",4,1,654,3
"R04_F01",4,1,656,2
"R04_F01",4,1,659,2
"R04_F01",4,1,661,1
"R04_F01",4,1,662,1
"R04_F01",4,1,663,2
"R04_F01",4,1,664,1
"R04_F01",4,1,665,1
"R04_F01",4,1,666,3
"R04_F01",4,1,667,3
"R04_F01",4,1,668,1
"R04_F01",4,1,669,2
"R04_F01",4,1,670,3
"R04_F01",4,1,672,2
"R04_F01",4,1,673,1
"R04_F01",4,1,674,4
"R04_F01",4,1,675,4
"R04_F01",4,1,676,2
"R04_F01",4,1,677,1
"R04_F01",4,1,678,3
"R04_F01",4,1,679,4
"R04_F01",4,1,680,2
"R04_F01",4,1,681,4
"R04_F01",4,1,682,2
"R04_F01",4,1,683,4
"R04_F01",4,1,684,3
"R04_F01",4,1,685,3
"R04_F01",4,1,687,1
"R04_F01",4,1,688,3
"R04_F01",4,1,689,4
"R04_F01",4,1,690,1
"R04_F01",4,1,691,1
"R04_F01",4,1,693,4
"R04_F01",4,1,694,4
"R04_F01",4,1,695,2
"R04_F01",4,1,696,4
"R04_F01",4,1,697,1
"R04_F01",4,1,698,1
"R04_F01",4,1,701,3
"R04_F01",4,1,702,1
"R04_F01",4,1,703,3
"R04_F01",4,1,704,3
"R04_F01",4,1,706,1
"R04_F01",4,1,708,1
"R04_F01",4,1,709,2
"R04_F01",4,1,710,4
"R04_F01",4,1,712,3
"R04_F01",4,1,714,4
"R04_F01",4,1,715,1
"R04_F01",4,1,717,3
"R04_F01",4,1,718,2
"R04_F01",4,1,719,3
"R04_F01",4,1,720,1
"R04_F01",4,1,722,2
"R04_F01",4,1,723,4
"R04_F01",4,1,724,2
"R04_F01",4,1,725,4
"R04_F01",4,1,727,1
"R04_F01",4,1,729,2
"R04_F01",4,1,730,3
"R04_F01",4,1,731,4
"R04_F01",4,1,733,2
"R04_F01",4,1,734,2
"R04_F01",4,1,735,1
"R04_F01",4,1,738,1
"R04_F01",4,1,739,3
"R04_F01",4,1,740,2
"R04_F01",4,1,741,4
"R04_F01",4,1,742,1
"R04_F01",4,1,743,4
"R04_F01",4,1,744,2
"R04_F01",4,1,745,2
"R04_F01",4,1,747,4
"R04_F01",4,1,748,4
"R04_F01",4,1,749,2
"R04_F01",4,1,750,1
"R04_F01",4,1,752,3
"R04_F01",4,1,753,3
"R04_F01",4,1,754,1
"R04_F01",4,1,755,4
"R04_F01",4,1,757,2
"R04_F01",4,1,759,3
"R04_F01",4,1,761,2
"R04_F01",4,1,762,4
"R04_F01",4,1,763,1
"R04_F01",4,1,764,1
"R04_F01",4,1,765,2
"R04_F01",4,1,766,2
"R04_F01",4,1,767,1
"R04_F01",4,1,768,4
"R04_F01",4,1,769,4
"R04_F01",4,1,770,4
"R04_F01",4,1,772,1
"R04_F01",4,1,773,4
"R04_F01",4,1,775,3
"R04_F01",4,1,776,3
"R04_F01",4,1,777,3
"R04_F01",4,1,778,3
"R04_F01",4,1,780,1
"R04_F01",4,1,781,4
"R04_F01",4,1,782,1
"R04_F01",4,1,784,2
"R04_F01",4,1,785,1
"R04_F01",4,1,786,2
"R04_F01",4,1,787,4
"R04_F01",4,1,789,1
"R04_F01",4,1,790,3
"R04_F01",4,1,791,3
"R04_F01",4,1,792,3
"R04_F01",4,1,793,3
"R04_F01",4,1,795,3
"R04_F01",4,1,796,1
"R04_F01",4,1,797,2
"R04_F01",4,1,798,1
"R04_F01",4,1,799,4
"R04_F01",4,1,800,3
"R04_F01",4,1,801,4
"R04_F01",4,1,802,3
"R04_F01",4,1,803,2
"R04_F01",4,1,804,2
"R04_F01",4,1,805,1
"R04_F01",4,1,806,2
"R04_F01",4,1,807,4
"R04_F01",4,1,808,4
"R04_F01",4,1,809,3
"R04_F01",4,1,811,3
"R04_F01",4,1,812,1
"R04_F01",4,1,813,1
"R04_F01",4,1,814,2
"R04_F01",4,1,815,2
"R04_F01",4,1,816,4
"R04_F01",4,1,817,4
"R04_F01",4,1,818,3
"R04_F01",4,1,819,2
"R04_F01",4,1,820,4
"R04_F01",4,1,822,3
"R04_F01",4,1,823,2
"R04_F01",4,1,824,3
"R04_F01",4,1,825,4
"R04_F01",4,1,827,4
"R04_F01",4,1,828,3
"R04_F01",4,1,830,1
"R04_F01",4,1,831,4
"R04_F01",4,1,832,4
"R04_F01",4,1,833,2
"R04_F01",4,1,834,1
"R04_F01",4,1,836,1
"R04_F01",4,1,837,4
"R04_F01",4,1,838,3
"R04_F01",4,1,839,4
"R04_F01",4,1,840,2
"R04_F01",4,1,841,3
"R04_F01",4,1,842,2
"R04_F01",4,1,845,2
"R04_F01",4,1,846,2
"R04_F01",4,1,847,4
"R04_F01",4,1,848,4
"R04_F01",4,1,850,4
"R04_F01",4,1,852,1
"R04_F01",4,1,854,1
"R04_F01",4,1,855,2
"R04_F01",4,1,856,3
"R04_F01",4,1,858,1
"R04_F01",4,1,860,2
"R04_F01",4,1,861,2
"R04_F01",4,1,865,1
"R04_F01",4,1,866,1
"R04_F01",4,1,867,3
"R04_F01",4,1,868,2
"R04_F01",4,1,869,3
"R04_F01",4,1,870,4
"R04_F01",4,1,871,4
"R04_F01",4,1,872,1
"R04_F01",4,1,873,2
"R04_F01",4,1,874,3
"R04_F01",4,1,875,1
"R04_F01",4,1,876,1
"R04_F01",4,1,877,1
"R04_F01",4,1,878,4
"R04_F01",4,1,879,1
"R04_F01",4,1,880,1
"R04_F01",4,1,881,2
"R04_F01",4,1,882,4
"R04_F01",4,1,884,4
"R04_F01",4,1,886,2
"R04_F01",4,1,889,4
"R04_F01",4,1,892,1
"R04_F01",4,1,893,3
"R04_F01",4,1,894,2
"R04_F01",4,1,896,3
"R04_F01",4,1,897,1
"R04_F01",4,1,899,4
"R04_F01",4,1,900,1
"R04_F01",4,1,901,2
"R04_F01",4,1,902,4
"R04_F01",4,1,903,1
"R04_F01",4,1,904,2
"R04_F01",4,1,906,4
"R04_F01",4,1,907,2
"R04_F01",4,1,909,1
"R04_F01",4,1,910,2
"R04_F01",4,1,911,3
"R04_F01",4,1,912,2
"R04_F01",4,1,913,4
"R04_F01",4,1,914,3
"R04_F01",4,1,915,1
"R04_F01",4,1,918,2
"R04_F01",4,1,919,1
"R04_F01",4,1,920,3
"R04_F01",4,1,921,2
"R04_F01",4,1,922,1
"R04_F01",4,1,923,4
"R04_F01",4,1,924,1
"R04_F01",4,1,925,3
"R04_F01",4,1,926,1
"R04_F01",4,1,929,1
"R04_F01",4,1,930,4
"R04_F01",4,1,931,2
"R04_F01",4,1,932,1
"R04_F01",4,1,933,2
"R04_F01",4,1,935,2
"R04_F01",4,1,936,3
"R04_F01",4,1,937,4
"R04_F01",4,1,938,3
"R04_F01",4,1,939,4
"R04_F01",4,1,940,2
"R04_F01",4,1,941,2
"R04_F01",4,1,942,3
"R04_F01",4,1,943,1
"R04_F01",4,1,944,1
"R04_F01",4,1,945,3
"R04_F01",4,1,947,1
"R04_F01",4,1,948,4
"R04_F01",4,1,949,1
"R04_F01",4,1,950,2
"R04_F01",4,1,951,2
"R04_F01",4,1,952,1
"R04_F01",4,1,953,4
"R04_F01",4,1,954,3
"R04_F01",4,1,955,4
"R04_F01",4,1,956,3
"R04_F01",4,1,958,1
"R04_F01",4,1,959,2
"R04_F01",4,1,960,3
"R04_F01",4,1,962,2
"R04_F01",4,1,963,1
"R04_F01",4,1,964,1
"R04_F01",4,1,965,1
"R04_F01",4,1,966,1
"R04_F01",4,1,967,1
"R04_F01",4,1,968,3
"R04_F01",4,1,969,1
"R04_F01",4,1,970,1
"R04_F01",4,1,972,1
"R04_F01",4,1,974,3
"R04_F01",4,1,975,1
"R04_F01",4,1,976,1
"R04_F01",4,1,977,3
"R04_F01",4,1,978,4
"R04_F01",4,1,979,2
"R04_F01",4,1,981,4
"R04_F01",4,1,982,1
"R04_F01",4,1,983,4
"R04_F01",4,1,984,3
"R04_F01",4,1,985,4
"R04_F01",4,1,986,3
"R04_F01",4,1,988,1
"R04_F01",4,1,989,4
"R04_F01",4,1,990,3
"R04_F01",4,1,992,3
"R04_F01",4,1,993,3
"R04_F01",4,1,994,4
"R04_F01",4,1,995,3
"R04_F01",4,1,996,1
"R04_F01",4,1,998,2
"R04_F01",4,1,999,3
"R04_F01",4,1,1000,3
"R04_F02",4,2,1,2
"R04_F02",4,2,2,1
"R04_F02",4,2,3,1
"R04_F02",4,2,4,2
"R04_F02",4,2,6,1
"R04_F02",4,2,7,4
"R04_F02",4,2,8,1
"R04_F02",4,2,9,2
"R04_F02",4,2,11,2
"R04_F02",4,2,12,1
"R04_F02",4,2,13,4
"R04_F02",4,2,14,4
"R04_F02",4,2,15,4
"R04_F02",4,2,17,4
"R04_F02",4,2,18,1
"R04_F02",4,2,19,4
"R04_F02",4,2,20,3
"R04_F02",4,2,21,2
"R04_F02",4,2,22,1
"R04_F02",4,2,25,1
"R04_F02",4,2,28,4
"R04_F02",4,2,29,1
"R04_F02",4,2,30,3
"R04_F02",4,2,31,1
"R04_F02",4,2,32,4
"R04_F02",4,2,34,4
"R04_F02",4,2,35,1
"R04_F02",4,2,37,1
"R04_F02",4,2,38,1
"R04_F02",4,2,40,1
"R04_F02",4,2,41,1
"R04_F02",4,2,43,1
"R04_F02",4,2,44,3
"R04_F02",4,2,45,3
"R04_F02",4,2,46,2
"R04_F02",4,2,47,4
"R04_F02",4,2,48,2
"R04_F02",4,2,49,2
"R04_F02",4,2,50,4
"R04_F02",4,2,51,1
"R04_F02",4,2,53,1
"R04_F02",4,2,56,1
"R04_F02",4,2,57,4
"R04_F02",4,2,58,3
"R04_F02",4,2,61,3
"R04_F02",4,2,62,1
"R04_F02",4,2,63,4
"R04_F02",4,2,65,3
"R04_F02",4,2,66,3
"R04_F02",4,2,67,2
"R04_F02",4,2,68,1
"R04_F02",4,2,70,2
"R04_F02",4,2,71,4
"R04_F02",4,2,72,4
"R04_F02",4,2,73,2
"R04_F02",4,2,74,4
"R04_F02",4,2,75,2
"R04_F02",4,2,76,4
"R04_F02",4,2,77,3
"R04_F02",4,2,79,3
"R04_F02",4,2,80,4
"R04_F02",4,2,82,3
"R04_F02",4,2,83,2
"R04_F02",4,2,84,2
"R04_F02",4,2,85,4
"R04_F02",4,2,86,1
"R04_F02",4,2,87,2
"R04_F02",4,2,89,2
"R04_F02",4,2,92,4
"R04_F02",4,2,93,1
"R04_F02",4,2,94,4
"R04_F02",4,2,95,3
"R04_F02",4,2,96,3
"R04_F02",4,2,98,2
"R04_F02",4,2,99,4
"R04_F02",4,2,100,4
"R04_F02",4,2,102,4
"R04_F02",4,2,103,1
"R04_F02",4,2,104,3
"R04_F02",4,2,105,3
"R04_F02",4,2,106,2
"R04_F02",4,2,107,2
"R04_F02",4,2,108,1
"R04_F02",4,2,109,1
"R04_F02",4,2,110,1
"R04_F02",4,2,112,1
"R04_F02",4,2,113,4
"R04_F02",4,2,115,1
"R04_F02",4,2,117,3
"R04_F02",4,2,118,3
"R04_F02",4,2,121,3
"R04_F02",4,2,122,2
"R04_F02",4,2,123,2
"R04_F02",4,2,125,1
"R04_F02",4,2,126,2
"R04_F02",4,2,127,2
"R04_F02",4,2,128,4
"R04_F02",4,2,129,1
"R04_F02",4,2,132,1
"R04_F02",4,2,133,2
"R04_F02",4,2,134,2
"R04_F02",4,2,135,2
"R04_F02",4,2,136,2
"R04_F02",4,2,138,3
"R04_F02",4,2,140,4
"R04_F02",4,2,141,1
"R04_F02",4,2,142,2
"R04_F02",4,2,143,3
"R04_F02",4,2,144,1
"R04_F02",4,2,145,4
"R04_F02",4,2,146,2
"R04_F02",4,2,147,2
"R04_F02",4,2,149,2
"R04_F02",4,2,150,1
"R04_F02",4,2,151,2
"R04_F02",4,2,152,2
"R04_F02",4,2,153,4
"R04_F02",4,2,154,2
"R04_F02",4,2,156,4
"R04_F02",4,2,157,2
"R04_F02",4,2,158,4
"R04_F02",4,2,159,1
"R04_F02",4,2,161,3
"R04_F02",4,2,162,4
"R04_F02",4,2,163,1
"R04_F02",4,2,165,1
"R04_F02",4,2,166,3
"R04_F02",4,2,167,4
"R04_F02",4,2,168,3
"R04_F02",4,2,169,2
"R04_F02",4,2,170,1
"R04_F02",4,2,171,1
"R04_F02",4,2,172,3
"R04_F02",4,2,173,4
"R04_F02",4,2,174,3
"R04_F02",4,2,175,4
"R04_F02",4,2,176,2
"R04_F02",4,2,177,1
"R04_F02",4,2,178,4
"R04_F02",4,2,179,2
"R04_F02",4,2,180,1
"R04_F02",4,2,181,1
"R04_F02",4,2,182,2
"R04_F02",4,2,183,2
"R04_F02",4,2,184,4
"R04_F02",4,2,185,1
"R04_F02",4,2,186,3
"R04_F02",4,2,187,1
"R04_F02",4,2,188,3
"R04_F02",4,2,189,2
"R04_F02",4,2,190,3
"R04_F02",4,2,191,2
"R04_F02",4,2,192,2
"R04_F02",4,2,193,3
"R04_F02",4,2,195,3
"R04_F02",4,2,198,3
"R04_F02",4,2,199,3
"R04_F02",4,2,200,3
"R04_F02",4,2,201,2
"R04_F02",4,2,203,2
"R04_F02",4,2,204,2
"R04_F02",4,2,205,4
"R04_F02",4,2,207,3
"R04_F02",4,2,208,1
"R04_F02",4,2,209,2
"R04_F02",4,2,210,1
"R04_F02",4,2,211,2
"R04_F02",4,2,212,4
"R04_F02",4,2,213,4
"R04_F02",4,2,215,3
"R04_F02",4,2,217,2
"R04_F02",4,2,219,4
"R04_F02",4,2,221,4
"R04_F02",4,2,223,3
"R04_F02",4,2,225,1
"R04_F02",4,2,226,3
"R04_F02",4,2,229,2
"R04_F02",4,2,230,3
"R04_F02",4,2,231,4
"R04_F02",4,2,232,2
"R04_F02",4,2,233,2
"R04_F02",4,2,234,3
"R04_F02",4,2,235,1
"R04_F02",4,2,236,2
"R04_F02",4,2,238,1
"R04_F02",4,2,239,2
"R04_F02",4,2,240,1
"R04_F02",4,2,241,3
"R04_F02",4,2,242,4
"R04_F02",4,2,244,3
"R04_F02",4,2,246,1
"R04_F02",4,2,247,2
"R04_F02",4,2,248,3
"R04_F02",4,2,249,1
"R04_F02",4,2,250,4
"R04_F02",4,2,251,2
"R04_F02",4,2,253,3
"R04_F02",4,2,254,4
"R04_F02",4,2,255,4
"R04_F02",4,2,257,1
"R04_F02",4,2,258,2
"R04_F02",4,2,259,3
"R04_F02",4,2,260,3
"R04_F02",4,2,262,3
"R04_F02",4,2,264,2
"R04_F02",4,2,265,1
"R04_F02",4,2,267,2
"R04_F02",4,2,268,2
"R04_F02",4,2,269,3
"R04_F02",4,2,270,1
"R04_F02",4,2,271,1
"R04_F02",4,2,272,1
"R04_F02",4,2,273,2
"R04_F02",4,2,274,2
"R04_F02",4,2,275,4
"R04_F02",4,2,277,3
"R04_F02",4,2,278,2
"R04_F02",4,2,279,2
"R04_F02",4,2,280,3
"R04_F02",4,2,281,1
"R04_F02",4,2,282,2
"R04_F02",4,2,283,1
"R04_F02",4,2,284,1
"R04_F02",4,2,286,1
"R04_F02",4,2,287,3
"R04_F02",4,2,288,4
"R04_F02",4,2,290,3
"R04_F02",4,2,291,4
"R04_F02",4,2,293,1
"R04_F02",4,2,294,2
"R04_F02",4,2,295,4
"R04_F02",4,2,296,2
"R04_F02",4,2,298,1
"R04_F02",4,2,299,2
"R04_F02",4,2,300,1
"R04_F02",4,2,303,3
"R04_F02",4,2,304,3
"R04_F02",4,2,305,2
"R04_F02",4,2,306,2
"R04_F02",4,2,307,3
"R04_F02",4,2,308,3
"R04_F02",4,2,309,4
"R04_F02",4,2,310,2
"R04_F02",4,2,311,4
"R04_F02",4,2,312,2
"R04_F02",4,2,313,2
"R04_F02",4,2,314,3
"R04_F02",4,2,315,4
"R04_F02",4,2,316,3
"R04_F02",4,2,318,1
"R04_F02",4,2,319,3
"R04_F02",4,2,320,1
"R04_F02",4,2,321,4
"R04_F02",4,2,322,4
"R04_F02",4,2,323,3
"R04_F02",4,2,324,3
"R04_F02",4,2,325,3
"R04_F02",4,2,327,1
"R04_F02",4,2,328,4
"R04_F02",4,2,330,2
"R04_F02",4,2,331,3
"R04_F02",4,2,332,3
"R04_F02",4,2,333,2
"R04_F02",4,2,334,4
"R04_F02",4,2,337,1
"R04_F02",4,2,339,3
"R04_F02",4,2,341,4
"R04_F02",4,2,342,3
"R04_F02",4,2,343,3
"R04_F02",4,2,344,4
"R04_F02",4,2,345,2
"R04_F02",4,2,346,2
"R04_F02",4,2,347,2
"R04_F02",4,2,348,3
"R04_F02",4,2,350,3
"R04_F02",4,2,351,3
"R04_F02",4,2,352,3
"R04_F02",4,2,353,3
"R04_F02",4,2,354,2
"R04_F02",4,2,355,3
"R04_F02",4,2,358,4
"R04_F02",4,2,359,3
"R04_F02",4,2,360,2
"R04_F02",4,2,362,1
"R04_F02",4,2,363,2
"R04_F02",4,2,364,3
"R04_F02",4,2,365,2
"R04_F02",4,2,366,1
"R04_F02",4,2,367,4
"R04_F02",4,2,369,1
"R04_F02",4,2,370,3
"R04_F02",4,2,371,4
"R04_F02",4,2,372,4
"R04_F02",4,2,373,1
"R04_F02",4,2,374,3
"R04_F02",4,2,375,2
"R04_F02",4,2,376,1
"R04_F02",4,2,378,1
"R04_F02",4,2,379,2
"R04_F02",4,2,381,1
"R04_F02",4,2,382,1
"R04_F02",4,2,383,2
"R04_F02",4,2,385,1
"R04_F02",4,2,386,2
"R04_F02",4,2,387,4
"R04_F02",4,2,388,2
"R04_F02",4,2,389,3
"R04_F02",4,2,390,4
"R04_F02",4,2,391,2
"R04_F02",4,2,392,3
"R04_F02",4,2,393,1
"R04_F02",4,2,395,4
"R04_F02",4,2,396,1
"R04_F02",4,2,397,1
"R04_F02",4,2,398,4
"R04_F02",4,2,399,1
"R04_F02",4,2,400,4
"R04_F02",4,2,403,3
"R04_F02",4,2,404,1
"R04_F02",4,2,405,1
"R04_F02",4,2,406,3
"R04_F02",4,2,407,1
"R04_F02",4,2,408,1
"R04_F02",4,2,409,1
"R04_F02",4,2,410,4
"R04_F02",4,2,411,1
"R04_F02",4,2,412,2
"R04_F02",4,2,413,3
"R04_F02",4,2,414,4
"R04_F02",4,2,415,2
"R04_F02",4,2,416,2
"R04_F02",4,2,417,1
"R04_F02",4,2,418,2
"R04_F02",4,2,419,4
"R04_F02",4,2,420,1
"R04_F02",4,2,421,2
"R04_F02",4,2,424,4
"R04_F02",4,2,425,1
"R04_F02",4,2,426,2
"R04_F02",4,2,427,1
"R04_F02",4,2,428,2
"R04_F02",4,2,429,3
"R04_F02",4,2,430,4
"R04_F02",4,2,431,2
"R04_F02",4,2,432,2
"R04_F02",4,2,433,4
"R04_F02",4,2,434,3
"R04_F02",4,2,435,3
"R04_F02",4,2,436,2
"R04_F02",4,2,439,1
"R04_F02",4,2,440,1
"R04_F02",4,2,441,1
"R04_F02",4,2,442,2
"R04_F02",4,2,443,1
"R04_F02",4,2,445,2
"R04_F02",4,2,446,4
"R04_F02",4,2,447,3
"R04_F02",4,2,448,2
"R04_F02",4,2,449,4
"R04_F02",4,2,451,3
"R04_F02",4,2,452,2
"R04_F02",4,2,453,3
"R04_F02",4,2,454,3
"R04_F02",4,2,455,4
"R04_F02",4,2,456,2
"R04_F02",4,2,457,1
"R04_F02",4,2,458,3
"R04_F02",4,2,459,2
"R04_F02",4,2,460,3
"R04_F02",4,2,461,4
"R04_F02",4,2,462,3
"R04_F02",4,2,463,2
"R04_F02",4,2,464,2
"R04_F02",4,2,465,1
"R04_F02",4,2,466,2
"R04_F02",4,2,467,1
"R04_F02",4,2,468,4
"R04_F02",4,2,469,2
"R04_F02",4,2,470,1
"R04_F02",4,2,471,3
"R04_F02",4,2,473,4
"R04_F02",4,2,474,2
"R04_F02",4,2,475,4
"R04_F02",4,2,477,3
"R04_F02",4,2,479,3
"R04_F02",4,2,480,2
"R04_F02",4,2,481,4
"R04_F02",4,2,482,4
"R04_F02",4,2,483,4
"R04_F02",4,2,484,4
"R04_F02",4,2,485,3
"R04_F02",4,2,486,2
"R04_F02",4,2,487,2
"R04_F02",4,2,490,4
"R04_F02",4,2,491,4
"R04_F02",4,2,492,3
"R04_F02",4,2,493,3
"R04_F02",4,2,494,3
"R04_F02",4,2,495,3
"R04_F02",4,2,496,1
"R04_F02",4,2,497,1
"R04_F02",4,2,499,2
"R04_F02",4,2,502,3
"R04_F02",4,2,503,2
"R04_F02",4,2,504,4
"R04_F02",4,2,506,4
"R04_F02",4,2,507,1
"R04_F02",4,2,508,4
"R04_F02",4,2,509,4
"R04_F02",4,2,510,4
"R04_F02",4,2,511,3
"R04_F02",4,2,512,4
"R04_F02",4,2,513,1
"R04_F02",4,2,514,2
"R04_F02",4,2,515,4
"R04_F02",4,2,516,1
"R04_F02",4,2,517,4
"R04_F02",4,2,518,2
"R04_F02",4,2,519,3
"R04_F02",4,2,520,1
"R04_F02",4,2,521,2
"R04_F02",4,2,522,4
"R04_F02",4,2,524,4
"R04_F02",4,2,525,1
"R04_F02",4,2,528,3
"R04_F02",4,2,530,1
"R04_F02",4,2,531,4
"R04_F02",4,2,532,3
"R04_F02",4,2,534,2
"R04_F02",4,2,535,1
"R04_F02",4,2,536,3
"R04_F02",4,2,537,4
"R04_F02",4,2,539,4
"R04_F02",4,2,540,4
"R04_F02",4,2,542,2
"R04_F02",4,2,543,4
"R04_F02",4,2,544,1
"R04_F02",4,2,545,2
"R04_F02",4,2,546,4
"R04_F02",4,2,547,4
"R04_F02",4,2,549,1
"R04_F02",4,2,550,2
"R04_F02",4,2,551,4
"R04_F02",4,2,552,2
"R04_F02",4,2,553,4
"R04_F02",4,2,554,4
"R04_F02",4,2,555,4
"R04_F02",4,2,556,4
"R04_F02",4,2,557,4
"R04_F02",4,2,558,4
"R04_F02",4,2,559,1
"R04_F02",4,2,560,2
"R04_F02",4,2,562,2
"R04_F02",4,2,563,1
"R04_F02",4,2,564,2
"R04_F02",4,2,567,4
"R04_F02",4,2,568,3
"R04_F02",4,2,569,2
"R04_F02",4,2,570,3
"R04_F02",4,2,571,4
"R04_F02",4,2,572,1
"R04_F02",4,2,573,2
"R04_F02",4,2,574,4
"R04_F02",4,2,575,3
"R04_F02",4,2,576,2
"R04_F02",4,2,578,2
"R04_F02",4,2,579,3
"R04_F02",4,2,580,4
"R04_F02",4,2,581,3
"R04_F02",4,2,582,3
"R04_F02",4,2,584,2
"R04_F02",4,2,585,2
"R04_F02",4,2,586,1
"R04_F02",4,2,587,1
"R04_F02",4,2,588,3
"R04_F02",4,2,589,2
"R04_F02",4,2,590,2
"R04_F02",4,2,593,1
"R04_F02",4,2,594,3
"R04_F02",4,2,595,2
"R04_F02",4,2,596,1
"R04_F02",4,2,598,1
"R04_F02",4,2,599,3
"R04_F02",4,2,600,3
"R04_F02",4,2,601,3
"R04_F02",4,2,602,4
"R04_F02",4,2,603,4
"R04_F02",4,2,604,4
"R04_F02",4,2,605,3
"R04_F02",4,2,606,4
"R04_F02",4,2,607,1
"R04_F02",4,2,609,4
"R04_F02",4,2,610,4
"R04_F02",4,2,611,4
"R04_F02",4,2,612,1
"R04_F02",4,2,614,2
"R04_F02",4,2,615,4
"R04_F02",4,2,616,1
"R04_F02",4,2,619,4
"R04_F02",4,2,620,2
"R04_F02",4,2,621,2
"R04_F02",4,2,622,1
"R04_F02",4,2,623,1
"R04_F02",4,2,624,3
"R04_F02",4,2,625,3
"R04_F02",4,2,626,3
"R04_F02",4,2,627,1
"R04_F02",4,2,628,2
"R04_F02",4,2,629,2
"R04_F02",4,2,634,2
"R04_F02",4,2,635,3
"R04_F02",4,2,637,3
"R04_F02",4,2,638,3
"R04_F02",4,2,640,2
"R04_F02",4,2,641,3
"R04_F02",4,2,642,3
"R04_F02",4,2,643,3
"R04_F02",4,2,644,4
"R04_F02",4,2,645,3
"R04_F02",4,2,648,3
"R04_F02",4,2,649,3
"R04_F02",4,2,650,1
"R04_F02",4,2,651,1
"R04_F02",4,2,652,3
"R04_F02",4,2,654,1
"R04_F02",4,2,655,3
"R04_F02",4,2,657,4
"R04_F02",4,2,658,2
"R04_F02",4,2,660,4
"R04_F02",4,2,661,4
"R04_F02",4,2,663,2
"R04_F02",4,2,664,1
"R04_F02",4,2,668,3
"R04_F02",4,2,669,3
"R04_F02",4,2,670,1
"R04_F02",4,2,671,2
"R04_F02",4,2,672,4
"R04_F02",4,2,673,4
"R04_F02",4,2,677,4
"R04_F02",4,2,678,3
"R04_F02",4,2,679,4
"R04_F02",4,2,680,1
"R04_F02",4,2,682,1
"R04_F02",4,2,683,1
"R04_F02",4,2,684,3
"R04_F02",4,2,685,3
"R04_F02",4,2,686,2
"R04_F02",4,2,687,2
"R04_F02",4,2,688,4
"R04_F02",4,2,689,1
"R04_F02",4,2,690,2
"R04_F02",4,2,691,2
"R04_F02",4,2,692,1
"R04_F02",4,2,693,1
"R04_F02",4,2,694,3
"R04_F02",4,2,695,4
"R04_F02",4,2,696,4
"R04_F02",4,2,697,2
"R04_F02",4,2,699,1
"R04_F02",4,2,700,4
"R04_F02",4,2,701,2
"R04_F02",4,2,703,2
"R04_F02",4,2,704,2
"R04_F02",4,2,705,3
"R04_F02",4,2,707,2
"R04_F02",4,2,709,3
"R04_F02",4,2,710,1
"R04_F02",4,2,711,1
"R04_F02",4,2,712,2
"R04_F02",4,2,713,1
"R04_F02",4,2,714,2
"R04_F02",4,2,715,4
"R04_F02",4,2,716,2
"R04_F02",4,2,718,2
"R04_F02",4,2,719,3
"R04_F02",4,2,720,3
"R04_F02",4,2,721,3
"R04_F02",4,2,722,2
"R04_F02",4,2,723,1
"R04_F02",4,2,724,1
"R04_F02",4,2,725,3
"R04_F02",4,2,726,3
"R04_F02",4,2,727,4
"R04_F02",4,2,728,1
"R04_F02",4,2,730,2
"R04_F02",4,2,731,4
"R04_F02",4,2,732,4
"R04_F02",4,2,733,3
"R04_F02",4,2,735,1
"R04_F02",4,2,736,3
"R04_F02",4,2,737,1
"R04_F02",4,2,738,4
"R04_F02",4,2,739,1
"R04_F02",4,2,740,2
"R04_F02",4,2,741,1
"R04_F02",4,2,743,4
"R04_F02",4,2,746,4
"R04_F02",4,2,747,3
"R04_F02",4,2,749,3
"R04_F02",4,2,750,3
"R04_F02",4,2,751,2
"R04_F02",4,2,753,1
"R04_F02",4,2,754,1
"R04_F02",4,2,756,4
"R04_F02",4,2,757,3
"R04_F02",4,2,758,3
"R04_F02",4,2,759,3
"R04_F02",4,2,760,2
"R04_F02",4,2,761,4
"R04_F02",4,2,762,3
"R04_F02",4,2,763,1
"R04_F02",4,2,765,2
"R04_F02",4,2,766,3
"R04_F02",4,2,768,2
"R04_F02",4,2,771,3
"R04_F02",4,2,772,2
"R04_F02",4,2,773,2
"R04_F02",4,2,774,3
"R04_F02",4,2,776,4
"R04_F02",4,2,777,4
"R04_F02",4,2,779,4
"R04_F02",4,2,780,1
"R04_F02",4,2,781,4
"R04_F02",4,2,782,1
"R04_F02",4,2,783,3
"R04_F02",4,2,784,3
"R04_F02",4,2,785,1
"R04_F02",4,2,786,4
"R04_F02",4,2,787,1
"R04_F02",4,2,788,2
"R04_F02",4,2,789,4
"R04_F02",4,2,791,4
"R04_F02",4,2,792,2
"R04_F02",4,2,794,2
"R04_F02",4,2,797,1
"R04_F02",4,2,798,3
"R04_F02",4,2,799,4
"R04_F02",4,2,800,1
"R04_F02",4,2,801,2
"R04_F02",4,2,802,2
"R04_F02",4,2,803,2
"R04_F02",4,2,804,4
"R04_F02",4,2,805,3
"R04_F02",4,2,808,3
"R04_F02",4,2,809,4
"R04_F02",4,2,810,1
"R04_F02",4,2,811,1
"R04_F02",4,2,812,1
"R04_F02",4,2,814,2
"R04_F02",4,2,815,3
"R04_F02",4,2,816,2
"R04_F02",4,2,818,4
"R04_F02",4,2,819,1
"R04_F02",4,2,820,3
"R04_F02",4,2,821,1
"R04_F02",4,2,822,1
"R04_F02",4,2,824,1
"R04_F02",4,2,826,3
"R04_F02",4,2,828,2
"R04_F02",4,2,829,1
"R04_F02",4,2,831,1
"R04_F02",4,2,832,3
"R04_F02",4,2,833,4
"R04_F02",4,2,834,1
"R04_F02",4,2,835,2
"R04_F02",4,2,836,1
"R04_F02",4,2,838,4
"R04_F02",4,2,839,1
"R04_F02",4,2,840,1
"R04_F02",4,2,841,2
"R04_F02",4,2,843,4
"R04_F02",4,2,844,3
"R04_F02",4,2,845,2
"R04_F02",4,2,846,4
"R04_F02",4,2,847,4
"R04_F02",4,2,848,2
"R04_F02",4,2,849,4
"R04_F02",4,2,850,3
"R04_F02",4,2,851,3
"R04_F02",4,2,852,2
"R04_F02",4,2,853,1
"R04_F02",4,2,854,1
"R04_F02",4,2,857,2
"R04_F02",4,2,858,2
"R04_F02",4,2,859,1
"R04_F02",4,2,860,1
"R04_F02",4,2,861,1
"R04_F02",4,2,862,4
"R04_F02",4,2,863,1
"R04_F02",4,2,864,4
"R04_F02",4,2,865,3
"R04_F02",4,2,867,4
"R04_F02",4,2,868,1
"R04_F02",4,2,869,3
"R04_F02",4,2,873,3
"R04_F02",4,2,874,1
"R04_F02",4,2,875,1
"R04_F02",4,2,876,2
"R04_F02",4,2,877,4
"R04_F02",4,2,879,4
"R04_F02",4,2,880,3
"R04_F02",4,2,881,1
"R04_F02",4,2,882,4
"R04_F02",4,2,883,1
"R04_F02",4,2,884,4
"R04_F02",4,2,885,3
"R04_F02",4,2,886,3
"R04_F02",4,2,887,1
"R04_F02",4,2,888,4
"R04_F02",4,2,890,1
"R04_F02",4,2,891,2
"R04_F02",4,2,892,2
"R04_F02",4,2,893,4
"R04_F02",4,2,894,2
"R04_F02",4,2,895,4
"R04_F02",4,2,896,3
"R04_F02",4,2,898,3
"R04_F02",4,2,899,2
"R04_F02",4,2,900,2
"R04_F02",4,2,901,1
"R04_F02",4,2,902,4
"R04_F02",4,2,904,2
"R04_F02",4,2,905,3
"R04_F02",4,2,906,4
"R04_F02",4,2,907,3
"R04_F02",4,2,908,3
"R04_F02",4,2,909,3
"R04_F02",4,2,910,3
"R04_F02",4,2,911,2
"R04_F02",4,2,912,2
"R04_F02",4,2,914,2
"R04_F02",4,2,915,1
"R04_F02",4,2,916,1
"R04_F02",4,2,917,1
"R04_F02",4,2,918,1
"R04_F02",4,2,919,1
"R04_F02",4,2,920,4
"R04_F02",4,2,921,4
"R04_F02",4,2,923,3
"R04_F02",4,2,924,4
"R04_F02",4,2,927,2
"R04_F02",4,2,928,3
"R04_F02",4,2,929,4
"R04_F02",4,2,930,3
"R04_F02",4,2,932,3
"R04_F02",4,2,933,4
"R04_F02",4,2,934,1
"R04_F02",4,2,935,2
"R04_F02",4,2,936,4
"R04_F02",4,2,938,1
"R04_F02",4,2,939,3
"R04_F02",4,2,940,4
"R04_F02",4,2,942,3
"R04_F02",4,2,943,4
"R04_F02",4,2,944,4
"R04_F02",4,2,946,3
"R04_F02",4,2,947,4
"R04_F02",4,2,948,2
"R04_F02",4,2,949,3
"R04_F02",4,2,950,3
"R04_F02",4,2,951,4
"R04_F02",4,2,952,1
"R04_F02",4,2,953,3
"R04_F02",4,2,954,3
"R04_F02",4,2,955,1
"R04_F02",4,2,956,3
"R04_F02",4,2,957,2
"R04_F02",4,2,958,4
"R04_F02",4,2,959,1
"R04_F02",4,2,960,4
"R04_F02",4,2,961,3
"R04_F02",4,2,962,2
"R04_F02",4,2,963,3
"R04_F02",4,2,964,4
"R04_F02",4,2,965,1
"R04_F02",4,2,966,1
"R04_F02",4,2,971,3
"R04_F02",4,2,973,4
"R04_F02",4,2,974,3
"R04_F02",4,2,975,4
"R04_F02",4,2,976,4
"R04_F02",4,2,977,4
"R04_F02",4,2,978,3
"R04_F02",4,2,979,4
"R04_F02",4,2,980,3
"R04_F02",4,2,981,2
"R04_F02",4,2,982,3
"R04_F02",4,2,983,1
"R04_F02",4,2,985,1
"R04_F02",4,2,986,4
"R04_F02",4,2,987,4
"R04_F02",4,2,988,4
"R04_F02",4,2,989,4
"R04_F02",4,2,990,1
"R04_F02",4,2,991,2
"R04_F02",4,2,993,1
"R04_F02",4,2,994,4
"R04_F02",4,2,995,2
"R04_F02",4,2,997,4
"R04_F02",4,2,1000,1
"R04_F03",4,3,3,2
"R04_F03",4,3,4,4
"R04_F03",4,3,5,4
"R04_F03",4,3,6,4
"R04_F03",4,3,8,4
"R04_F03",4,3,9,3
"R04_F03",4,3,10,1
"R04_F03",4,3,12,2
"R04_F03",4,3,13,3
"R04_F03",4,3,14,1
"R04_F03",4,3,15,1
"R04_F03",4,3,16,4
"R04_F03",4,3,17,4
"R04_F03",4,3,19,3
"R04_F03",4,3,20,1
"R04_F03",4,3,21,1
"R04_F03",4,3,22,1
"R04_F03",4,3,23,1
"R04_F03",4,3,24,1
"R04_F03",4,3,25,2
"R04_F03",4,3,26,1
"R04_F03",4,3,27,3
"R04_F03",4,3,28,4
"R04_F03",4,3,29,1
"R04_F03",4,3,30,2
"R04_F03",4,3,31,1
"R04_F03",4,3,32,4
"R04_F03",4,3,33,1
"R04_F03",4,3,34,3
"R04_F03",4,3,35,3
"R04_F03",4,3,36,4
"R04_F03",4,3,37,3
"R04_F03",4,3,38,1
"R04_F03",4,3,39,2
"R04_F03",4,3,40,3
"R04_F03",4,3,42,1
"R04_F03",4,3,43,3
"R04_F03",4,3,44,1
"R04_F03",4,3,45,3
"R04_F03",4,3,46,4
"R04_F03",4,3,47,3
"R04_F03",4,3,48,2
"R04_F03",4,3,49,4
"R04_F03",4,3,50,1
"R04_F03",4,3,51,3
"R04_F03",4,3,52,4
"R04_F03",4,3,53,2
"R04_F03",4,3,54,1
"R04_F03",4,3,55,3
"R04_F03",4,3,57,1
"R04_F03",4,3,58,4
"R04_F03",4,3,59,4
"R04_F03",4,3,60,2
"R04_F03",4,3,61,3
"R04_F03",4,3,64,1
"R04_F03",4,3,66,4
"R04_F03",4,3,68,3
"R04_F03",4,3,69,1
"R04_F03",4,3,70,2
"R04_F03",4,3,71,3
"R04_F03",4,3,73,4
"R04_F03",4,3,74,2
"R04_F03",4,3,75,3
"R04_F03",4,3,76,2
"R04_F03",4,3,77,4
"R04_F03",4,3,78,4
"R04_F03",4,3,79,3
"R04_F03",4,3,81,3
"R04_F03",4,3,82,2
"R04_F03",4,3,84,3
"R04_F03",4,3,85,1
"R04_F03",4,3,86,4
"R04_F03",4,3,88,4
"R04_F03",4,3,90,2
"R04_F03",4,3,91,4
"R04_F03",4,3,92,1
"R04_F03",4,3,93,2
"R04_F03",4,3,94,4
"R04_F03",4,3,95,1
"R04_F03",4,3,97,3
"R04_F03",4,3,98,1
"R04_F03",4,3,99,2
"R04_F03",4,3,100,2
"R04_F03",4,3,101,3
"R04_F03",4,3,103,2
"R04_F03",4,3,105,4
"R04_F03",4,3,109,1
"R04_F03",4,3,110,1
"R04_F03",4,3,111,2
"R04_F03",4,3,113,4
"R04_F03",4,3,114,3
"R04_F03",4,3,116,2
"R04_F03",4,3,117,2
"R04_F03",4,3,118,2
"R04_F03",4,3,119,2
"R04_F03",4,3,120,2
"R04_F03",4,3,121,2
"R04_F03",4,3,122,2
"R04_F03",4,3,123,4
"R04_F03",4,3,124,3
"R04_F03",4,3,125,4
"R04_F03",4,3,128,1
"R04_F03",4,3,129,3
"R04_F03",4,3,130,1
"R04_F03",4,3,131,3
"R04_F03",4,3,135,3
"R04_F03",4,3,136,1
"R04_F03",4,3,137,3
"R04_F03",4,3,138,1
"R04_F03",4,3,139,3
"R04_F03",4,3,140,1
"R04_F03",4,3,141,3
"R04_F03",4,3,143,3
"R04_F03",4,3,145,4
"R04_F03",4,3,147,2
"R04_F03",4,3,148,2
"R04_F03",4,3,149,2
"R04_F03",4,3,150,4
"R04_F03",4,3,151,4
"R04_F03",4,3,152,1
"R04_F03",4,3,153,3
"R04_F03",4,3,154,2
"R04_F03",4,3,155,3
"R04_F03",4,3,158,1
"R04_F03",4,3,159,1
"R04_F03",4,3,160,4
"R04_F03",4,3,161,4
"R04_F03",4,3,162,2
"R04_F03",4,3,163,4
"R04_F03",4,3,164,1
"R04_F03",4,3,165,2
"R04_F03",4,3,167,2
"R04_F03",4,3,168,4
"R04_F03",4,3,171,3
"R04_F03",4,3,173,3
"R04_F03",4,3,175,2
"R04_F03",4,3,178,4
"R04_F03",4,3,180,1
"R04_F03",4,3,181,4
"R04_F03",4,3,182,2
"R04_F03",4,3,183,3
"R04_F03",4,3,184,3
"R04_F03",4,3,185,2
"R04_F03",4,3,186,1
"R04_F03",4,3,187,3
"R04_F03",4,3,188,1
"R04_F03",4,3,189,4
"R04_F03",4,3,190,2
"R04_F03",4,3,191,2
"R04_F03",4,3,193,2
"R04_F03",4,3,194,3
"R04_F03",4,3,195,3
"R04_F03",4,3,196,1
"R04_F03",4,3,197,3
"R04_F03",4,3,198,3
"R04_F03",4,3,199,1
"R04_F03",4,3,200,4
"R04_F03",4,3,201,3
"R04_F03",4,3,202,3
"R04_F03",4,3,203,4
"R04_F03",4,3,204,1
"R04_F03",4,3,205,4
"R04_F03",4,3,206,1
"R04_F03",4,3,207,1
"R04_F03",4,3,208,3
"R04_F03",4,3,211,4
"R04_F03",4,3,212,2
"R04_F03",4,3,213,2
"R04_F03",4,3,214,3
"R04_F03",4,3,215,4
"R04_F03",4,3,216,4
"R04_F03",4,3,217,3
"R04_F03",4,3,218,1
"R04_F03",4,3,219,2
"R04_F03",4,3,220,3
"R04_F03",4,3,222,3
"R04_F03",4,3,223,4
"R04_F03",4,3,224,2
"R04_F03",4,3,225,2
"R04_F03",4,3,226,2
"R04_F03",4,3,227,2
"R04_F03",4,3,228,1
"R04_F03",4,3,229,4
"R04_F03",4,3,230,3
"R04_F03",4,3,233,1
"R04_F03",4,3,234,2
"R04_F03",4,3,236,1
"R04_F03",4,3,237,2
"R04_F03",4,3,238,2
"R04_F03",4,3,239,4
"R04_F03",4,3,242,1
"R04_F03",4,3,243,2
"R04_F03",4,3,244,3
"R04_F03",4,3,245,1
"R04_F03",4,3,246,1
"R04_F03",4,3,248,3
"R04_F03",4,3,249,1
"R04_F03",4,3,250,3
"R04_F03",4,3,251,2
"R04_F03",4,3,252,3
"R04_F03",4,3,253,3
"R04_F03",4,3,254,2
"R04_F03",4,3,255,2
"R04_F03",4,3,256,2
"R04_F03",4,3,257,4
"R04_F03",4,3,258,4
"R04_F03",4,3,259,4
"R04_F03",4,3,260,2
"R04_F03",4,3,261,2
"R04_F03",4,3,263,2
"R04_F03",4,3,264,2
"R04_F03",4,3,265,1
"R04_F03",4,3,266,2
"R04_F03",4,3,267,4
"R04_F03",4,3,268,3
"R04_F03",4,3,269,1
"R04_F03",4,3,270,1
"R04_F03",4,3,271,3
"R04_F03",4,3,272,3
"R04_F03",4,3,273,2
"R04_F03",4,3,274,2
"R04_F03",4,3,276,3
"R04_F03",4,3,277,2
"R04_F03",4,3,278,4
"R04_F03",4,3,279,2
"R04_F03",4,3,280,4
"R04_F03",4,3,282,4
"R04_F03",4,3,283,2
"R04_F03",4,3,284,1
"R04_F03",4,3,285,2
"R04_F03",4,3,286,4
"R04_F03",4,3,287,3
"R04_F03",4,3,288,4
"R04_F03",4,3,289,3
"R04_F03",4,3,290,2
"R04_F03",4,3,291,1
"R04_F03",4,3,292,1
"R04_F03",4,3,293,1
"R04_F03",4,3,294,4
"R04_F03",4,3,295,3
"R04_F03",4,3,296,1
"R04_F03",4,3,297,4
"R04_F03",4,3,299,1
"R04_F03",4,3,300,4
"R04_F03",4,3,301,4
"R04_F03",4,3,302,3
"R04_F03",4,3,303,2
"R04_F03",4,3,304,2
"R04_F03",4,3,305,2
"R04_F03",4,3,306,4
"R04_F03",4,3,308,3
"R04_F03",4,3,310,4
"R04_F03",4,3,311,4
"R04_F03",4,3,314,4
"R04_F03",4,3,316,1
"R04_F03",4,3,317,4
"R04_F03",4,3,318,1
"R04_F03",4,3,320,1
"R04_F03",4,3,321,4
"R04_F03",4,3,322,4
"R04_F03",4,3,323,4
"R04_F03",4,3,324,2
"R04_F03",4,3,325,2
"R04_F03",4,3,326,1
"R04_F03",4,3,327,1
"R04_F03",4,3,328,2
"R04_F03",4,3,329,4
"R04_F03",4,3,330,3
"R04_F03",4,3,331,1
"R04_F03",4,3,333,3
"R04_F03",4,3,334,1
"R04_F03",4,3,335,2
"R04_F03",4,3,336,2
"R04_F03",4,3,337,4
"R04_F03",4,3,338,1
"R04_F03",4,3,339,2
"R04_F03",4,3,340,3
"R04_F03",4,3,342,3
"R04_F03",4,3,343,3
"R04_F03",4,3,344,4
"R04_F03",4,3,346,2
"R04_F03",4,3,347,3
"R04_F03",4,3,348,3
"R04_F03",4,3,349,2
"R04_F03",4,3,350,3
"R04_F03",4,3,352,3
"R04_F03",4,3,353,2
"R04_F03",4,3,354,4
"R04_F03",4,3,355,4
"R04_F03",4,3,356,4
"R04_F03",4,3,357,4
"R04_F03",4,3,358,2
"R04_F03",4,3,359,1
"R04_F03",4,3,360,4
"R04_F03",4,3,361,2
"R04_F03",4,3,363,3
"R04_F03",4,3,364,3
"R04_F03",4,3,366,3
"R04_F03",4,3,367,4
"R04_F03",4,3,368,4
"R04_F03",4,3,371,2
"R04_F03",4,3,372,2
"R04_F03",4,3,373,2
"R04_F03",4,3,374,2
"R04_F03",4,3,377,3
"R04_F03",4,3,380,2
"R04_F03",4,3,382,4
"R04_F03",4,3,383,1
"R04_F03",4,3,384,4
"R04_F03",4,3,385,2
"R04_F03",4,3,386,3
"R04_F03",4,3,387,4
"R04_F03",4,3,388,1
"R04_F03",4,3,389,1
"R04_F03",4,3,391,1
"R04_F03",4,3,393,2
"R04_F03",4,3,394,4
"R04_F03",4,3,397,3
"R04_F03",4,3,398,2
"R04_F03",4,3,399,3
"R04_F03",4,3,400,3
"R04_F03",4,3,401,2
"R04_F03",4,3,402,3
"R04_F03",4,3,403,4
"R04_F03",4,3,406,4
"R04_F03",4,3,407,3
"R04_F03",4,3,408,3
"R04_F03",4,3,410,3
"R04_F03",4,3,411,3
"R04_F03",4,3,412,2
"R04_F03",4,3,414,2
"R04_F03",4,3,416,4
"R04_F03",4,3,417,3
"R04_F03",4,3,418,1
"R04_F03",4,3,419,1
"R04_F03",4,3,422,4
"R04_F03",4,3,423,1
"R04_F03",4,3,424,3
"R04_F03",4,3,425,3
"R04_F03",4,3,426,1
"R04_F03",4,3,427,2
"R04_F03",4,3,429,2
"R04_F03",4,3,431,1
"R04_F03",4,3,433,1
"R04_F03",4,3,435,3
"R04_F03",4,3,436,3
"R04_F03",4,3,437,1
"R04_F03",4,3,438,1
"R04_F03",4,3,439,3
"R04_F03",4,3,440,2
"R04_F03",4,3,441,3
"R04_F03",4,3,442,1
"R04_F03",4,3,444,1
"R04_F03",4,3,445,4
"R04_F03",4,3,446,1
"R04_F03",4,3,448,1
"R04_F03",4,3,450,3
"R04_F03",4,3,451,3
"R04_F03",4,3,453,3
"R04_F03",4,3,455,4
"R04_F03",4,3,456,2
"R04_F03",4,3,457,2
"R04_F03",4,3,459,1
"R04_F03",4,3,460,4
"R04_F03",4,3,461,1
"R04_F03",4,3,463,1
"R04_F03",4,3,464,4
"R04_F03",4,3,465,1
"R04_F03",4,3,466,3
"R04_F03",4,3,467,2
"R04_F03",4,3,468,2
"R04_F03",4,3,469,1
"R04_F03",4,3,471,4
"R04_F03",4,3,472,4
"R04_F03",4,3,473,3
"R04_F03",4,3,474,4
"R04_F03",4,3,475,1
"R04_F03",4,3,476,1
"R04_F03",4,3,477,1
"R04_F03",4,3,478,2
"R04_F03",4,3,479,1
"R04_F03",4,3,480,2
"R04_F03",4,3,481,1
"R04_F03",4,3,482,3
"R04_F03",4,3,484,4
"R04_F03",4,3,486,2
"R04_F03",4,3,488,3
"R04_F03",4,3,489,3
"R04_F03",4,3,491,3
"R04_F03",4,3,492,4
"R04_F03",4,3,493,3
"R04_F03",4,3,494,2
"R04_F03",4,3,495,4
"R04_F03",4,3,498,4
"R04_F03",4,3,499,2
"R04_F03",4,3,500,4
"R04_F03",4,3,501,1
"R04_F03",4,3,502,3
"R04_F03",4,3,505,4
"R04_F03",4,3,506,2
"R04_F03",4,3,507,1
"R04_F03",4,3,508,4
"R04_F03",4,3,509,2
"R04_F03",4,3,510,3
"R04_F03",4,3,511,3
"R04_F03",4,3,512,1
"R04_F03",4,3,513,1
"R04_F03",4,3,514,3
"R04_F03",4,3,515,1
"R04_F03",4,3,516,2
"R04_F03",4,3,517,3
"R04_F03",4,3,518,4
"R04_F03",4,3,520,3
"R04_F03",4,3,521,4
"R04_F03",4,3,522,4
"R04_F03",4,3,523,3
"R04_F03",4,3,524,1
"R04_F03",4,3,526,4
"R04_F03",4,3,527,1
"R04_F03",4,3,528,3
"R04_F03",4,3,529,3
"R04_F03",4,3,530,4
"R04_F03",4,3,531,3
"R04_F03",4,3,532,4
"R04_F03",4,3,533,2
"R04_F03",4,3,534,2
"R04_F03",4,3,535,3
"R04_F03",4,3,536,4
"R04_F03",4,3,538,3
"R04_F03",4,3,539,1
"R04_F03",4,3,540,1
"R04_F03",4,3,541,1
"R04_F03",4,3,542,2
"R04_F03",4,3,543,4
"R04_F03",4,3,544,1
"R04_F03",4,3,545,2
"R04_F03",4,3,546,4
"R04_F03",4,3,548,1
"R04_F03",4,3,549,1
"R04_F03",4,3,550,4
"R04_F03",4,3,552,2
"R04_F03",4,3,554,1
"R04_F03",4,3,555,3
"R04_F03",4,3,556,3
"R04_F03",4,3,558,4
"R04_F03",4,3,559,4
"R04_F03",4,3,560,1
"R04_F03",4,3,561,2
"R04_F03",4,3,562,4
"R04_F03",4,3,563,3
"R04_F03",4,3,565,3
"R04_F03",4,3,566,3
"R04_F03",4,3,568,1
"R04_F03",4,3,569,3
"R04_F03",4,3,570,4
"R04_F03",4,3,571,3
"R04_F03",4,3,572,1
"R04_F03",4,3,573,2
"R04_F03",4,3,575,2
"R04_F03",4,3,577,4
"R04_F03",4,3,578,2
"R04_F03",4,3,580,2
"R04_F03",4,3,581,2
"R04_F03",4,3,582,4
"R04_F03",4,3,583,2
"R04_F03",4,3,584,4
"R04_F03",4,3,587,4
"R04_F03",4,3,588,2
"R04_F03",4,3,589,1
"R04_F03",4,3,590,4
"R04_F03",4,3,591,3
"R04_F03",4,3,592,2
"R04_F03",4,3,593,1
"R04_F03",4,3,594,1
"R04_F03",4,3,597,4
"R04_F03",4,3,598,4
"R04_F03",4,3,600,1
"R04_F03",4,3,602,1
"R04_F03",4,3,603,4
"R04_F03",4,3,604,3
"R04_F03",4,3,605,2
"R04_F03",4,3,606,3
"R04_F03",4,3,607,4
"R04_F03",4,3,608,4
"R04_F03",4,3,612,2
"R04_F03",4,3,613,3
"R04_F03",4,3,614,4
"R04_F03",4,3,615,3
"R04_F03",4,3,617,4
"R04_F03",4,3,618,3
"R04_F03",4,3,619,4
"R04_F03",4,3,620,1
"R04_F03",4,3,621,1
"R04_F03",4,3,622,4
"R04_F03",4,3,624,1
"R04_F03",4,3,625,4
"R04_F03",4,3,626,2
"R04_F03",4,3,627,3
"R04_F03",4,3,628,2
"R04_F03",4,3,630,4
"R04_F03",4,3,631,4
"R04_F03",4,3,632,3
"R04_F03",4,3,633,4
"R04_F03",4,3,634,1
"R04_F03",4,3,635,3
"R04_F03",4,3,636,3
"R04_F03",4,3,637,3
"R04_F03",4,3,638,4
"R04_F03",4,3,639,4
"R04_F03",4,3,640,2
"R04_F03",4,3,643,1
"R04_F03",4,3,644,2
"R04_F03",4,3,645,1
"R04_F03",4,3,646,2
"R04_F03",4,3,647,1
"R04_F03",4,3,648,3
"R04_F03",4,3,649,1
"R04_F03",4,3,651,1
"R04_F03",4,3,653,3
"R04_F03",4,3,654,2
"R04_F03",4,3,655,3
"R04_F03",4,3,656,1
"R04_F03",4,3,657,1
"R04_F03",4,3,658,4
"R04_F03",4,3,659,2
"R04_F03",4,3,660,3
"R04_F03",4,3,661,2
"R04_F03",4,3,662,4
"R04_F03",4,3,663,3
"R04_F03",4,3,664,3
"R04_F03",4,3,665,3
"R04_F03",4,3,666,2
"R04_F03",4,3,667,2
"R04_F03",4,3,668,2
"R04_F03",4,3,669,3
"R04_F03",4,3,670,3
"R04_F03",4,3,671,3
"R04_F03",4,3,672,4
"R04_F03",4,3,673,3
"R04_F03",4,3,674,1
"R04_F03",4,3,675,4
"R04_F03",4,3,676,4
"R04_F03",4,3,679,2
"R04_F03",4,3,681,2
"R04_F03",4,3,682,1
"R04_F03",4,3,683,2
"R04_F03",4,3,686,1
"R04_F03",4,3,687,4
"R04_F03",4,3,688,2
"R04_F03",4,3,689,1
"R04_F03",4,3,691,2
"R04_F03",4,3,692,2
"R04_F03",4,3,694,3
"R04_F03",4,3,695,2
"R04_F03",4,3,696,1
"R04_F03",4,3,698,1
"R04_F03",4,3,699,4
"R04_F03",4,3,700,2
"R04_F03",4,3,701,3
"R04_F03",4,3,702,3
"R04_F03",4,3,703,2
"R04_F03",4,3,705,2
"R04_F03",4,3,706,3
"R04_F03",4,3,707,1
"R04_F03",4,3,708,2
"R04_F03",4,3,710,2
"R04_F03",4,3,711,2
"R04_F03",4,3,712,1
"R04_F03",4,3,713,4
"R04_F03",4,3,714,3
"R04_F03",4,3,716,1
"R04_F03",4,3,717,4
"R04_F03",4,3,719,2
"R04_F03",4,3,720,1
"R04_F03",4,3,721,1
"R04_F03",4,3,722,1
"R04_F03",4,3,723,2
"R04_F03",4,3,724,4
"R04_F03",4,3,725,4
"R04_F03",4,3,726,1
"R04_F03",4,3,728,2
"R04_F03",4,3,729,3
"R04_F03",4,3,731,4
"R04_F03",4,3,732,1
"R04_F03",4,3,733,3
"R04_F03",4,3,734,4
"R04_F03",4,3,736,2
"R04_F03",4,3,737,2
"R04_F03",4,3,738,4
"R04_F03",4,3,740,1
"R04_F03",4,3,741,2
"R04_F03",4,3,742,3
"R04_F03",4,3,744,3
"R04_F03",4,3,745,3
"R04_F03",4,3,746,1
"R04_F03",4,3,747,2
"R04_F03",4,3,748,4
"R04_F03",4,3,749,1
"R04_F03",4,3,750,2
"R04_F03",4,3,751,3
"R04_F03",4,3,752,3
"R04_F03",4,3,753,2
"R04_F03",4,3,754,4
"R04_F03",4,3,755,1
"R04_F03",4,3,756,2
"R04_F03",4,3,757,2
"R04_F03",4,3,758,3
"R04_F03",4,3,759,2
"R04_F03",4,3,760,4
"R04_F03",4,3,761,2
"R04_F03",4,3,762,1
"R04_F03",4,3,763,3
"R04_F03",4,3,764,1
"R04_F03",4,3,765,3
"R04_F03",4,3,766,2
"R04_F03",4,3,767,3
"R04_F03",4,3,768,4
"R04_F03",4,3,769,1
"R04_F03",4,3,770,1
"R04_F03",4,3,771,3
"R04_F03",4,3,772,3
"R04_F03",4,3,773,1
"R04_F03",4,3,774,2
"R04_F03",4,3,775,3
"R04_F03",4,3,777,1
"R04_F03",4,3,778,4
"R04_F03",4,3,779,4
"R04_F03",4,3,780,1
"R04_F03",4,3,781,1
"R04_F03",4,3,782,4
"R04_F03",4,3,783,1
"R04_F03",4,3,785,1
"R04_F03",4,3,788,4
"R04_F03",4,3,790,2
"R04_F03",4,3,791,4
"R04_F03",4,3,793,4
"R04_F03",4,3,794,2
"R04_F03",4,3,795,4
"R04_F03",4,3,796,2
"R04_F03",4,3,797,2
"R04_F03",4,3,799,2
"R04_F03",4,3,800,4
"R04_F03",4,3,801,1
"R04_F03",4,3,802,4
"R04_F03",4,3,803,3
"R04_F03",4,3,805,2
"R04_F03",4,3,806,1
"R04_F03",4,3,807,3
"R04_F03",4,3,808,3
"R04_F03",4,3,809,4
"R04_F03",4,3,810,4
"R04_F03",4,3,811,3
"R04_F03",4,3,813,3
"R04_F03",4,3,815,3
"R04_F03",4,3,816,3
"R04_F03",4,3,817,1
"R04_F03",4,3,818,4
"R04_F03",4,3,819,4
"R04_F03",4,3,821,1
"R04_F03",4,3,822,1
"R04_F03",4,3,823,3
"R04_F03",4,3,825,1
"R04_F03",4,3,826,1
"R04_F03",4,3,827,4
"R04_F03",4,3,828,3
"R04_F03",4,3,829,4
"R04_F03",4,3,830,3
"R04_F03",4,3,831,2
"R04_F03",4,3,832,4
"R04_F03",4,3,834,2
"R04_F03",4,3,835,4
"R04_F03",4,3,837,3
"R04_F03",4,3,838,1
"R04_F03",4,3,840,2
"R04_F03",4,3,841,2
"R04_F03",4,3,842,4
"R04_F03",4,3,843,1
"R04_F03",4,3,844,1
"R04_F03",4,3,845,4
"R04_F03",4,3,846,4
"R04_F03",4,3,847,3
"R04_F03",4,3,848,2
"R04_F03",4,3,849,1
"R04_F03",4,3,851,3
"R04_F03",4,3,852,1
"R04_F03",4,3,853,3
"R04_F03",4,3,855,3
"R04_F03",4,3,856,2
"R04_F03",4,3,857,1
"R04_F03",4,3,859,3
"R04_F03",4,3,860,4
"R04_F03",4,3,862,4
"R04_F03",4,3,863,4
"R04_F03",4,3,864,4
"R04_F03",4,3,865,2
"R04_F03",4,3,866,1
"R04_F03",4,3,867,2
"R04_F03",4,3,870,2
"R04_F03",4,3,871,4
"R04_F03",4,3,872,1
"R04_F03",4,3,874,3
"R04_F03",4,3,875,1
"R04_F03",4,3,876,2
"R04_F03",4,3,878,2
"R04_F03",4,3,880,2
"R04_F03",4,3,882,1
"R04_F03",4,3,883,3
"R04_F03",4,3,885,2
"R04_F03",4,3,886,2
"R04_F03",4,3,887,4
"R04_F03",4,3,888,4
"R04_F03",4,3,889,4
"R04_F03",4,3,890,1
"R04_F03",4,3,891,3
"R04_F03",4,3,893,3
"R04_F03",4,3,894,4
"R04_F03",4,3,895,2
"R04_F03",4,3,896,1
"R04_F03",4,3,897,3
"R04_F03",4,3,898,1
"R04_F03",4,3,899,2
"R04_F03",4,3,901,1
"R04_F03",4,3,903,1
"R04_F03",4,3,905,2
"R04_F03",4,3,906,3
"R04_F03",4,3,907,1
"R04_F03",4,3,908,1
"R04_F03",4,3,909,4
"R04_F03",4,3,910,1
"R04_F03",4,3,911,3
"R04_F03",4,3,913,1
"R04_F03",4,3,916,2
"R04_F03",4,3,917,2
"R04_F03",4,3,918,1
"R04_F03",4,3,919,4
"R04_F03",4,3,920,2
"R04_F03",4,3,922,3
"R04_F03",4,3,923,4
"R04_F03",4,3,924,3
"R04_F03",4,3,925,3
"R04_F03",4,3,926,4
"R04_F03",4,3,927,3
"R04_F03",4,3,928,3
"R04_F03",4,3,929,4
"R04_F03",4,3,931,1
"R04_F03",4,3,933,4
"R04_F03",4,3,934,2
"R04_F03",4,3,935,2
"R04_F03",4,3,936,4
"R04_F03",4,3,937,1
"R04_F03",4,3,940,2
"R04_F03",4,3,941,4
"R04_F03",4,3,942,2
"R04_F03",4,3,943,3
"R04_F03",4,3,944,1
"R04_F03",4,3,945,1
"R04_F03",4,3,946,2
"R04_F03",4,3,947,1
"R04_F03",4,3,949,1
"R04_F03",4,3,950,1
"R04_F03",4,3,951,4
"R04_F03",4,3,952,4
"R04_F03",4,3,953,1
"R04_F03",4,3,955,1
"R04_F03",4,3,957,1
"R04_F03",4,3,959,3
"R04_F03",4,3,961,4
"R04_F03",4,3,962,1
"R04_F03",4,3,963,3
"R04_F03",4,3,964,2
"R04_F03",4,3,965,4
"R04_F03",4,3,966,1
"R04_F03",4,3,967,1
"R04_F03",4,3,968,2
"R04_F03",4,3,969,4
"R04_F03",4,3,970,3
"R04_F03",4,3,971,4
"R04_F03",4,3,972,3
"R04_F03",4,3,973,4
"R04_F03",4,3,974,3
"R04_F03",4,3,975,2
"R04_F03",4,3,978,4
"R04_F03",4,3,980,2
"R04_F03",4,3,981,2
"R04_F03",4,3,982,1
"R04_F03",4,3,983,3
"R04_F03",4,3,984,1
"R04_F03",4,3,986,3
"R04_F03",4,3,987,2
"R04_F03",4,3,988,1
"R04_F03",4,3,990,4
"R04_F03",4,3,991,2
"R04_F03",4,3,992,4
"R04_F03",4,3,993,2
"R04_F03",4,3,994,4
"R04_F03",4,3,995,4
"R04_F03",4,3,996,3
"R04_F03",4,3,997,4
"R04_F03",4,3,998,1
"R04_F03",4,3,999,2
"R04_F04",4,4,1,2
"R04_F04",4,4,2,4
"R04_F04",4,4,3,1
"R04_F04",4,4,4,4
"R04_F04",4,4,5,1
"R04_F04",4,4,6,4
"R04_F04",4,4,7,4
"R04_F04",4,4,9,3
"R04_F04",4,4,10,3
"R04_F04",4,4,11,1
"R04_F04",4,4,13,1
"R04_F04",4,4,14,4
"R04_F04",4,4,15,4
"R04_F04",4,4,16,4
"R04_F04",4,4,17,1
"R04_F04",4,4,18,1
"R04_F04",4,4,20,4
"R04_F04",4,4,22,4
"R04_F04",4,4,23,3
"R04_F04",4,4,24,1
"R04_F04",4,4,26,3
"R04_F04",4,4,27,2
"R04_F04",4,4,28,2
"R04_F04",4,4,30,3
"R04_F04",4,4,32,1
"R04_F04",4,4,33,4
"R04_F04",4,4,34,2
"R04_F04",4,4,36,1
"R04_F04",4,4,37,1
"R04_F04",4,4,38,4
"R04_F04",4,4,39,2
"R04_F04",4,4,40,2
"R04_F04",4,4,41,3
"R04_F04",4,4,42,3
"R04_F04",4,4,44,2
"R04_F04",4,4,45,2
"R04_F04",4,4,46,3
"R04_F04",4,4,47,2
"R04_F04",4,4,52,4
"R04_F04",4,4,53,3
"R04_F04",4,4,54,1
"R04_F04",4,4,55,2
"R04_F04",4,4,56,3
"R04_F04",4,4,57,4
"R04_F04",4,4,58,4
"R04_F04",4,4,59,2
"R04_F04",4,4,60,4
"R04_F04",4,4,61,2
"R04_F04",4,4,62,4
"R04_F04",4,4,63,2
"R04_F04",4,4,64,2
"R04_F04",4,4,65,3
"R04_F04",4,4,66,2
"R04_F04",4,4,67,2
"R04_F04",4,4,68,4
"R04_F04",4,4,69,2
"R04_F04",4,4,70,4
"R04_F04",4,4,72,3
"R04_F04",4,4,73,4
"R04_F04",4,4,74,2
"R04_F04",4,4,76,2
"R04_F04",4,4,77,1
"R04_F04",4,4,78,4
"R04_F04",4,4,79,1
"R04_F04",4,4,80,2
"R04_F04",4,4,81,1
"R04_F04",4,4,82,2
"R04_F04",4,4,83,3
"R04_F04",4,4,84,4
"R04_F04",4,4,85,2
"R04_F04",4,4,86,1
"R04_F04",4,4,87,2
"R04_F04",4,4,88,2
"R04_F04",4,4,89,2
"R04_F04",4,4,90,4
"R04_F04",4,4,91,1
"R04_F04",4,4,92,2
"R04_F04",4,4,94,1
"R04_F04",4,4,95,3
"R04_F04",4,4,96,1
"R04_F04",4,4,97,4
"R04_F04",4,4,100,1
"R04_F04",4,4,101,3
"R04_F04",4,4,102,1
"R04_F04",4,4,103,3
"R04_F04",4,4,104,1
"R04_F04",4,4,105,3
"R04_F04",4,4,106,1
"R04_F04",4,4,107,2
"R04_F04",4,4,108,1
"R04_F04",4,4,109,1
"R04_F04",4,4,111,1
"R04_F04",4,4,112,3
"R04_F04",4,4,113,3
"R04_F04",4,4,114,2
"R04_F04",4,4,115,4
"R04_F04",4,4,116,4
"R04_F04",4,4,117,2
"R04_F04",4,4,119,3
"R04_F04",4,4,120,3
"R04_F04",4,4,123,1
"R04_F04",4,4,124,2
"R04_F04",4,4,125,4
"R04_F04",4,4,126,2
"R04_F04",4,4,127,3
"R04_F04",4,4,128,2
"R04_F04",4,4,129,1
"R04_F04",4,4,130,2
"R04_F04",4,4,131,4
"R04_F04",4,4,132,4
"R04_F04",4,4,133,4
"R04_F04",4,4,134,2
"R04_F04",4,4,136,2
"R04_F04",4,4,137,3
"R04_F04",4,4,139,4
"R04_F04",4,4,140,3
"R04_F04",4,4,141,1
"R04_F04",4,4,142,3
"R04_F04",4,4,144,2
"R04_F04",4,4,145,2
"R04_F04",4,4,146,1
"R04_F04",4,4,147,4
"R04_F04",4,4,148,4
"R04_F04",4,4,149,1
"R04_F04",4,4,150,2
"R04_F04",4,4,151,2
"R04_F04",4,4,153,2
"R04_F04",4,4,154,3
"R04_F04",4,4,155,3
"R04_F04",4,4,156,2
"R04_F04",4,4,157,1
"R04_F04",4,4,158,1
"R04_F04",4,4,159,3
"R04_F04",4,4,160,4
"R04_F04",4,4,161,1
"R04_F04",4,4,162,4
"R04_F04",4,4,164,2
"R04_F04",4,4,166,4
"R04_F04",4,4,168,4
"R04_F04",4,4,169,3
"R04_F04",4,4,170,4
"R04_F04",4,4,171,1
"R04_F04",4,4,172,1
"R04_F04",4,4,173,2
"R04_F04",4,4,174,1
"R04_F04",4,4,175,4
"R04_F04",4,4,176,3
"R04_F04",4,4,177,4
"R04_F04",4,4,179,1
"R04_F04",4,4,180,1
"R04_F04",4,4,181,2
"R04_F04",4,4,182,3
"R04_F04",4,4,186,3
"R04_F04",4,4,187,2
"R04_F04",4,4,188,2
"R04_F04",4,4,189,4
"R04_F04",4,4,191,3
"R04_F04",4,4,192,3
"R04_F04",4,4,193,4
"R04_F04",4,4,194,1
"R04_F04",4,4,196,2
"R04_F04",4,4,197,4
"R04_F04",4,4,198,4
"R04_F04",4,4,199,4
"R04_F04",4,4,200,3
"R04_F04",4,4,202,1
"R04_F04",4,4,203,3
"R04_F04",4,4,204,4
"R04_F04",4,4,206,2
"R04_F04",4,4,207,4
"R04_F04",4,4,208,4
"R04_F04",4,4,209,3
"R04_F04",4,4,210,2
"R04_F04",4,4,212,4
"R04_F04",4,4,214,4
"R04_F04",4,4,216,2
"R04_F04",4,4,218,1
"R04_F04",4,4,220,1
"R04_F04",4,4,221,1
"R04_F04",4,4,222,2
"R04_F04",4,4,223,3
"R04_F04",4,4,224,4
"R04_F04",4,4,225,1
"R04_F04",4,4,226,4
"R04_F04",4,4,227,1
"R04_F04",4,4,228,4
"R04_F04",4,4,229,1
"R04_F04",4,4,230,1
"R04_F04",4,4,231,1
"R04_F04",4,4,232,3
"R04_F04",4,4,233,4
"R04_F04",4,4,235,3
"R04_F04",4,4,237,1
"R04_F04",4,4,238,4
"R04_F04",4,4,240,2
"R04_F04",4,4,241,1
"R04_F04",4,4,243,1
"R04_F04",4,4,244,1
"R04_F04",4,4,245,2
"R04_F04",4,4,246,2
"R04_F04",4,4,247,4
"R04_F04",4,4,248,1
"R04_F04",4,4,249,4
"R04_F04",4,4,252,4
"R04_F04",4,4,254,3
"R04_F04",4,4,255,3
"R04_F04",4,4,256,3
"R04_F04",4,4,257,4
"R04_F04",4,4,258,2
"R04_F04",4,4,259,4
"R04_F04",4,4,260,1
"R04_F04",4,4,261,4
"R04_F04",4,4,262,2
"R04_F04",4,4,263,4
"R04_F04",4,4,266,2
"R04_F04",4,4,267,2
"R04_F04",4,4,269,2
"R04_F04",4,4,270,1
"R04_F04",4,4,271,3
"R04_F04",4,4,272,2
"R04_F04",4,4,273,3
"R04_F04",4,4,275,2
"R04_F04",4,4,276,3
"R04_F04",4,4,280,2
"R04_F04",4,4,281,4
"R04_F04",4,4,282,3
"R04_F04",4,4,283,3
"R04_F04",4,4,284,2
"R04_F04",4,4,285,2
"R04_F04",4,4,286,1
"R04_F04",4,4,287,3
"R04_F04",4,4,288,4
"R04_F04",4,4,289,2
"R04_F04",4,4,290,3
"R04_F04",4,4,291,1
"R04_F04",4,4,292,1
"R04_F04",4,4,293,3
"R04_F04",4,4,295,1
"R04_F04",4,4,296,4
"R04_F04",4,4,297,3
"R04_F04",4,4,298,4
"R04_F04",4,4,300,3
"R04_F04",4,4,301,1
"R04_F04",4,4,302,2
"R04_F04",4,4,303,3
"R04_F04",4,4,304,2
"R04_F04",4,4,305,2
"R04_F04",4,4,307,2
"R04_F04",4,4,308,3
"R04_F04",4,4,309,2
"R04_F04",4,4,310,4
"R04_F04",4,4,312,2
"R04_F04",4,4,313,4
"R04_F04",4,4,315,1
"R04_F04",4,4,317,2
"R04_F04",4,4,319,4
"R04_F04",4,4,320,2
"R04_F04",4,4,322,4
"R04_F04",4,4,326,1
"R04_F04",4,4,327,3
"R04_F04",4,4,328,4
"R04_F04",4,4,329,3
"R04_F04",4,4,330,4
"R04_F04",4,4,331,4
"R04_F04",4,4,332,2
"R04_F04",4,4,333,4
"R04_F04",4,4,334,1
"R04_F04",4,4,335,1
"R04_F04",4,4,336,4
"R04_F04",4,4,337,4
"R04_F04",4,4,338,1
"R04_F04",4,4,339,2
"R04_F04",4,4,340,3
"R04_F04",4,4,341,2
"R04_F04",4,4,342,4
"R04_F04",4,4,344,2
"R04_F04",4,4,345,4
"R04_F04",4,4,347,2
"R04_F04",4,4,348,2
"R04_F04",4,4,349,4
"R04_F04",4,4,350,1
"R04_F04",4,4,351,2
"R04_F04",4,4,352,1
"R04_F04",4,4,353,4
"R04_F04",4,4,355,2
"R04_F04",4,4,356,4
"R04_F04",4,4,357,1
"R04_F04",4,4,358,1
"R04_F04",4,4,360,4
"R04_F04",4,4,361,2
"R04_F04",4,4,362,1
"R04_F04",4,4,363,3
"R04_F04",4,4,365,1
"R04_F04",4,4,367,4
"R04_F04",4,4,368,3
"R04_F04",4,4,369,1
"R04_F04",4,4,370,4
"R04_F04",4,4,371,2
"R04_F04",4,4,373,1
"R04_F04",4,4,375,3
"R04_F04",4,4,376,4
"R04_F04",4,4,377,4
"R04_F04",4,4,378,2
"R04_F04",4,4,379,4
"R04_F04",4,4,380,4
"R04_F04",4,4,381,2
"R04_F04",4,4,384,3
"R04_F04",4,4,387,3
"R04_F04",4,4,388,2
"R04_F04",4,4,389,4
"R04_F04",4,4,390,1
"R04_F04",4,4,391,4
"R04_F04",4,4,392,1
"R04_F04",4,4,394,2
"R04_F04",4,4,395,1
"R04_F04",4,4,396,4
"R04_F04",4,4,397,2
"R04_F04",4,4,398,1
"R04_F04",4,4,399,4
"R04_F04",4,4,401,3
"R04_F04",4,4,402,1
"R04_F04",4,4,404,3
"R04_F04",4,4,405,1
"R04_F04",4,4,406,3
"R04_F04",4,4,407,3
"R04_F04",4,4,408,3
"R04_F04",4,4,409,1
"R04_F04",4,4,410,4
"R04_F04",4,4,413,2
"R04_F04",4,4,414,3
"R04_F04",4,4,415,4
"R04_F04",4,4,416,1
"R04_F04",4,4,417,2
"R04_F04",4,4,418,3
"R04_F04",4,4,419,4
"R04_F04",4,4,420,3
"R04_F04",4,4,421,2
"R04_F04",4,4,422,3
"R04_F04",4,4,423,2
"R04_F04",4,4,424,2
"R04_F04",4,4,425,4
"R04_F04",4,4,426,3
"R04_F04",4,4,427,3
"R04_F04",4,4,428,2
"R04_F04",4,4,430,4
"R04_F04",4,4,431,2
"R04_F04",4,4,432,1
"R04_F04",4,4,434,3
"R04_F04",4,4,435,3
"R04_F04",4,4,437,4
"R04_F04",4,4,438,1
"R04_F04",4,4,439,3
"R04_F04",4,4,440,1
"R04_F04",4,4,441,2
"R04_F04",4,4,442,3
"R04_F04",4,4,443,4
"R04_F04",4,4,444,1
"R04_F04",4,4,447,1
"R04_F04",4,4,448,3
"R04_F04",4,4,449,1
"R04_F04",4,4,450,2
"R04_F04",4,4,451,3
"R04_F04",4,4,452,2
"R04_F04",4,4,453,3
"R04_F04",4,4,454,3
"R04_F04",4,4,455,1
"R04_F04",4,4,456,3
"R04_F04",4,4,458,1
"R04_F04",4,4,461,3
"R04_F04",4,4,462,1
"R04_F04",4,4,463,2
"R04_F04",4,4,464,2
"R04_F04",4,4,465,1
"R04_F04",4,4,468,2
"R04_F04",4,4,469,2
"R04_F04",4,4,470,4
"R04_F04",4,4,472,2
"R04_F04",4,4,473,2
"R04_F04",4,4,474,2
"R04_F04",4,4,475,3
"R04_F04",4,4,476,1
"R04_F04",4,4,477,4
"R04_F04",4,4,478,2
"R04_F04",4,4,479,3
"R04_F04",4,4,480,4
"R04_F04",4,4,481,4
"R04_F04",4,4,483,1
"R04_F04",4,4,485,1
"R04_F04",4,4,487,4
"R04_F04",4,4,488,1
"R04_F04",4,4,489,2
"R04_F04",4,4,490,1
"R04_F04",4,4,491,1
"R04_F04",4,4,492,1
"R04_F04",4,4,495,1
"R04_F04",4,4,496,1
"R04_F04",4,4,497,1
"R04_F04",4,4,498,3
"R04_F04",4,4,499,2
"R04_F04",4,4,500,4
"R04_F04",4,4,501,4
"R04_F04",4,4,502,4
"R04_F04",4,4,503,2
"R04_F04",4,4,504,3
"R04_F04",4,4,505,1
"R04_F04",4,4,507,4
"R04_F04",4,4,508,4
"R04_F04",4,4,509,4
"R04_F04",4,4,513,1
"R04_F04",4,4,514,1
"R04_F04",4,4,516,4
"R04_F04",4,4,517,4
"R04_F04",4,4,518,4
"R04_F04",4,4,519,2
"R04_F04",4,4,521,3
"R04_F04",4,4,522,2
"R04_F04",4,4,523,3
"R04_F04",4,4,525,2
"R04_F04",4,4,526,3
"R04_F04",4,4,527,3
"R04_F04",4,4,529,4
"R04_F04",4,4,531,3
"R04_F04",4,4,532,4
"R04_F04",4,4,533,2
"R04_F04",4,4,536,2
"R04_F04",4,4,537,2
"R04_F04",4,4,538,4
"R04_F04",4,4,539,4
"R04_F04",4,4,540,4
"R04_F04",4,4,541,3
"R04_F04",4,4,542,3
"R04_F04",4,4,543,3
"R04_F04",4,4,544,1
"R04_F04",4,4,545,2
"R04_F04",4,4,546,1
"R04_F04",4,4,547,4
"R04_F04",4,4,548,3
"R04_F04",4,4,549,3
"R04_F04",4,4,550,1
"R04_F04",4,4,551,3
"R04_F04",4,4,553,4
"R04_F04",4,4,554,2
"R04_F04",4,4,557,3
"R04_F04",4,4,558,1
"R04_F04",4,4,560,1
"R04_F04",4,4,561,4
"R04_F04",4,4,564,4
"R04_F04",4,4,565,3
"R04_F04",4,4,566,2
"R04_F04",4,4,567,4
"R04_F04",4,4,569,4
"R04_F04",4,4,570,2
"R04_F04",4,4,574,3
"R04_F04",4,4,575,2
"R04_F04",4,4,576,2
"R04_F04",4,4,577,1
"R04_F04",4,4,579,1
"R04_F04",4,4,580,1
"R04_F04",4,4,581,4
"R04_F04",4,4,582,4
"R04_F04",4,4,583,2
"R04_F04",4,4,585,4
"R04_F04",4,4,586,4
"R04_F04",4,4,588,3
"R04_F04",4,4,589,1
"R04_F04",4,4,590,1
"R04_F04",4,4,591,3
"R04_F04",4,4,592,3
"R04_F04",4,4,594,4
"R04_F04",4,4,595,4
"R04_F04",4,4,596,4
"R04_F04",4,4,597,2
"R04_F04",4,4,598,2
"R04_F04",4,4,599,4
"R04_F04",4,4,601,2
"R04_F04",4,4,602,2
"R04_F04",4,4,603,1
"R04_F04",4,4,604,1
"R04_F04",4,4,606,2
"R04_F04",4,4,607,1
"R04_F04",4,4,608,1
"R04_F04",4,4,609,1
"R04_F04",4,4,610,3
"R04_F04",4,4,611,2
"R04_F04",4,4,612,2
"R04_F04",4,4,613,1
"R04_F04",4,4,614,2
"R04_F04",4,4,616,2
"R04_F04",4,4,617,3
"R04_F04",4,4,618,3
"R04_F04",4,4,619,4
"R04_F04",4,4,621,2
"R04_F04",4,4,623,3
"R04_F04",4,4,624,2
"R04_F04",4,4,625,1
"R04_F04",4,4,626,1
"R04_F04",4,4,627,2
"R04_F04",4,4,629,3
"R04_F04",4,4,630,1
"R04_F04",4,4,631,3
"R04_F04",4,4,632,2
"R04_F04",4,4,633,4
"R04_F04",4,4,634,2
"R04_F04",4,4,635,3
"R04_F04",4,4,636,2
"R04_F04",4,4,637,1
"R04_F04",4,4,639,4
"R04_F04",4,4,640,2
"R04_F04",4,4,641,2
"R04_F04",4,4,642,2
"R04_F04",4,4,643,3
"R04_F04",4,4,644,2
"R04_F04",4,4,645,3
"R04_F04",4,4,646,2
"R04_F04",4,4,647,4
"R04_F04",4,4,648,4
"R04_F04",4,4,649,1
"R04_F04",4,4,650,1
"R04_F04",4,4,651,4
"R04_F04",4,4,652,4
"R04_F04",4,4,653,4
"R04_F04",4,4,655,4
"R04_F04",4,4,656,2
"R04_F04",4,4,657,1
"R04_F04",4,4,658,3
"R04_F04",4,4,659,1
"R04_F04",4,4,660,4
"R04_F04",4,4,661,1
"R04_F04",4,4,662,1
"R04_F04",4,4,663,2
"R04_F04",4,4,665,3
"R04_F04",4,4,666,4
"R04_F04",4,4,667,4
"R04_F04",4,4,669,2
"R04_F04",4,4,670,1
"R04_F04",4,4,671,1
"R04_F04",4,4,672,1
"R04_F04",4,4,674,4
"R04_F04",4,4,675,1
"R04_F04",4,4,676,2
"R04_F04",4,4,677,1
"R04_F04",4,4,678,4
"R04_F04",4,4,679,3
"R04_F04",4,4,680,2
"R04_F04",4,4,681,4
"R04_F04",4,4,684,4
"R04_F04",4,4,685,1
"R04_F04",4,4,686,1
"R04_F04",4,4,689,1
"R04_F04",4,4,690,1
"R04_F04",4,4,691,4
"R04_F04",4,4,692,3
"R04_F04",4,4,693,3
"R04_F04",4,4,694,2
"R04_F04",4,4,697,3
"R04_F04",4,4,698,4
"R04_F04",4,4,699,3
"R04_F04",4,4,700,1
"R04_F04",4,4,701,4
"R04_F04",4,4,702,4
"R04_F04",4,4,703,1
"R04_F04",4,4,704,2
"R04_F04",4,4,705,3
"R04_F04",4,4,706,2
"R04_F04",4,4,707,4
"R04_F04",4,4,708,3
"R04_F04",4,4,709,2
"R04_F04",4,4,710,2
"R04_F04",4,4,711,3
"R04_F04",4,4,713,1
"R04_F04",4,4,714,3
"R04_F04",4,4,715,3
"R04_F04",4,4,716,4
"R04_F04",4,4,717,1
"R04_F04",4,4,718,3
"R04_F04",4,4,719,1
"R04_F04",4,4,720,3
"R04_F04",4,4,721,1
"R04_F04",4,4,726,2
"R04_F04",4,4,727,2
"R04_F04",4,4,728,2
"R04_F04",4,4,729,1
"R04_F04",4,4,730,1
"R04_F04",4,4,731,3
"R04_F04",4,4,732,3
"R04_F04",4,4,733,2
"R04_F04",4,4,734,1
"R04_F04",4,4,735,1
"R04_F04",4,4,736,2
"R04_F04",4,4,737,3
"R04_F04",4,4,739,3
"R04_F04",4,4,742,4
"R04_F04",4,4,743,4
"R04_F04",4,4,744,3
"R04_F04",4,4,745,4
"R04_F04",4,4,746,3
"R04_F04",4,4,748,4
"R04_F04",4,4,751,1
"R04_F04",4,4,752,4
"R04_F04",4,4,754,3
"R04_F04",4,4,755,4
"R04_F04",4,4,756,2
"R04_F04",4,4,758,4
"R04_F04",4,4,759,2
"R04_F04",4,4,760,4
"R04_F04",4,4,764,2
"R04_F04",4,4,766,4
"R04_F04",4,4,767,3
"R04_F04",4,4,768,2
"R04_F04",4,4,769,3
"R04_F04",4,4,770,3
"R04_F04",4,4,771,3
"R04_F04",4,4,772,2
"R04_F04",4,4,773,4
"R04_F04",4,4,774,3
"R04_F04",4,4,775,4
"R04_F04",4,4,776,4
"R04_F04",4,4,777,3
"R04_F04",4,4,778,1
"R04_F04",4,4,779,1
"R04_F04",4,4,780,3
"R04_F04",4,4,782,3
"R04_F04",4,4,783,2
"R04_F04",4,4,784,1
"R04_F04",4,4,785,1
"R04_F04",4,4,786,2
"R04_F04",4,4,787,4
"R04_F04",4,4,788,1
"R04_F04",4,4,789,2
"R04_F04",4,4,790,4
"R04_F04",4,4,791,2
"R04_F04",4,4,792,3
"R04_F04",4,4,793,2
"R04_F04",4,4,794,4
"R04_F04",4,4,795,3
"R04_F04",4,4,796,3
"R04_F04",4,4,798,1
"R04_F04",4,4,799,1
"R04_F04",4,4,801,3
"R04_F04",4,4,803,3
"R04_F04",4,4,804,4
"R04_F04",4,4,805,2
"R04_F04",4,4,806,4
"R04_F04",4,4,807,4
"R04_F04",4,4,810,3
"R04_F04",4,4,812,2
"R04_F04",4,4,813,3
"R04_F04",4,4,814,1
"R04_F04",4,4,816,1
"R04_F04",4,4,817,1
"R04_F04",4,4,818,4
"R04_F04",4,4,819,1
"R04_F04",4,4,820,3
"R04_F04",4,4,821,2
"R04_F04",4,4,823,1
"R04_F04",4,4,824,4
"R04_F04",4,4,825,3
"R04_F04",4,4,826,2
"R04_F04",4,4,827,4
"R04_F04",4,4,828,3
"R04_F04",4,4,829,4
"R04_F04",4,4,830,3
"R04_F04",4,4,831,1
"R04_F04",4,4,833,1
"R04_F04",4,4,834,4
"R04_F04",4,4,835,1
"R04_F04",4,4,836,3
"R04_F04",4,4,837,2
"R04_F04",4,4,838,3
"R04_F04",4,4,839,2
"R04_F04",4,4,840,3
"R04_F04",4,4,841,3
"R04_F04",4,4,842,3
"R04_F04",4,4,843,3
"R04_F04",4,4,844,4
"R04_F04",4,4,845,1
"R04_F04",4,4,847,1
"R04_F04",4,4,848,1
"R04_F04",4,4,849,4
"R04_F04",4,4,850,3
"R04_F04",4,4,851,2
"R04_F04",4,4,852,4
"R04_F04",4,4,853,1
"R04_F04",4,4,854,2
"R04_F04",4,4,855,2
"R04_F04",4,4,856,3
"R04_F04",4,4,857,1
"R04_F04",4,4,858,2
"R04_F04",4,4,859,3
"R04_F04",4,4,861,3
"R04_F04",4,4,862,2
"R04_F04",4,4,863,2
"R04_F04",4,4,864,2
"R04_F04",4,4,866,1
"R04_F04",4,4,868,1
"R04_F04",4,4,869,1
"R04_F04",4,4,870,3
"R04_F04",4,4,871,1
"R04_F04",4,4,872,2
"R04_F04",4,4,873,1
"R04_F04",4,4,875,3
"R04_F04",4,4,876,2
"R04_F04",4,4,877,1
"R04_F04",4,4,878,3
"R04_F04",4,4,879,2
"R04_F04",4,4,881,4
"R04_F04",4,4,882,1
"R04_F04",4,4,883,2
"R04_F04",4,4,884,1
"R04_F04",4,4,885,4
"R04_F04",4,4,887,3
"R04_F04",4,4,888,3
"R04_F04",4,4,889,1
"R04_F04",4,4,890,4
"R04_F04",4,4,891,3
"R04_F04",4,4,892,1
"R04_F04",4,4,893,1
"R04_F04",4,4,894,4
"R04_F04",4,4,895,4
"R04_F04",4,4,897,3
"R04_F04",4,4,898,2
"R04_F04",4,4,900,4
"R04_F04",4,4,902,1
"R04_F04",4,4,903,3
"R04_F04",4,4,904,4
"R04_F04",4,4,905,1
"R04_F04",4,4,906,3
"R04_F04",4,4,907,3
"R04_F04",4,4,908,3
"R04_F04",4,4,909,3
"R04_F04",4,4,912,4
"R04_F04",4,4,913,4
"R04_F04",4,4,914,2
"R04_F04",4,4,915,3
"R04_F04",4,4,916,1
"R04_F04",4,4,917,1
"R04_F04",4,4,918,1
"R04_F04",4,4,920,4
"R04_F04",4,4,921,3
"R04_F04",4,4,922,1
"R04_F04",4,4,924,3
"R04_F04",4,4,925,3
"R04_F04",4,4,926,2
"R04_F04",4,4,927,2
"R04_F04",4,4,928,3
"R04_F04",4,4,930,3
"R04_F04",4,4,931,3
"R04_F04",4,4,932,3
"R04_F04",4,4,934,1
"R04_F04",4,4,936,1
"R04_F04",4,4,937,3
"R04_F04",4,4,938,4
"R04_F04",4,4,939,4
"R04_F04",4,4,941,2
"R04_F04",4,4,943,2
"R04_F04",4,4,944,3
"R04_F04",4,4,945,4
"R04_F04",4,4,946,4
"R04_F04",4,4,948,3
"R04_F04",4,4,949,2
"R04_F04",4,4,951,1
"R04_F04",4,4,953,4
"R04_F04",4,4,954,3
"R04_F04",4,4,955,4
"R04_F04",4,4,956,4
"R04_F04",4,4,957,1
"R04_F04",4,4,958,4
"R04_F04",4,4,959,2
"R04_F04",4,4,960,4
"R04_F04",4,4,961,4
"R04_F04",4,4,963,1
"R04_F04",4,4,967,1
"R04_F04",4,4,968,2
"R04_F04",4,4,969,3
"R04_F04",4,4,970,2
"R04_F04",4,4,971,1
"R04_F04",4,4,972,3
"R04_F04",4,4,973,3
"R04_F04",4,4,976,3
"R04_F04",4,4,977,3
"R04_F04",4,4,978,3
"R04_F04",4,4,979,1
"R04_F04",4,4,980,4
"R04_F04",4,4,982,2
"R04_F04",4,4,983,3
"R04_F04",4,4,984,3
"R04_F04",4,4,985,3
"R04_F04",4,4,986,2
"R04_F04",4,4,987,2
"R04_F04",4,4,988,1
"R04_F04",4,4,989,1
"R04_F04",4,4,991,3
"R04_F04",4,4,992,2
"R04_F04",4,4,993,3
"R04_F04",4,4,994,3
"R04_F04",4,4,996,1
"R04_F04",4,4,997,1
"R04_F04",4,4,998,2
"R04_F04",4,4,999,1
"R04_F04",4,4,1000,2
"R04_F05",4,5,1,3
"R04_F05",4,5,2,1
"R04_F05",4,5,3,4
"R04_F05",4,5,5,2
"R04_F05",4,5,7,1
"R04_F05",4,5,8,3
"R04_F05",4,5,10,3
"R04_F05",4,5,11,4
"R04_F05",4,5,12,2
"R04_F05",4,5,14,2
"R04_F05",4,5,16,4
"R04_F05",4,5,17,1
"R04_F05",4,5,18,2
"R04_F05",4,5,19,4
"R04_F05",4,5,20,2
"R04_F05",4,5,21,2
"R04_F05",4,5,22,3
"R04_F05",4,5,23,2
"R04_F05",4,5,24,1
"R04_F05",4,5,25,2
"R04_F05",4,5,26,1
"R04_F05",4,5,27,1
"R04_F05",4,5,29,3
"R04_F05",4,5,31,4
"R04_F05",4,5,33,3
"R04_F05",4,5,35,2
"R04_F05",4,5,36,2
"R04_F05",4,5,39,1
"R04_F05",4,5,40,3
"R04_F05",4,5,41,4
"R04_F05",4,5,42,4
"R04_F05",4,5,43,3
"R04_F05",4,5,44,4
"R04_F05",4,5,48,1
"R04_F05",4,5,49,3
"R04_F05",4,5,50,3
"R04_F05",4,5,51,4
"R04_F05",4,5,52,4
"R04_F05",4,5,54,3
"R04_F05",4,5,55,3
"R04_F05",4,5,56,2
"R04_F05",4,5,57,1
"R04_F05",4,5,59,2
"R04_F05",4,5,60,3
"R04_F05",4,5,62,3
"R04_F05",4,5,63,4
"R04_F05",4,5,64,2
"R04_F05",4,5,65,4
"R04_F05",4,5,66,2
"R04_F05",4,5,67,3
"R04_F05",4,5,69,4
"R04_F05",4,5,71,4
"R04_F05",4,5,72,1
"R04_F05",4,5,75,1
"R04_F05",4,5,76,3
"R04_F05",4,5,78,3
"R04_F05",4,5,79,4
"R04_F05",4,5,80,2
"R04_F05",4,5,81,2
"R04_F05",4,5,82,1
"R04_F05",4,5,83,2
"R04_F05",4,5,84,1
"R04_F05",4,5,87,2
"R04_F05",4,5,88,4
"R04_F05",4,5,89,2
"R04_F05",4,5,90,1
"R04_F05",4,5,91,2
"R04_F05",4,5,93,2
"R04_F05",4,5,95,2
"R04_F05",4,5,96,1
"R04_F05",4,5,97,3
"R04_F05",4,5,98,2
"R04_F05",4,5,99,4
"R04_F05",4,5,100,3
"R04_F05",4,5,101,3
"R04_F05",4,5,102,2
"R04_F05",4,5,104,4
"R04_F05",4,5,106,4
"R04_F05",4,5,107,2
"R04_F05",4,5,108,2
"R04_F05",4,5,109,2
"R04_F05",4,5,110,2
"R04_F05",4,5,111,2
"R04_F05",4,5,112,1
"R04_F05",4,5,113,3
"R04_F05",4,5,114,1
"R04_F05",4,5,115,4
"R04_F05",4,5,116,3
"R04_F05",4,5,118,4
"R04_F05",4,5,119,1
"R04_F05",4,5,120,3
"R04_F05",4,5,121,1
"R04_F05",4,5,122,1
"R04_F05",4,5,123,2
"R04_F05",4,5,124,3
"R04_F05",4,5,126,2
"R04_F05",4,5,127,1
"R04_F05",4,5,128,3
"R04_F05",4,5,130,4
"R04_F05",4,5,131,1
"R04_F05",4,5,132,4
"R04_F05",4,5,133,3
"R04_F05",4,5,134,1
"R04_F05",4,5,135,1
"R04_F05",4,5,137,4
"R04_F05",4,5,138,4
"R04_F05",4,5,139,2
"R04_F05",4,5,141,3
"R04_F05",4,5,142,2
"R04_F05",4,5,143,4
"R04_F05",4,5,144,1
"R04_F05",4,5,145,4
"R04_F05",4,5,146,1
"R04_F05",4,5,148,4
"R04_F05",4,5,149,2
"R04_F05",4,5,150,2
"R04_F05",4,5,151,4
"R04_F05",4,5,152,3
"R04_F05",4,5,155,1
"R04_F05",4,5,156,2
"R04_F05",4,5,157,3
"R04_F05",4,5,160,4
"R04_F05",4,5,161,4
"R04_F05",4,5,162,4
"R04_F05",4,5,163,4
"R04_F05",4,5,164,3
"R04_F05",4,5,165,3
"R04_F05",4,5,166,3
"R04_F05",4,5,167,3
"R04_F05",4,5,168,1
"R04_F05",4,5,169,1
"R04_F05",4,5,170,1
"R04_F05",4,5,171,2
"R04_F05",4,5,172,2
"R04_F05",4,5,174,1
"R04_F05",4,5,176,2
"R04_F05",4,5,177,4
"R04_F05",4,5,178,2
"R04_F05",4,5,179,3
"R04_F05",4,5,180,4
"R04_F05",4,5,181,4
"R04_F05",4,5,182,4
"R04_F05",4,5,183,1
"R04_F05",4,5,184,4
"R04_F05",4,5,185,4
"R04_F05",4,5,186,1
"R04_F05",4,5,189,4
"R04_F05",4,5,190,1
"R04_F05",4,5,191,2
"R04_F05",4,5,192,1
"R04_F05",4,5,193,1
"R04_F05",4,5,194,3
"R04_F05",4,5,195,4
"R04_F05",4,5,196,3
"R04_F05",4,5,197,4
"R04_F05",4,5,198,3
"R04_F05",4,5,199,2
"R04_F05",4,5,201,1
"R04_F05",4,5,202,4
"R04_F05",4,5,205,4
"R04_F05",4,5,206,2
"R04_F05",4,5,208,3
"R04_F05",4,5,209,1
"R04_F05",4,5,210,2
"R04_F05",4,5,211,2
"R04_F05",4,5,213,4
"R04_F05",4,5,214,1
"R04_F05",4,5,215,1
"R04_F05",4,5,216,1
"R04_F05",4,5,217,2
"R04_F05",4,5,218,2
"R04_F05",4,5,219,3
"R04_F05",4,5,220,3
"R04_F05",4,5,221,3
"R04_F05",4,5,222,4
"R04_F05",4,5,223,3
"R04_F05",4,5,224,2
"R04_F05",4,5,226,1
"R04_F05",4,5,227,1
"R04_F05",4,5,228,1
"R04_F05",4,5,231,2
"R04_F05",4,5,232,2
"R04_F05",4,5,233,2
"R04_F05",4,5,234,3
"R04_F05",4,5,235,2
"R04_F05",4,5,236,4
"R04_F05",4,5,237,1
"R04_F05",4,5,238,3
"R04_F05",4,5,239,4
"R04_F05",4,5,240,3
"R04_F05",4,5,241,3
"R04_F05",4,5,242,3
"R04_F05",4,5,243,2
"R04_F05",4,5,244,2
"R04_F05",4,5,245,3
"R04_F05",4,5,247,4
"R04_F05",4,5,248,1
"R04_F05",4,5,250,3
"R04_F05",4,5,251,1
"R04_F05",4,5,252,4
"R04_F05",4,5,253,1
"R04_F05",4,5,254,1
"R04_F05",4,5,255,3
"R04_F05",4,5,256,1
"R04_F05",4,5,260,1
"R04_F05",4,5,261,1
"R04_F05",4,5,262,3
"R04_F05",4,5,263,1
"R04_F05",4,5,264,3
"R04_F05",4,5,265,2
"R04_F05",4,5,266,2
"R04_F05",4,5,268,2
"R04_F05",4,5,271,4
"R04_F05",4,5,274,1
"R04_F05",4,5,275,2
"R04_F05",4,5,276,2
"R04_F05",4,5,277,1
"R04_F05",4,5,278,3
"R04_F05",4,5,279,4
"R04_F05",4,5,281,1
"R04_F05",4,5,282,3
"R04_F05",4,5,285,3
"R04_F05",4,5,286,2
"R04_F05",4,5,287,1
"R04_F05",4,5,288,2
"R04_F05",4,5,289,2
"R04_F05",4,5,290,4
"R04_F05",4,5,292,2
"R04_F05",4,5,293,3
"R04_F05",4,5,294,4
"R04_F05",4,5,296,1
"R04_F05",4,5,297,4
"R04_F05",4,5,298,2
"R04_F05",4,5,299,2
"R04_F05",4,5,301,2
"R04_F05",4,5,302,3
"R04_F05",4,5,304,2
"R04_F05",4,5,305,4
"R04_F05",4,5,306,1
"R04_F05",4,5,307,4
"R04_F05",4,5,309,3
"R04_F05",4,5,310,2
"R04_F05",4,5,311,2
"R04_F05",4,5,312,3
"R04_F05",4,5,313,3
"R04_F05",4,5,314,2
"R04_F05",4,5,315,1
"R04_F05",4,5,316,3
"R04_F05",4,5,317,2
"R04_F05",4,5,318,2
"R04_F05",4,5,319,2
"R04_F05",4,5,321,2
"R04_F05",4,5,322,1
"R04_F05",4,5,323,4
"R04_F05",4,5,324,2
"R04_F05",4,5,325,1
"R04_F05",4,5,326,3
"R04_F05",4,5,327,2
"R04_F05",4,5,328,1
"R04_F05",4,5,329,3
"R04_F05",4,5,332,4
"R04_F05",4,5,333,1
"R04_F05",4,5,334,3
"R04_F05",4,5,335,3
"R04_F05",4,5,336,2
"R04_F05",4,5,338,2
"R04_F05",4,5,340,4
"R04_F05",4,5,341,4
"R04_F05",4,5,342,4
"R04_F05",4,5,343,4
"R04_F05",4,5,345,4
"R04_F05",4,5,346,4
"R04_F05",4,5,349,3
"R04_F05",4,5,350,4
"R04_F05",4,5,351,2
"R04_F05",4,5,354,4
"R04_F05",4,5,355,4
"R04_F05",4,5,356,1
"R04_F05",4,5,357,3
"R04_F05",4,5,359,3
"R04_F05",4,5,361,3
"R04_F05",4,5,362,3
"R04_F05",4,5,363,2
"R04_F05",4,5,364,4
"R04_F05",4,5,365,1
"R04_F05",4,5,366,1
"R04_F05",4,5,367,1
"R04_F05",4,5,368,1
"R04_F05",4,5,369,1
"R04_F05",4,5,370,2
"R04_F05",4,5,372,3
"R04_F05",4,5,373,2
"R04_F05",4,5,374,1
"R04_F05",4,5,375,4
"R04_F05",4,5,376,2
"R04_F05",4,5,377,2
"R04_F05",4,5,378,1
"R04_F05",4,5,379,4
"R04_F05",4,5,380,3
"R04_F05",4,5,381,1
"R04_F05",4,5,382,2
"R04_F05",4,5,383,3
"R04_F05",4,5,384,4
"R04_F05",4,5,385,3
"R04_F05",4,5,386,1
"R04_F05",4,5,388,3
"R04_F05",4,5,389,2
"R04_F05",4,5,390,2
"R04_F05",4,5,391,2
"R04_F05",4,5,392,2
"R04_F05",4,5,393,4
"R04_F05",4,5,394,3
"R04_F05",4,5,395,3
"R04_F05",4,5,396,4
"R04_F05",4,5,397,1
"R04_F05",4,5,398,1
"R04_F05",4,5,400,2
"R04_F05",4,5,401,1
"R04_F05",4,5,402,2
"R04_F05",4,5,403,4
"R04_F05",4,5,404,4
"R04_F05",4,5,405,2
"R04_F05",4,5,407,4
"R04_F05",4,5,408,2
"R04_F05",4,5,409,2
"R04_F05",4,5,410,4
"R04_F05",4,5,411,2
"R04_F05",4,5,412,3
"R04_F05",4,5,413,1
"R04_F05",4,5,414,4
"R04_F05",4,5,415,2
"R04_F05",4,5,416,1
"R04_F05",4,5,418,1
"R04_F05",4,5,419,3
"R04_F05",4,5,420,2
"R04_F05",4,5,421,1
"R04_F05",4,5,422,1
"R04_F05",4,5,423,3
"R04_F05",4,5,424,2
"R04_F05",4,5,427,1
"R04_F05",4,5,428,1
"R04_F05",4,5,429,2
"R04_F05",4,5,430,4
"R04_F05",4,5,432,3
"R04_F05",4,5,433,1
"R04_F05",4,5,434,4
"R04_F05",4,5,435,4
"R04_F05",4,5,436,2
"R04_F05",4,5,437,3
"R04_F05",4,5,438,2
"R04_F05",4,5,439,1
"R04_F05",4,5,442,4
"R04_F05",4,5,443,3
"R04_F05",4,5,444,3
"R04_F05",4,5,445,1
"R04_F05",4,5,446,2
"R04_F05",4,5,447,3
"R04_F05",4,5,448,4
"R04_F05",4,5,449,2
"R04_F05",4,5,450,1
"R04_F05",4,5,451,4
"R04_F05",4,5,452,3
"R04_F05",4,5,453,3
"R04_F05",4,5,454,1
"R04_F05",4,5,455,3
"R04_F05",4,5,456,4
"R04_F05",4,5,457,1
"R04_F05",4,5,458,2
"R04_F05",4,5,459,2
"R04_F05",4,5,460,1
"R04_F05",4,5,462,4
"R04_F05",4,5,463,3
"R04_F05",4,5,464,1
"R04_F05",4,5,465,3
"R04_F05",4,5,466,4
"R04_F05",4,5,467,2
"R04_F05",4,5,470,1
"R04_F05",4,5,471,2
"R04_F05",4,5,472,1
"R04_F05",4,5,473,4
"R04_F05",4,5,475,1
"R04_F05",4,5,476,4
"R04_F05",4,5,478,2
"R04_F05",4,5,480,1
"R04_F05",4,5,482,2
"R04_F05",4,5,483,4
"R04_F05",4,5,484,3
"R04_F05",4,5,485,3
"R04_F05",4,5,486,3
"R04_F05",4,5,487,4
"R04_F05",4,5,488,1
"R04_F05",4,5,489,3
"R04_F05",4,5,490,3
"R04_F05",4,5,493,1
"R04_F05",4,5,494,2
"R04_F05",4,5,496,3
"R04_F05",4,5,497,1
"R04_F05",4,5,498,2
"R04_F05",4,5,500,3
"R04_F05",4,5,501,4
"R04_F05",4,5,503,1
"R04_F05",4,5,504,2
"R04_F05",4,5,505,1
"R04_F05",4,5,506,3
"R04_F05",4,5,507,3
"R04_F05",4,5,508,1
"R04_F05",4,5,510,2
"R04_F05",4,5,511,1
"R04_F05",4,5,512,4
"R04_F05",4,5,513,2
"R04_F05",4,5,514,3
"R04_F05",4,5,515,2
"R04_F05",4,5,517,2
"R04_F05",4,5,519,3
"R04_F05",4,5,520,3
"R04_F05",4,5,522,3
"R04_F05",4,5,523,4
"R04_F05",4,5,524,4
"R04_F05",4,5,525,1
"R04_F05",4,5,526,3
"R04_F05",4,5,527,2
"R04_F05",4,5,528,2
"R04_F05",4,5,529,4
"R04_F05",4,5,530,3
"R04_F05",4,5,533,3
"R04_F05",4,5,534,1
"R04_F05",4,5,535,3
"R04_F05",4,5,537,4
"R04_F05",4,5,538,4
"R04_F05",4,5,541,4
"R04_F05",4,5,543,3
"R04_F05",4,5,544,1
"R04_F05",4,5,546,3
"R04_F05",4,5,547,4
"R04_F05",4,5,548,1
"R04_F05",4,5,551,3
"R04_F05",4,5,552,3
"R04_F05",4,5,553,1
"R04_F05",4,5,555,3
"R04_F05",4,5,556,2
"R04_F05",4,5,557,1
"R04_F05",4,5,558,3
"R04_F05",4,5,559,3
"R04_F05",4,5,560,2
"R04_F05",4,5,561,1
"R04_F05",4,5,562,2
"R04_F05",4,5,563,2
"R04_F05",4,5,564,4
"R04_F05",4,5,565,1
"R04_F05",4,5,566,4
"R04_F05",4,5,567,3
"R04_F05",4,5,568,2
"R04_F05",4,5,569,3
"R04_F05",4,5,571,3
"R04_F05",4,5,572,4
"R04_F05",4,5,573,4
"R04_F05",4,5,574,3
"R04_F05",4,5,575,2
"R04_F05",4,5,576,3
"R04_F05",4,5,577,4
"R04_F05",4,5,578,4
"R04_F05",4,5,579,1
"R04_F05",4,5,582,1
"R04_F05",4,5,583,3
"R04_F05",4,5,584,4
"R04_F05",4,5,585,1
"R04_F05",4,5,586,3
"R04_F05",4,5,587,1
"R04_F05",4,5,589,1
"R04_F05",4,5,591,1
"R04_F05",4,5,592,1
"R04_F05",4,5,593,4
"R04_F05",4,5,594,2
"R04_F05",4,5,595,2
"R04_F05",4,5,596,1
"R04_F05",4,5,597,2
"R04_F05",4,5,598,3
"R04_F05",4,5,599,2
"R04_F05",4,5,600,3
"R04_F05",4,5,601,3
"R04_F05",4,5,602,1
"R04_F05",4,5,604,3
"R04_F05",4,5,605,1
"R04_F05",4,5,606,2
"R04_F05",4,5,607,4
"R04_F05",4,5,608,3
"R04_F05",4,5,609,4
"R04_F05",4,5,610,4
"R04_F05",4,5,611,2
"R04_F05",4,5,613,1
"R04_F05",4,5,615,4
"R04_F05",4,5,616,2
"R04_F05",4,5,617,4
"R04_F05",4,5,618,1
"R04_F05",4,5,619,3
"R04_F05",4,5,620,4
"R04_F05",4,5,621,3
"R04_F05",4,5,622,2
"R04_F05",4,5,623,4
"R04_F05",4,5,624,2
"R04_F05",4,5,625,2
"R04_F05",4,5,627,4
"R04_F05",4,5,628,4
"R04_F05",4,5,629,1
"R04_F05",4,5,630,1
"R04_F05",4,5,631,4
"R04_F05",4,5,632,2
"R04_F05",4,5,633,4
"R04_F05",4,5,634,3
"R04_F05",4,5,635,3
"R04_F05",4,5,636,1
"R04_F05",4,5,637,4
"R04_F05",4,5,638,4
"R04_F05",4,5,639,2
"R04_F05",4,5,640,3
"R04_F05",4,5,641,3
"R04_F05",4,5,642,2
"R04_F05",4,5,644,4
"R04_F05",4,5,646,2
"R04_F05",4,5,647,4
"R04_F05",4,5,648,3
"R04_F05",4,5,649,1
"R04_F05",4,5,650,4
"R04_F05",4,5,652,2
"R04_F05",4,5,653,1
"R04_F05",4,5,654,4
"R04_F05",4,5,655,2
"R04_F05",4,5,656,2
"R04_F05",4,5,657,4
"R04_F05",4,5,658,1
"R04_F05",4,5,659,3
"R04_F05",4,5,660,2
"R04_F05",4,5,662,4
"R04_F05",4,5,664,4
"R04_F05",4,5,665,3
"R04_F05",4,5,666,3
"R04_F05",4,5,667,3
"R04_F05",4,5,668,1
"R04_F05",4,5,671,2
"R04_F05",4,5,673,3
"R04_F05",4,5,674,3
"R04_F05",4,5,675,3
"R04_F05",4,5,676,1
"R04_F05",4,5,677,4
"R04_F05",4,5,678,3
"R04_F05",4,5,680,1
"R04_F05",4,5,681,3
"R04_F05",4,5,682,3
"R04_F05",4,5,683,2
"R04_F05",4,5,684,3
"R04_F05",4,5,685,2
"R04_F05",4,5,686,4
"R04_F05",4,5,687,2
"R04_F05",4,5,688,1
"R04_F05",4,5,690,1
"R04_F05",4,5,692,3
"R04_F05",4,5,693,4
"R04_F05",4,5,695,4
"R04_F05",4,5,696,3
"R04_F05",4,5,697,1
"R04_F05",4,5,698,1
"R04_F05",4,5,699,1
"R04_F05",4,5,700,3
"R04_F05",4,5,702,4
"R04_F05",4,5,704,3
"R04_F05",4,5,705,4
"R04_F05",4,5,706,1
"R04_F05",4,5,707,1
"R04_F05",4,5,708,4
"R04_F05",4,5,709,2
"R04_F05",4,5,711,2
"R04_F05",4,5,712,4
"R04_F05",4,5,713,2
"R04_F05",4,5,715,1
"R04_F05",4,5,716,1
"R04_F05",4,5,717,3
"R04_F05",4,5,718,1
"R04_F05",4,5,721,4
"R04_F05",4,5,722,1
"R04_F05",4,5,723,1
"R04_F05",4,5,724,3
"R04_F05",4,5,725,4
"R04_F05",4,5,726,2
"R04_F05",4,5,727,3
"R04_F05",4,5,728,3
"R04_F05",4,5,729,3
"R04_F05",4,5,730,1
"R04_F05",4,5,732,2
"R04_F05",4,5,734,3
"R04_F05",4,5,735,4
"R04_F05",4,5,736,3
"R04_F05",4,5,737,4
"R04_F05",4,5,738,4
"R04_F05",4,5,739,3
"R04_F05",4,5,740,4
"R04_F05",4,5,741,3
"R04_F05",4,5,742,1
"R04_F05",4,5,743,4
"R04_F05",4,5,744,1
"R04_F05",4,5,745,2
"R04_F05",4,5,746,1
"R04_F05",4,5,747,3
"R04_F05",4,5,748,2
"R04_F05",4,5,749,1
"R04_F05",4,5,750,4
"R04_F05",4,5,751,3
"R04_F05",4,5,752,2
"R04_F05",4,5,753,1
"R04_F05",4,5,755,4
"R04_F05",4,5,756,1
"R04_F05",4,5,757,1
"R04_F05",4,5,758,2
"R04_F05",4,5,760,1
"R04_F05",4,5,761,1
"R04_F05",4,5,762,2
"R04_F05",4,5,763,3
"R04_F05",4,5,764,4
"R04_F05",4,5,765,2
"R04_F05",4,5,767,1
"R04_F05",4,5,769,2
"R04_F05",4,5,770,3
"R04_F05",4,5,771,3
"R04_F05",4,5,774,2
"R04_F05",4,5,775,1
"R04_F05",4,5,776,3
"R04_F05",4,5,778,4
"R04_F05",4,5,779,1
"R04_F05",4,5,781,1
"R04_F05",4,5,783,2
"R04_F05",4,5,784,1
"R04_F05",4,5,786,3
"R04_F05",4,5,787,4
"R04_F05",4,5,788,3
"R04_F05",4,5,789,1
"R04_F05",4,5,790,1
"R04_F05",4,5,792,1
"R04_F05",4,5,793,3
"R04_F05",4,5,794,4
"R04_F05",4,5,795,1
"R04_F05",4,5,796,4
"R04_F05",4,5,797,2
"R04_F05",4,5,798,4
"R04_F05",4,5,800,4
"R04_F05",4,5,802,4
"R04_F05",4,5,804,3
"R04_F05",4,5,806,2
"R04_F05",4,5,807,2
"R04_F05",4,5,808,2
"R04_F05",4,5,809,3
"R04_F05",4,5,810,2
"R04_F05",4,5,811,4
"R04_F05",4,5,812,1
"R04_F05",4,5,813,4
"R04_F05",4,5,814,1
"R04_F05",4,5,815,3
"R04_F05",4,5,817,4
"R04_F05",4,5,820,3
"R04_F05",4,5,821,4
"R04_F05",4,5,822,4
"R04_F05",4,5,823,3
"R04_F05",4,5,824,4
"R04_F05",4,5,825,4
"R04_F05",4,5,826,2
"R04_F05",4,5,827,4
"R04_F05",4,5,829,2
"R04_F05",4,5,830,4
"R04_F05",4,5,832,1
"R04_F05",4,5,833,4
"R04_F05",4,5,835,3
"R04_F05",4,5,836,1
"R04_F05",4,5,837,4
"R04_F05",4,5,839,1
"R04_F05",4,5,842,3
"R04_F05",4,5,843,3
"R04_F05",4,5,844,1
"R04_F05",4,5,846,4
"R04_F05",4,5,849,1
"R04_F05",4,5,850,2
"R04_F05",4,5,851,4
"R04_F05",4,5,853,1
"R04_F05",4,5,854,4
"R04_F05",4,5,855,3
"R04_F05",4,5,856,2
"R04_F05",4,5,857,2
"R04_F05",4,5,858,4
"R04_F05",4,5,859,2
"R04_F05",4,5,860,4
"R04_F05",4,5,861,4
"R04_F05",4,5,862,2
"R04_F05",4,5,863,2
"R04_F05",4,5,864,4
"R04_F05",4,5,865,2
"R04_F05",4,5,866,3
"R04_F05",4,5,867,4
"R04_F05",4,5,868,4
"R04_F05",4,5,869,1
"R04_F05",4,5,870,3
"R04_F05",4,5,871,2
"R04_F05",4,5,872,2
"R04_F05",4,5,873,1
"R04_F05",4,5,874,1
"R04_F05",4,5,877,2
"R04_F05",4,5,878,2
"R04_F05",4,5,879,1
"R04_F05",4,5,880,3
"R04_F05",4,5,881,3
"R04_F05",4,5,883,1
"R04_F05",4,5,884,1
"R04_F05",4,5,885,4
"R04_F05",4,5,886,2
"R04_F05",4,5,887,2
"R04_F05",4,5,888,4
"R04_F05",4,5,889,3
"R04_F05",4,5,890,3
"R04_F05",4,5,891,4
"R04_F05",4,5,892,1
"R04_F05",4,5,895,4
"R04_F05",4,5,896,1
"R04_F05",4,5,897,2
"R04_F05",4,5,898,2
"R04_F05",4,5,899,4
"R04_F05",4,5,900,1
"R04_F05",4,5,901,3
"R04_F05",4,5,902,1
"R04_F05",4,5,903,3
"R04_F05",4,5,904,3
"R04_F05",4,5,905,4
"R04_F05",4,5,908,2
"R04_F05",4,5,910,2
"R04_F05",4,5,911,3
"R04_F05",4,5,912,4
"R04_F05",4,5,913,4
"R04_F05",4,5,914,4
"R04_F05",4,5,915,1
"R04_F05",4,5,916,3
"R04_F05",4,5,917,1
"R04_F05",4,5,919,2
"R04_F05",4,5,921,1
"R04_F05",4,5,922,3
"R04_F05",4,5,923,4
"R04_F05",4,5,925,4
"R04_F05",4,5,926,3
"R04_F05",4,5,927,1
"R04_F05",4,5,928,3
"R04_F05",4,5,929,1
"R04_F05",4,5,930,3
"R04_F05",4,5,931,4
"R04_F05",4,5,932,2
"R04_F05",4,5,933,4
"R04_F05",4,5,934,1
"R04_F05",4,5,935,3
"R04_F05",4,5,937,2
"R04_F05",4,5,938,4
"R04_F05",4,5,939,1
"R04_F05",4,5,940,3
"R04_F05",4,5,941,2
"R04_F05",4,5,942,4
"R04_F05",4,5,945,1
"R04_F05",4,5,946,3
"R04_F05",4,5,947,3
"R04_F05",4,5,948,2
"R04_F05",4,5,950,4
"R04_F05",4,5,952,1
"R04_F05",4,5,954,2
"R04_F05",4,5,956,4
"R04_F05",4,5,957,2
"R04_F05",4,5,958,3
"R04_F05",4,5,960,2
"R04_F05",4,5,961,1
"R04_F05",4,5,962,4
"R04_F05",4,5,964,2
"R04_F05",4,5,965,3
"R04_F05",4,5,966,1
"R04_F05",4,5,967,2
"R04_F05",4,5,968,3
"R04_F05",4,5,969,4
"R04_F05",4,5,970,3
"R04_F05",4,5,971,1
"R04_F05",4,5,972,4
"R04_F05",4,5,973,1
"R04_F05",4,5,974,1
"R04_F05",4,5,975,2
"R04_F05",4,5,976,2
"R04_F05",4,5,977,2
"R04_F05",4,5,979,2
"R04_F05",4,5,980,4
"R04_F05",4,5,981,1
"R04_F05",4,5,984,4
"R04_F05",4,5,985,3
"R04_F05",4,5,987,4
"R04_F05",4,5,989,4
"R04_F05",4,5,990,4
"R04_F05",4,5,991,1
"R04_F05",4,5,992,1
"R04_F05",4,5,995,1
"R04_F05",4,5,996,3
"R04_F05",4,5,997,2
"R04_F05",4,5,998,1
"R04_F05",4,5,999,2
"R04_F05",4,5,1000,4
"R05_F01",5,1,2,3
"R05_F01",5,1,4,4
"R05_F01",5,1,5,2
"R05_F01",5,1,6,3
"R05_F01",5,1,7,1
"R05_F01",5,1,8,4
"R05_F01",5,1,9,2
"R05_F01",5,1,10,4
"R05_F01",5,1,12,3
"R05_F01",5,1,13,2
"R05_F01",5,1,14,2
"R05_F01",5,1,15,4
"R05_F01",5,1,16,2
"R05_F01",5,1,17,4
"R05_F01",5,1,18,1
"R05_F01",5,1,19,2
"R05_F01",5,1,21,3
"R05_F01",5,1,22,3
"R05_F01",5,1,24,3
"R05_F01",5,1,26,2
"R05_F01",5,1,28,3
"R05_F01",5,1,29,1
"R05_F01",5,1,30,2
"R05_F01",5,1,31,1
"R05_F01",5,1,32,1
"R05_F01",5,1,33,4
"R05_F01",5,1,35,2
"R05_F01",5,1,36,4
"R05_F01",5,1,37,4
"R05_F01",5,1,39,2
"R05_F01",5,1,40,1
"R05_F01",5,1,41,3
"R05_F01",5,1,42,1
"R05_F01",5,1,43,2
"R05_F01",5,1,47,3
"R05_F01",5,1,48,2
"R05_F01",5,1,49,3
"R05_F01",5,1,50,2
"R05_F01",5,1,51,1
"R05_F01",5,1,52,3
"R05_F01",5,1,53,4
"R05_F01",5,1,54,2
"R05_F01",5,1,55,2
"R05_F01",5,1,57,3
"R05_F01",5,1,58,1
"R05_F01",5,1,60,2
"R05_F01",5,1,62,1
"R05_F01",5,1,63,1
"R05_F01",5,1,64,3
"R05_F01",5,1,67,3
"R05_F01",5,1,68,3
"R05_F01",5,1,69,3
"R05_F01",5,1,70,4
"R05_F01",5,1,71,4
"R05_F01",5,1,72,3
"R05_F01",5,1,73,2
"R05_F01",5,1,74,4
"R05_F01",5,1,75,1
"R05_F01",5,1,76,1
"R05_F01",5,1,77,3
"R05_F01",5,1,78,3
"R05_F01",5,1,79,1
"R05_F01",5,1,80,1
"R05_F01",5,1,81,4
"R05_F01",5,1,82,4
"R05_F01",5,1,83,2
"R05_F01",5,1,84,4
"R05_F01",5,1,86,1
"R05_F01",5,1,87,1
"R05_F01",5,1,88,2
"R05_F01",5,1,89,4
"R05_F01",5,1,90,3
"R05_F01",5,1,91,4
"R05_F01",5,1,92,2
"R05_F01",5,1,93,2
"R05_F01",5,1,94,1
"R05_F01",5,1,96,2
"R05_F01",5,1,97,4
"R05_F01",5,1,98,4
"R05_F01",5,1,99,1
"R05_F01",5,1,101,3
"R05_F01",5,1,102,1
"R05_F01",5,1,104,2
"R05_F01",5,1,105,3
"R05_F01",5,1,106,1
"R05_F01",5,1,107,3
"R05_F01",5,1,108,1
"R05_F01",5,1,109,1
"R05_F01",5,1,110,4
"R05_F01",5,1,111,4
"R05_F01",5,1,112,2
"R05_F01",5,1,113,4
"R05_F01",5,1,114,3
"R05_F01",5,1,120,1
"R05_F01",5,1,122,1
"R05_F01",5,1,123,3
"R05_F01",5,1,124,4
"R05_F01",5,1,125,2
"R05_F01",5,1,127,1
"R05_F01",5,1,128,1
"R05_F01",5,1,129,1
"R05_F01",5,1,130,2
"R05_F01",5,1,131,4
"R05_F01",5,1,132,4
"R05_F01",5,1,133,1
"R05_F01",5,1,134,2
"R05_F01",5,1,135,2
"R05_F01",5,1,136,3
"R05_F01",5,1,137,1
"R05_F01",5,1,138,3
"R05_F01",5,1,139,2
"R05_F01",5,1,140,2
"R05_F01",5,1,141,3
"R05_F01",5,1,143,4
"R05_F01",5,1,144,3
"R05_F01",5,1,145,4
"R05_F01",5,1,147,4
"R05_F01",5,1,148,2
"R05_F01",5,1,149,1
"R05_F01",5,1,151,3
"R05_F01",5,1,152,3
"R05_F01",5,1,153,4
"R05_F01",5,1,154,2
"R05_F01",5,1,155,4
"R05_F01",5,1,156,3
"R05_F01",5,1,157,1
"R05_F01",5,1,159,4
"R05_F01",5,1,160,3
"R05_F01",5,1,161,4
"R05_F01",5,1,162,3
"R05_F01",5,1,164,1
"R05_F01",5,1,165,3
"R05_F01",5,1,166,2
"R05_F01",5,1,167,2
"R05_F01",5,1,168,1
"R05_F01",5,1,169,2
"R05_F01",5,1,170,2
"R05_F01",5,1,171,3
"R05_F01",5,1,172,4
"R05_F01",5,1,173,2
"R05_F01",5,1,174,1
"R05_F01",5,1,175,4
"R05_F01",5,1,177,3
"R05_F01",5,1,178,4
"R05_F01",5,1,180,2
"R05_F01",5,1,183,4
"R05_F01",5,1,184,2
"R05_F01",5,1,185,4
"R05_F01",5,1,188,1
"R05_F01",5,1,189,2
"R05_F01",5,1,190,4
"R05_F01",5,1,192,3
"R05_F01",5,1,194,3
"R05_F01",5,1,195,1
"R05_F01",5,1,197,4
"R05_F01",5,1,198,1
"R05_F01",5,1,199,1
"R05_F01",5,1,200,3
"R05_F01",5,1,202,3
"R05_F01",5,1,203,4
"R05_F01",5,1,204,1
"R05_F01",5,1,205,2
"R05_F01",5,1,206,4
"R05_F01",5,1,207,2
"R05_F01",5,1,208,3
"R05_F01",5,1,209,3
"R05_F01",5,1,210,4
"R05_F01",5,1,212,3
"R05_F01",5,1,213,4
"R05_F01",5,1,216,2
"R05_F01",5,1,217,1
"R05_F01",5,1,218,4
"R05_F01",5,1,219,4
"R05_F01",5,1,220,2
"R05_F01",5,1,221,1
"R05_F01",5,1,223,4
"R05_F01",5,1,224,1
"R05_F01",5,1,225,1
"R05_F01",5,1,226,2
"R05_F01",5,1,227,3
"R05_F01",5,1,228,2
"R05_F01",5,1,229,1
"R05_F01",5,1,233,2
"R05_F01",5,1,234,2
"R05_F01",5,1,236,4
"R05_F01",5,1,237,3
"R05_F01",5,1,238,1
"R05_F01",5,1,239,2
"R05_F01",5,1,241,3
"R05_F01",5,1,242,2
"R05_F01",5,1,243,3
"R05_F01",5,1,244,4
"R05_F01",5,1,245,1
"R05_F01",5,1,246,3
"R05_F01",5,1,247,4
"R05_F01",5,1,248,4
"R05_F01",5,1,249,1
"R05_F01",5,1,250,2
"R05_F01",5,1,252,3
"R05_F01",5,1,253,1
"R05_F01",5,1,254,3
"R05_F01",5,1,255,2
"R05_F01",5,1,256,2
"R05_F01",5,1,257,3
"R05_F01",5,1,258,4
"R05_F01",5,1,259,4
"R05_F01",5,1,260,1
"R05_F01",5,1,262,3
"R05_F01",5,1,263,4
"R05_F01",5,1,264,4
"R05_F01",5,1,265,2
"R05_F01",5,1,267,2
"R05_F01",5,1,269,3
"R05_F01",5,1,270,2
"R05_F01",5,1,272,4
"R05_F01",5,1,273,3
"R05_F01",5,1,274,3
"R05_F01",5,1,276,4
"R05_F01",5,1,277,3
"R05_F01",5,1,278,2
"R05_F01",5,1,279,1
"R05_F01",5,1,280,2
"R05_F01",5,1,281,4
"R05_F01",5,1,282,2
"R05_F01",5,1,283,1
"R05_F01",5,1,284,1
"R05_F01",5,1,285,3
"R05_F01",5,1,286,2
"R05_F01",5,1,287,2
"R05_F01",5,1,288,1
"R05_F01",5,1,289,4
"R05_F01",5,1,290,3
"R05_F01",5,1,291,3
"R05_F01",5,1,294,1
"R05_F01",5,1,295,2
"R05_F01",5,1,297,1
"R05_F01",5,1,298,2
"R05_F01",5,1,299,2
"R05_F01",5,1,302,4
"R05_F01",5,1,303,1
"R05_F01",5,1,304,1
"R05_F01",5,1,305,2
"R05_F01",5,1,306,1
"R05_F01",5,1,307,3
"R05_F01",5,1,308,1
"R05_F01",5,1,309,3
"R05_F01",5,1,310,3
"R05_F01",5,1,311,3
"R05_F01",5,1,312,2
"R05_F01",5,1,313,4
"R05_F01",5,1,314,2
"R05_F01",5,1,315,4
"R05_F01",5,1,316,4
"R05_F01",5,1,317,2
"R05_F01",5,1,319,4
"R05_F01",5,1,320,3
"R05_F01",5,1,321,1
"R05_F01",5,1,322,3
"R05_F01",5,1,323,2
"R05_F01",5,1,324,1
"R05_F01",5,1,325,2
"R05_F01",5,1,326,2
"R05_F01",5,1,327,2
"R05_F01",5,1,328,1
"R05_F01",5,1,329,3
"R05_F01",5,1,331,4
"R05_F01",5,1,332,4
"R05_F01",5,1,333,3
"R05_F01",5,1,334,4
"R05_F01",5,1,335,4
"R05_F01",5,1,336,3
"R05_F01",5,1,337,4
"R05_F01",5,1,338,1
"R05_F01",5,1,339,4
"R05_F01",5,1,340,3
"R05_F01",5,1,341,3
"R05_F01",5,1,342,4
"R05_F01",5,1,344,2
"R05_F01",5,1,345,1
"R05_F01",5,1,346,4
"R05_F01",5,1,348,1
"R05_F01",5,1,349,4
"R05_F01",5,1,351,1
"R05_F01",5,1,352,4
"R05_F01",5,1,354,3
"R05_F01",5,1,356,3
"R05_F01",5,1,357,3
"R05_F01",5,1,358,4
"R05_F01",5,1,359,4
"R05_F01",5,1,361,4
"R05_F01",5,1,362,1
"R05_F01",5,1,363,3
"R05_F01",5,1,366,2
"R05_F01",5,1,367,4
"R05_F01",5,1,368,4
"R05_F01",5,1,369,4
"R05_F01",5,1,370,3
"R05_F01",5,1,371,3
"R05_F01",5,1,372,3
"R05_F01",5,1,373,2
"R05_F01",5,1,374,4
"R05_F01",5,1,375,1
"R05_F01",5,1,376,3
"R05_F01",5,1,377,4
"R05_F01",5,1,378,1
"R05_F01",5,1,379,1
"R05_F01",5,1,380,2
"R05_F01",5,1,383,2
"R05_F01",5,1,384,4
"R05_F01",5,1,386,4
"R05_F01",5,1,387,2
"R05_F01",5,1,388,4
"R05_F01",5,1,389,2
"R05_F01",5,1,390,1
"R05_F01",5,1,391,3
"R05_F01",5,1,392,3
"R05_F01",5,1,393,4
"R05_F01",5,1,394,2
"R05_F01",5,1,395,1
"R05_F01",5,1,396,3
"R05_F01",5,1,397,2
"R05_F01",5,1,398,2
"R05_F01",5,1,399,3
"R05_F01",5,1,400,3
"R05_F01",5,1,401,2
"R05_F01",5,1,402,3
"R05_F01",5,1,404,2
"R05_F01",5,1,405,4
"R05_F01",5,1,406,2
"R05_F01",5,1,407,4
"R05_F01",5,1,409,2
"R05_F01",5,1,410,2
"R05_F01",5,1,411,4
"R05_F01",5,1,412,3
"R05_F01",5,1,413,4
"R05_F01",5,1,415,4
"R05_F01",5,1,416,1
"R05_F01",5,1,417,3
"R05_F01",5,1,418,1
"R05_F01",5,1,420,1
"R05_F01",5,1,421,2
"R05_F01",5,1,422,3
"R05_F01",5,1,423,3
"R05_F01",5,1,424,1
"R05_F01",5,1,426,4
"R05_F01",5,1,430,2
"R05_F01",5,1,431,4
"R05_F01",5,1,432,1
"R05_F01",5,1,433,1
"R05_F01",5,1,436,2
"R05_F01",5,1,437,2
"R05_F01",5,1,438,2
"R05_F01",5,1,439,1
"R05_F01",5,1,440,1
"R05_F01",5,1,441,2
"R05_F01",5,1,442,1
"R05_F01",5,1,443,2
"R05_F01",5,1,444,1
"R05_F01",5,1,445,2
"R05_F01",5,1,446,4
"R05_F01",5,1,448,2
"R05_F01",5,1,451,2
"R05_F01",5,1,452,1
"R05_F01",5,1,453,4
"R05_F01",5,1,455,3
"R05_F01",5,1,456,1
"R05_F01",5,1,457,2
"R05_F01",5,1,459,3
"R05_F01",5,1,460,2
"R05_F01",5,1,461,4
"R05_F01",5,1,464,3
"R05_F01",5,1,465,1
"R05_F01",5,1,466,1
"R05_F01",5,1,467,4
"R05_F01",5,1,468,4
"R05_F01",5,1,469,1
"R05_F01",5,1,471,4
"R05_F01",5,1,472,3
"R05_F01",5,1,473,3
"R05_F01",5,1,474,1
"R05_F01",5,1,475,4
"R05_F01",5,1,476,4
"R05_F01",5,1,477,1
"R05_F01",5,1,478,4
"R05_F01",5,1,481,1
"R05_F01",5,1,483,4
"R05_F01",5,1,484,3
"R05_F01",5,1,486,1
"R05_F01",5,1,487,4
"R05_F01",5,1,488,1
"R05_F01",5,1,489,4
"R05_F01",5,1,490,4
"R05_F01",5,1,491,1
"R05_F01",5,1,492,4
"R05_F01",5,1,495,1
"R05_F01",5,1,498,3
"R05_F01",5,1,499,4
"R05_F01",5,1,500,2
"R05_F01",5,1,501,4
"R05_F01",5,1,502,1
"R05_F01",5,1,503,4
"R05_F01",5,1,506,3
"R05_F01",5,1,507,2
"R05_F01",5,1,508,1
"R05_F01",5,1,509,1
"R05_F01",5,1,510,3
"R05_F01",5,1,511,3
"R05_F01",5,1,512,1
"R05_F01",5,1,513,3
"R05_F01",5,1,514,3
"R05_F01",5,1,516,2
"R05_F01",5,1,517,4
"R05_F01",5,1,518,2
"R05_F01",5,1,519,4
"R05_F01",5,1,520,4
"R05_F01",5,1,522,2
"R05_F01",5,1,523,4
"R05_F01",5,1,524,1
"R05_F01",5,1,526,1
"R05_F01",5,1,529,3
"R05_F01",5,1,530,4
"R05_F01",5,1,531,3
"R05_F01",5,1,532,1
"R05_F01",5,1,533,2
"R05_F01",5,1,534,4
"R05_F01",5,1,535,2
"R05_F01",5,1,536,1
"R05_F01",5,1,537,3
"R05_F01",5,1,539,1
"R05_F01",5,1,541,3
"R05_F01",5,1,542,2
"R05_F01",5,1,543,2
"R05_F01",5,1,544,4
"R05_F01",5,1,545,4
"R05_F01",5,1,546,3
"R05_F01",5,1,547,2
"R05_F01",5,1,550,3
"R05_F01",5,1,551,1
"R05_F01",5,1,553,1
"R05_F01",5,1,554,3
"R05_F01",5,1,555,2
"R05_F01",5,1,559,1
"R05_F01",5,1,560,1
"R05_F01",5,1,561,4
"R05_F01",5,1,562,3
"R05_F01",5,1,564,1
"R05_F01",5,1,565,1
"R05_F01",5,1,566,4
"R05_F01",5,1,567,4
"R05_F01",5,1,568,2
"R05_F01",5,1,569,2
"R05_F01",5,1,570,4
"R05_F01",5,1,571,4
"R05_F01",5,1,572,4
"R05_F01",5,1,574,3
"R05_F01",5,1,575,3
"R05_F01",5,1,576,2
"R05_F01",5,1,577,2
"R05_F01",5,1,578,2
"R05_F01",5,1,579,3
"R05_F01",5,1,580,3
"R05_F01",5,1,581,3
"R05_F01",5,1,582,4
"R05_F01",5,1,583,4
"R05_F01",5,1,584,1
"R05_F01",5,1,586,1
"R05_F01",5,1,587,1
"R05_F01",5,1,588,2
"R05_F01",5,1,589,4
"R05_F01",5,1,590,3
"R05_F01",5,1,592,2
"R05_F01",5,1,593,1
"R05_F01",5,1,594,4
"R05_F01",5,1,597,1
"R05_F01",5,1,598,1
"R05_F01",5,1,599,2
"R05_F01",5,1,600,1
"R05_F01",5,1,601,1
"R05_F01",5,1,602,4
"R05_F01",5,1,603,2
"R05_F01",5,1,604,1
"R05_F01",5,1,606,1
"R05_F01",5,1,607,4
"R05_F01",5,1,608,1
"R05_F01",5,1,609,4
"R05_F01",5,1,610,1
"R05_F01",5,1,611,1
"R05_F01",5,1,612,3
"R05_F01",5,1,613,4
"R05_F01",5,1,614,4
"R05_F01",5,1,615,3
"R05_F01",5,1,617,2
"R05_F01",5,1,621,3
"R05_F01",5,1,622,1
"R05_F01",5,1,623,4
"R05_F01",5,1,626,2
"R05_F01",5,1,627,1
"R05_F01",5,1,628,3
"R05_F01",5,1,629,3
"R05_F01",5,1,630,4
"R05_F01",5,1,632,4
"R05_F01",5,1,633,3
"R05_F01",5,1,634,2
"R05_F01",5,1,635,4
"R05_F01",5,1,638,1
"R05_F01",5,1,640,3
"R05_F01",5,1,642,3
"R05_F01",5,1,643,1
"R05_F01",5,1,644,4
"R05_F01",5,1,645,2
"R05_F01",5,1,646,1
"R05_F01",5,1,647,2
"R05_F01",5,1,648,3
"R05_F01",5,1,649,3
"R05_F01",5,1,650,3
"R05_F01",5,1,651,1
"R05_F01",5,1,652,2
"R05_F01",5,1,653,3
"R05_F01",5,1,654,4
"R05_F01",5,1,655,2
"R05_F01",5,1,656,3
"R05_F01",5,1,657,3
"R05_F01",5,1,658,3
"R05_F01",5,1,660,2
"R05_F01",5,1,661,2
"R05_F01",5,1,663,4
"R05_F01",5,1,664,2
"R05_F01",5,1,666,3
"R05_F01",5,1,667,1
"R05_F01",5,1,672,3
"R05_F01",5,1,673,1
"R05_F01",5,1,674,1
"R05_F01",5,1,675,3
"R05_F01",5,1,676,2
"R05_F01",5,1,677,1
"R05_F01",5,1,678,2
"R05_F01",5,1,679,1
"R05_F01",5,1,680,1
"R05_F01",5,1,682,3
"R05_F01",5,1,683,2
"R05_F01",5,1,684,3
"R05_F01",5,1,685,2
"R05_F01",5,1,686,4
"R05_F01",5,1,687,4
"R05_F01",5,1,689,1
"R05_F01",5,1,690,2
"R05_F01",5,1,691,3
"R05_F01",5,1,692,1
"R05_F01",5,1,693,1
"R05_F01",5,1,694,3
"R05_F01",5,1,696,4
"R05_F01",5,1,697,3
"R05_F01",5,1,699,1
"R05_F01",5,1,700,4
"R05_F01",5,1,701,4
"R05_F01",5,1,702,1
"R05_F01",5,1,703,3
"R05_F01",5,1,704,3
"R05_F01",5,1,705,1
"R05_F01",5,1,707,4
"R05_F01",5,1,709,1
"R05_F01",5,1,710,1
"R05_F01",5,1,711,4
"R05_F01",5,1,712,1
"R05_F01",5,1,713,2
"R05_F01",5,1,715,2
"R05_F01",5,1,716,1
"R05_F01",5,1,717,3
"R05_F01",5,1,718,3
"R05_F01",5,1,719,1
"R05_F01",5,1,720,4
"R05_F01",5,1,721,2
"R05_F01",5,1,722,4
"R05_F01",5,1,723,2
"R05_F01",5,1,724,3
"R05_F01",5,1,725,2
"R05_F01",5,1,726,3
"R05_F01",5,1,727,2
"R05_F01",5,1,728,1
"R05_F01",5,1,729,1
"R05_F01",5,1,730,3
"R05_F01",5,1,731,3
"R05_F01",5,1,732,1
"R05_F01",5,1,734,1
"R05_F01",5,1,738,4
"R05_F01",5,1,739,4
"R05_F01",5,1,740,1
"R05_F01",5,1,741,4
"R05_F01",5,1,742,2
"R05_F01",5,1,743,1
"R05_F01",5,1,744,2
"R05_F01",5,1,745,1
"R05_F01",5,1,746,3
"R05_F01",5,1,747,2
"R05_F01",5,1,748,2
"R05_F01",5,1,750,3
"R05_F01",5,1,751,4
"R05_F01",5,1,753,1
"R05_F01",5,1,754,2
"R05_F01",5,1,755,3
"R05_F01",5,1,756,4
"R05_F01",5,1,757,2
"R05_F01",5,1,758,4
"R05_F01",5,1,759,1
"R05_F01",5,1,760,3
"R05_F01",5,1,761,4
"R05_F01",5,1,762,3
"R05_F01",5,1,763,3
"R05_F01",5,1,764,4
"R05_F01",5,1,765,3
"R05_F01",5,1,766,3
"R05_F01",5,1,767,4
"R05_F01",5,1,768,4
"R05_F01",5,1,769,3
"R05_F01",5,1,770,1
"R05_F01",5,1,771,3
"R05_F01",5,1,772,1
"R05_F01",5,1,773,1
"R05_F01",5,1,775,3
"R05_F01",5,1,777,1
"R05_F01",5,1,780,3
"R05_F01",5,1,781,3
"R05_F01",5,1,782,3
"R05_F01",5,1,783,1
"R05_F01",5,1,787,2
"R05_F01",5,1,788,4
"R05_F01",5,1,789,2
"R05_F01",5,1,790,4
"R05_F01",5,1,791,1
"R05_F01",5,1,793,2
"R05_F01",5,1,795,2
"R05_F01",5,1,796,2
"R05_F01",5,1,797,4
"R05_F01",5,1,798,3
"R05_F01",5,1,799,2
"R05_F01",5,1,800,3
"R05_F01",5,1,801,3
"R05_F01",5,1,803,4
"R05_F01",5,1,804,1
"R05_F01",5,1,805,4
"R05_F01",5,1,806,4
"R05_F01",5,1,807,1
"R05_F01",5,1,808,4
"R05_F01",5,1,809,4
"R05_F01",5,1,810,4
"R05_F01",5,1,811,1
"R05_F01",5,1,812,3
"R05_F01",5,1,813,1
"R05_F01",5,1,814,2
"R05_F01",5,1,815,1
"R05_F01",5,1,816,3
"R05_F01",5,1,817,1
"R05_F01",5,1,818,3
"R05_F01",5,1,819,4
"R05_F01",5,1,820,2
"R05_F01",5,1,821,2
"R05_F01",5,1,822,4
"R05_F01",5,1,823,1
"R05_F01",5,1,825,2
"R05_F01",5,1,826,1
"R05_F01",5,1,827,1
"R05_F01",5,1,828,3
"R05_F01",5,1,829,3
"R05_F01",5,1,830,4
"R05_F01",5,1,831,4
"R05_F01",5,1,832,2
"R05_F01",5,1,834,2
"R05_F01",5,1,835,4
"R05_F01",5,1,836,3
"R05_F01",5,1,838,3
"R05_F01",5,1,839,3
"R05_F01",5,1,841,2
"R05_F01",5,1,842,1
"R05_F01",5,1,843,2
"R05_F01",5,1,844,2
"R05_F01",5,1,845,3
"R05_F01",5,1,846,3
"R05_F01",5,1,847,2
"R05_F01",5,1,850,4
"R05_F01",5,1,851,4
"R05_F01",5,1,852,2
"R05_F01",5,1,853,1
"R05_F01",5,1,854,4
"R05_F01",5,1,855,4
"R05_F01",5,1,858,1
"R05_F01",5,1,860,2
"R05_F01",5,1,861,3
"R05_F01",5,1,862,2
"R05_F01",5,1,863,3
"R05_F01",5,1,864,2
"R05_F01",5,1,865,3
"R05_F01",5,1,866,2
"R05_F01",5,1,867,1
"R05_F01",5,1,868,2
"R05_F01",5,1,869,2
"R05_F01",5,1,870,4
"R05_F01",5,1,871,1
"R05_F01",5,1,872,1
"R05_F01",5,1,874,4
"R05_F01",5,1,877,1
"R05_F01",5,1,878,2
"R05_F01",5,1,879,4
"R05_F01",5,1,880,1
"R05_F01",5,1,881,2
"R05_F01",5,1,884,1
"R05_F01",5,1,885,4
"R05_F01",5,1,887,3
"R05_F01",5,1,888,3
"R05_F01",5,1,889,2
"R05_F01",5,1,890,1
"R05_F01",5,1,891,3
"R05_F01",5,1,892,1
"R05_F01",5,1,894,1
"R05_F01",5,1,895,2
"R05_F01",5,1,896,1
"R05_F01",5,1,897,2
"R05_F01",5,1,898,1
"R05_F01",5,1,900,2
"R05_F01",5,1,901,3
"R05_F01",5,1,902,2
"R05_F01",5,1,904,2
"R05_F01",5,1,905,1
"R05_F01",5,1,906,1
"R05_F01",5,1,907,4
"R05_F01",5,1,908,2
"R05_F01",5,1,909,4
"R05_F01",5,1,910,1
"R05_F01",5,1,911,2
"R05_F01",5,1,913,3
"R05_F01",5,1,914,2
"R05_F01",5,1,915,2
"R05_F01",5,1,916,2
"R05_F01",5,1,917,3
"R05_F01",5,1,918,2
"R05_F01",5,1,919,3
"R05_F01",5,1,920,3
"R05_F01",5,1,921,2
"R05_F01",5,1,922,2
"R05_F01",5,1,924,4
"R05_F01",5,1,925,4
"R05_F01",5,1,927,1
"R05_F01",5,1,929,2
"R05_F01",5,1,931,4
"R05_F01",5,1,932,3
"R05_F01",5,1,933,1
"R05_F01",5,1,934,1
"R05_F01",5,1,935,4
"R05_F01",5,1,936,2
"R05_F01",5,1,937,1
"R05_F01",5,1,939,3
"R05_F01",5,1,940,3
"R05_F01",5,1,941,2
"R05_F01",5,1,943,4
"R05_F01",5,1,944,3
"R05_F01",5,1,945,2
"R05_F01",5,1,946,1
"R05_F01",5,1,948,2
"R05_F01",5,1,949,3
"R05_F01",5,1,950,4
"R05_F01",5,1,951,1
"R05_F01",5,1,952,1
"R05_F01",5,1,954,3
"R05_F01",5,1,955,4
"R05_F01",5,1,956,4
"R05_F01",5,1,957,4
"R05_F01",5,1,959,4
"R05_F01",5,1,960,4
"R05_F01",5,1,961,4
"R05_F01",5,1,962,2
"R05_F01",5,1,963,3
"R05_F01",5,1,964,1
"R05_F01",5,1,965,1
"R05_F01",5,1,967,1
"R05_F01",5,1,969,3
"R05_F01",5,1,971,4
"R05_F01",5,1,972,2
"R05_F01",5,1,973,1
"R05_F01",5,1,974,1
"R05_F01",5,1,976,4
"R05_F01",5,1,977,3
"R05_F01",5,1,978,4
"R05_F01",5,1,980,3
"R05_F01",5,1,981,2
"R05_F01",5,1,983,2
"R05_F01",5,1,984,4
"R05_F01",5,1,985,3
"R05_F01",5,1,986,1
"R05_F01",5,1,987,2
"R05_F01",5,1,988,3
"R05_F01",5,1,989,4
"R05_F01",5,1,990,2
"R05_F01",5,1,991,2
"R05_F01",5,1,992,3
"R05_F01",5,1,993,3
"R05_F01",5,1,994,3
"R05_F01",5,1,995,2
"R05_F01",5,1,996,3
"R05_F01",5,1,997,2
"R05_F01",5,1,998,2
"R05_F01",5,1,1000,4
"R05_F02",5,2,1,1
"R05_F02",5,2,2,3
"R05_F02",5,2,3,3
"R05_F02",5,2,4,4
"R05_F02",5,2,5,2
"R05_F02",5,2,7,2
"R05_F02",5,2,10,1
"R05_F02",5,2,11,4
"R05_F02",5,2,12,4
"R05_F02",5,2,13,2
"R05_F02",5,2,15,2
"R05_F02",5,2,16,4
"R05_F02",5,2,17,1
"R05_F02",5,2,20,3
"R05_F02",5,2,21,3
"R05_F02",5,2,22,1
"R05_F02",5,2,23,3
"R05_F02",5,2,24,1
"R05_F02",5,2,25,1
"R05_F02",5,2,26,4
"R05_F02",5,2,27,4
"R05_F02",5,2,28,1
"R05_F02",5,2,29,1
"R05_F02",5,2,30,3
"R05_F02",5,2,31,1
"R05_F02",5,2,33,2
"R05_F02",5,2,34,4
"R05_F02",5,2,36,1
"R05_F02",5,2,37,1
"R05_F02",5,2,38,4
"R05_F02",5,2,41,1
"R05_F02",5,2,42,3
"R05_F02",5,2,44,1
"R05_F02",5,2,45,3
"R05_F02",5,2,46,4
"R05_F02",5,2,47,3
"R05_F02",5,2,48,2
"R05_F02",5,2,49,1
"R05_F02",5,2,50,1
"R05_F02",5,2,52,3
"R05_F02",5,2,53,1
"R05_F02",5,2,56,4
"R05_F02",5,2,57,4
"R05_F02",5,2,58,3
"R05_F02",5,2,59,4
"R05_F02",5,2,60,4
"R05_F02",5,2,61,2
"R05_F02",5,2,62,4
"R05_F02",5,2,63,2
"R05_F02",5,2,64,4
"R05_F02",5,2,65,4
"R05_F02",5,2,66,3
"R05_F02",5,2,67,3
"R05_F02",5,2,68,1
"R05_F02",5,2,69,3
"R05_F02",5,2,70,1
"R05_F02",5,2,71,2
"R05_F02",5,2,73,3
"R05_F02",5,2,74,1
"R05_F02",5,2,75,2
"R05_F02",5,2,77,1
"R05_F02",5,2,79,3
"R05_F02",5,2,80,2
"R05_F02",5,2,81,1
"R05_F02",5,2,82,2
"R05_F02",5,2,83,2
"R05_F02",5,2,84,1
"R05_F02",5,2,85,3
"R05_F02",5,2,87,4
"R05_F02",5,2,89,2
"R05_F02",5,2,91,1
"R05_F02",5,2,92,4
"R05_F02",5,2,93,3
"R05_F02",5,2,94,1
"R05_F02",5,2,95,1
"R05_F02",5,2,97,2
"R05_F02",5,2,100,2
"R05_F02",5,2,101,3
"R05_F02",5,2,102,4
"R05_F02",5,2,103,4
"R05_F02",5,2,106,3
"R05_F02",5,2,107,2
"R05_F02",5,2,108,3
"R05_F02",5,2,109,2
"R05_F02",5,2,110,2
"R05_F02",5,2,111,3
"R05_F02",5,2,113,3
"R05_F02",5,2,114,2
"R05_F02",5,2,115,1
"R05_F02",5,2,116,4
"R05_F02",5,2,117,1
"R05_F02",5,2,118,2
"R05_F02",5,2,119,3
"R05_F02",5,2,120,1
"R05_F02",5,2,121,3
"R05_F02",5,2,124,1
"R05_F02",5,2,125,3
"R05_F02",5,2,126,4
"R05_F02",5,2,127,4
"R05_F02",5,2,130,4
"R05_F02",5,2,131,1
"R05_F02",5,2,133,1
"R05_F02",5,2,134,3
"R05_F02",5,2,135,1
"R05_F02",5,2,136,4
"R05_F02",5,2,137,2
"R05_F02",5,2,138,3
"R05_F02",5,2,140,3
"R05_F02",5,2,141,3
"R05_F02",5,2,142,4
"R05_F02",5,2,145,2
"R05_F02",5,2,146,4
"R05_F02",5,2,148,3
"R05_F02",5,2,149,4
"R05_F02",5,2,150,3
"R05_F02",5,2,151,2
"R05_F02",5,2,152,2
"R05_F02",5,2,154,3
"R05_F02",5,2,156,4
"R05_F02",5,2,157,4
"R05_F02",5,2,158,4
"R05_F02",5,2,159,2
"R05_F02",5,2,160,4
"R05_F02",5,2,162,4
"R05_F02",5,2,163,4
"R05_F02",5,2,164,2
"R05_F02",5,2,166,2
"R05_F02",5,2,167,4
"R05_F02",5,2,168,4
"R05_F02",5,2,169,3
"R05_F02",5,2,170,1
"R05_F02",5,2,171,2
"R05_F02",5,2,172,2
"R05_F02",5,2,175,1
"R05_F02",5,2,176,3
"R05_F02",5,2,177,1
"R05_F02",5,2,179,4
"R05_F02",5,2,180,4
"R05_F02",5,2,181,3
"R05_F02",5,2,182,2
"R05_F02",5,2,183,1
"R05_F02",5,2,185,3
"R05_F02",5,2,186,1
"R05_F02",5,2,187,2
"R05_F02",5,2,188,2
"R05_F02",5,2,189,2
"R05_F02",5,2,190,4
"R05_F02",5,2,191,2
"R05_F02",5,2,192,3
"R05_F02",5,2,193,4
"R05_F02",5,2,194,2
"R05_F02",5,2,195,3
"R05_F02",5,2,196,3
"R05_F02",5,2,197,2
"R05_F02",5,2,198,2
"R05_F02",5,2,199,4
"R05_F02",5,2,200,3
"R05_F02",5,2,201,3
"R05_F02",5,2,202,2
"R05_F02",5,2,203,2
"R05_F02",5,2,204,4
"R05_F02",5,2,205,4
"R05_F02",5,2,206,3
"R05_F02",5,2,207,3
"R05_F02",5,2,208,3
"R05_F02",5,2,210,2
"R05_F02",5,2,211,4
"R05_F02",5,2,212,4
"R05_F02",5,2,214,3
"R05_F02",5,2,215,1
"R05_F02",5,2,216,3
"R05_F02",5,2,217,2
"R05_F02",5,2,219,2
"R05_F02",5,2,220,4
"R05_F02",5,2,221,3
"R05_F02",5,2,222,3
"R05_F02",5,2,224,4
"R05_F02",5,2,225,3
"R05_F02",5,2,227,3
"R05_F02",5,2,230,3
"R05_F02",5,2,231,2
"R05_F02",5,2,232,3
"R05_F02",5,2,233,4
"R05_F02",5,2,235,1
"R05_F02",5,2,236,4
"R05_F02",5,2,237,3
"R05_F02",5,2,238,4
"R05_F02",5,2,239,4
"R05_F02",5,2,240,2
"R05_F02",5,2,241,3
"R05_F02",5,2,242,2
"R05_F02",5,2,243,2
"R05_F02",5,2,244,3
"R05_F02",5,2,245,3
"R05_F02",5,2,246,2
"R05_F02",5,2,247,4
"R05_F02",5,2,248,3
"R05_F02",5,2,249,4
"R05_F02",5,2,250,3
"R05_F02",5,2,251,2
"R05_F02",5,2,252,4
"R05_F02",5,2,253,3
"R05_F02",5,2,254,1
"R05_F02",5,2,255,1
"R05_F02",5,2,256,1
"R05_F02",5,2,257,2
"R05_F02",5,2,258,4
"R05_F02",5,2,259,4
"R05_F02",5,2,260,4
"R05_F02",5,2,261,4
"R05_F02",5,2,263,2
"R05_F02",5,2,264,1
"R05_F02",5,2,266,2
"R05_F02",5,2,267,4
"R05_F02",5,2,268,1
"R05_F02",5,2,271,2
"R05_F02",5,2,273,1
"R05_F02",5,2,274,1
"R05_F02",5,2,275,4
"R05_F02",5,2,277,2
"R05_F02",5,2,278,2
"R05_F02",5,2,279,3
"R05_F02",5,2,280,1
"R05_F02",5,2,281,2
"R05_F02",5,2,283,1
"R05_F02",5,2,284,1
"R05_F02",5,2,285,4
"R05_F02",5,2,286,4
"R05_F02",5,2,287,1
"R05_F02",5,2,288,2
"R05_F02",5,2,290,2
"R05_F02",5,2,291,1
"R05_F02",5,2,292,1
"R05_F02",5,2,293,1
"R05_F02",5,2,294,4
"R05_F02",5,2,295,3
"R05_F02",5,2,296,2
"R05_F02",5,2,298,3
"R05_F02",5,2,299,1
"R05_F02",5,2,300,1
"R05_F02",5,2,301,3
"R05_F02",5,2,302,2
"R05_F02",5,2,303,4
"R05_F02",5,2,304,4
"R05_F02",5,2,305,3
"R05_F02",5,2,306,3
"R05_F02",5,2,307,3
"R05_F02",5,2,308,1
"R05_F02",5,2,309,1
"R05_F02",5,2,310,4
"R05_F02",5,2,312,2
"R05_F02",5,2,313,1
"R05_F02",5,2,316,1
"R05_F02",5,2,318,4
"R05_F02",5,2,319,2
"R05_F02",5,2,320,1
"R05_F02",5,2,321,4
"R05_F02",5,2,322,1
"R05_F02",5,2,323,2
"R05_F02",5,2,324,2
"R05_F02",5,2,325,1
"R05_F02",5,2,326,4
"R05_F02",5,2,327,4
"R05_F02",5,2,328,1
"R05_F02",5,2,330,2
"R05_F02",5,2,332,1
"R05_F02",5,2,334,2
"R05_F02",5,2,335,3
"R05_F02",5,2,336,1
"R05_F02",5,2,338,2
"R05_F02",5,2,340,3
"R05_F02",5,2,341,3
"R05_F02",5,2,342,4
"R05_F02",5,2,343,3
"R05_F02",5,2,344,2
"R05_F02",5,2,345,2
"R05_F02",5,2,346,2
"R05_F02",5,2,347,4
"R05_F02",5,2,348,3
"R05_F02",5,2,350,2
"R05_F02",5,2,351,2
"R05_F02",5,2,353,4
"R05_F02",5,2,354,2
"R05_F02",5,2,355,1
"R05_F02",5,2,356,3
"R05_F02",5,2,358,1
"R05_F02",5,2,359,1
"R05_F02",5,2,360,4
"R05_F02",5,2,361,3
"R05_F02",5,2,363,2
"R05_F02",5,2,364,2
"R05_F02",5,2,365,4
"R05_F02",5,2,366,1
"R05_F02",5,2,367,4
"R05_F02",5,2,368,4
"R05_F02",5,2,369,3
"R05_F02",5,2,370,1
"R05_F02",5,2,371,2
"R05_F02",5,2,372,2
"R05_F02",5,2,374,1
"R05_F02",5,2,375,4
"R05_F02",5,2,376,3
"R05_F02",5,2,377,2
"R05_F02",5,2,378,2
"R05_F02",5,2,380,2
"R05_F02",5,2,381,4
"R05_F02",5,2,382,1
"R05_F02",5,2,383,2
"R05_F02",5,2,384,4
"R05_F02",5,2,385,4
"R05_F02",5,2,386,4
"R05_F02",5,2,389,4
"R05_F02",5,2,390,4
"R05_F02",5,2,392,2
"R05_F02",5,2,394,1
"R05_F02",5,2,396,3
"R05_F02",5,2,398,2
"R05_F02",5,2,399,1
"R05_F02",5,2,400,1
"R05_F02",5,2,401,3
"R05_F02",5,2,402,1
"R05_F02",5,2,403,3
"R05_F02",5,2,404,1
"R05_F02",5,2,405,4
"R05_F02",5,2,406,1
"R05_F02",5,2,407,1
"R05_F02",5,2,408,2
"R05_F02",5,2,409,4
"R05_F02",5,2,410,2
"R05_F02",5,2,411,4
"R05_F02",5,2,412,3
"R05_F02",5,2,413,1
"R05_F02",5,2,414,2
"R05_F02",5,2,416,1
"R05_F02",5,2,418,4
"R05_F02",5,2,419,3
"R05_F02",5,2,421,1
"R05_F02",5,2,422,1
"R05_F02",5,2,423,3
"R05_F02",5,2,424,1
"R05_F02",5,2,425,1
"R05_F02",5,2,426,1
"R05_F02",5,2,427,4
"R05_F02",5,2,428,4
"R05_F02",5,2,429,4
"R05_F02",5,2,430,2
"R05_F02",5,2,431,2
"R05_F02",5,2,434,3
"R05_F02",5,2,435,3
"R05_F02",5,2,437,3
"R05_F02",5,2,438,2
"R05_F02",5,2,439,1
"R05_F02",5,2,441,3
"R05_F02",5,2,442,2
"R05_F02",5,2,444,1
"R05_F02",5,2,445,4
"R05_F02",5,2,447,1
"R05_F02",5,2,448,4
"R05_F02",5,2,449,4
"R05_F02",5,2,450,1
"R05_F02",5,2,451,1
"R05_F02",5,2,453,4
"R05_F02",5,2,454,3
"R05_F02",5,2,456,1
"R05_F02",5,2,457,4
"R05_F02",5,2,458,1
"R05_F02",5,2,460,3
"R05_F02",5,2,462,2
"R05_F02",5,2,463,1
"R05_F02",5,2,465,2
"R05_F02",5,2,466,1
"R05_F02",5,2,467,2
"R05_F02",5,2,468,3
"R05_F02",5,2,469,1
"R05_F02",5,2,470,2
"R05_F02",5,2,471,2
"R05_F02",5,2,473,1
"R05_F02",5,2,474,2
"R05_F02",5,2,475,2
"R05_F02",5,2,476,2
"R05_F02",5,2,477,1
"R05_F02",5,2,479,3
"R05_F02",5,2,480,1
"R05_F02",5,2,481,2
"R05_F02",5,2,482,2
"R05_F02",5,2,483,2
"R05_F02",5,2,485,4
"R05_F02",5,2,486,4
"R05_F02",5,2,487,4
"R05_F02",5,2,490,1
"R05_F02",5,2,492,2
"R05_F02",5,2,493,2
"R05_F02",5,2,494,4
"R05_F02",5,2,496,4
"R05_F02",5,2,497,2
"R05_F02",5,2,499,4
"R05_F02",5,2,502,2
"R05_F02",5,2,503,2
"R05_F02",5,2,504,4
"R05_F02",5,2,505,1
"R05_F02",5,2,506,3
"R05_F02",5,2,507,1
"R05_F02",5,2,509,3
"R05_F02",5,2,510,2
"R05_F02",5,2,511,2
"R05_F02",5,2,512,4
"R05_F02",5,2,514,3
"R05_F02",5,2,515,2
"R05_F02",5,2,516,3
"R05_F02",5,2,517,1
"R05_F02",5,2,518,4
"R05_F02",5,2,520,1
"R05_F02",5,2,521,3
"R05_F02",5,2,522,2
"R05_F02",5,2,524,4
"R05_F02",5,2,525,1
"R05_F02",5,2,526,2
"R05_F02",5,2,527,4
"R05_F02",5,2,528,2
"R05_F02",5,2,529,1
"R05_F02",5,2,530,1
"R05_F02",5,2,534,2
"R05_F02",5,2,535,2
"R05_F02",5,2,536,2
"R05_F02",5,2,537,2
"R05_F02",5,2,538,1
"R05_F02",5,2,540,1
"R05_F02",5,2,542,1
"R05_F02",5,2,543,2
"R05_F02",5,2,544,2
"R05_F02",5,2,545,4
"R05_F02",5,2,546,1
"R05_F02",5,2,547,2
"R05_F02",5,2,548,3
"R05_F02",5,2,549,2
"R05_F02",5,2,550,2
"R05_F02",5,2,551,2
"R05_F02",5,2,552,3
"R05_F02",5,2,553,3
"R05_F02",5,2,554,1
"R05_F02",5,2,555,4
"R05_F02",5,2,556,4
"R05_F02",5,2,557,4
"R05_F02",5,2,558,4
"R05_F02",5,2,559,3
"R05_F02",5,2,560,4
"R05_F02",5,2,561,1
"R05_F02",5,2,563,3
"R05_F02",5,2,565,1
"R05_F02",5,2,566,3
"R05_F02",5,2,567,4
"R05_F02",5,2,569,1
"R05_F02",5,2,570,1
"R05_F02",5,2,571,1
"R05_F02",5,2,572,4
"R05_F02",5,2,573,3
"R05_F02",5,2,574,1
"R05_F02",5,2,575,2
"R05_F02",5,2,577,4
"R05_F02",5,2,578,1
"R05_F02",5,2,579,4
"R05_F02",5,2,580,2
"R05_F02",5,2,581,4
"R05_F02",5,2,582,4
"R05_F02",5,2,583,4
"R05_F02",5,2,584,2
"R05_F02",5,2,585,1
"R05_F02",5,2,586,3
"R05_F02",5,2,588,1
"R05_F02",5,2,589,4
"R05_F02",5,2,590,3
"R05_F02",5,2,591,1
"R05_F02",5,2,592,3
"R05_F02",5,2,593,4
"R05_F02",5,2,594,1
"R05_F02",5,2,595,2
"R05_F02",5,2,596,3
"R05_F02",5,2,597,1
"R05_F02",5,2,598,4
"R05_F02",5,2,599,4
"R05_F02",5,2,601,2
"R05_F02",5,2,602,3
"R05_F02",5,2,603,3
"R05_F02",5,2,604,3
"R05_F02",5,2,605,2
"R05_F02",5,2,607,4
"R05_F02",5,2,608,4
"R05_F02",5,2,609,3
"R05_F02",5,2,610,3
"R05_F02",5,2,611,2
"R05_F02",5,2,612,3
"R05_F02",5,2,614,3
"R05_F02",5,2,615,2
"R05_F02",5,2,616,1
"R05_F02",5,2,617,3
"R05_F02",5,2,618,4
"R05_F02",5,2,619,3
"R05_F02",5,2,620,4
"R05_F02",5,2,621,4
"R05_F02",5,2,622,1
"R05_F02",5,2,624,2
"R05_F02",5,2,625,3
"R05_F02",5,2,626,4
"R05_F02",5,2,627,2
"R05_F02",5,2,628,3
"R05_F02",5,2,629,1
"R05_F02",5,2,630,1
"R05_F02",5,2,631,1
"R05_F02",5,2,633,4
"R05_F02",5,2,634,4
"R05_F02",5,2,635,4
"R05_F02",5,2,636,3
"R05_F02",5,2,637,3
"R05_F02",5,2,638,3
"R05_F02",5,2,639,1
"R05_F02",5,2,640,1
"R05_F02",5,2,641,1
"R05_F02",5,2,644,2
"R05_F02",5,2,645,2
"R05_F02",5,2,646,4
"R05_F02",5,2,647,2
"R05_F02",5,2,648,1
"R05_F02",5,2,649,4
"R05_F02",5,2,650,1
"R05_F02",5,2,651,1
"R05_F02",5,2,655,4
"R05_F02",5,2,656,1
"R05_F02",5,2,657,1
"R05_F02",5,2,658,3
"R05_F02",5,2,659,4
"R05_F02",5,2,660,1
"R05_F02",5,2,662,2
"R05_F02",5,2,664,4
"R05_F02",5,2,665,3
"R05_F02",5,2,666,3
"R05_F02",5,2,667,2
"R05_F02",5,2,668,2
"R05_F02",5,2,669,4
"R05_F02",5,2,670,3
"R05_F02",5,2,671,3
"R05_F02",5,2,672,4
"R05_F02",5,2,678,4
"R05_F02",5,2,679,1
"R05_F02",5,2,680,2
"R05_F02",5,2,681,1
"R05_F02",5,2,682,4
"R05_F02",5,2,683,2
"R05_F02",5,2,684,1
"R05_F02",5,2,685,4
"R05_F02",5,2,686,4
"R05_F02",5,2,687,4
"R05_F02",5,2,688,3
"R05_F02",5,2,689,3
"R05_F02",5,2,690,3
"R05_F02",5,2,691,2
"R05_F02",5,2,692,3
"R05_F02",5,2,693,3
"R05_F02",5,2,694,3
"R05_F02",5,2,695,2
"R05_F02",5,2,696,1
"R05_F02",5,2,698,3
"R05_F02",5,2,699,1
"R05_F02",5,2,700,3
"R05_F02",5,2,701,4
"R05_F02",5,2,702,3
"R05_F02",5,2,706,3
"R05_F02",5,2,707,2
"R05_F02",5,2,708,3
"R05_F02",5,2,710,1
"R05_F02",5,2,711,4
"R05_F02",5,2,712,3
"R05_F02",5,2,713,3
"R05_F02",5,2,714,1
"R05_F02",5,2,715,1
"R05_F02",5,2,716,2
"R05_F02",5,2,717,4
"R05_F02",5,2,718,2
"R05_F02",5,2,719,2
"R05_F02",5,2,720,2
"R05_F02",5,2,721,2
"R05_F02",5,2,722,2
"R05_F02",5,2,723,3
"R05_F02",5,2,724,1
"R05_F02",5,2,727,4
"R05_F02",5,2,729,4
"R05_F02",5,2,731,4
"R05_F02",5,2,732,2
"R05_F02",5,2,733,3
"R05_F02",5,2,735,3
"R05_F02",5,2,736,4
"R05_F02",5,2,737,3
"R05_F02",5,2,738,3
"R05_F02",5,2,739,1
"R05_F02",5,2,740,3
"R05_F02",5,2,741,4
"R05_F02",5,2,742,3
"R05_F02",5,2,743,3
"R05_F02",5,2,745,2
"R05_F02",5,2,746,4
"R05_F02",5,2,747,4
"R05_F02",5,2,748,2
"R05_F02",5,2,749,1
"R05_F02",5,2,750,1
"R05_F02",5,2,751,2
"R05_F02",5,2,752,2
"R05_F02",5,2,754,3
"R05_F02",5,2,755,2
"R05_F02",5,2,756,4
"R05_F02",5,2,757,3
"R05_F02",5,2,758,3
"R05_F02",5,2,760,2
"R05_F02",5,2,762,1
"R05_F02",5,2,763,4
"R05_F02",5,2,764,1
"R05_F02",5,2,765,1
"R05_F02",5,2,766,3
"R05_F02",5,2,767,3
"R05_F02",5,2,768,3
"R05_F02",5,2,769,3
"R05_F02",5,2,774,3
"R05_F02",5,2,775,4
"R05_F02",5,2,776,3
"R05_F02",5,2,777,3
"R05_F02",5,2,778,1
"R05_F02",5,2,779,3
"R05_F02",5,2,780,3
"R05_F02",5,2,781,4
"R05_F02",5,2,782,2
"R05_F02",5,2,783,4
"R05_F02",5,2,784,4
"R05_F02",5,2,785,2
"R05_F02",5,2,786,1
"R05_F02",5,2,787,3
"R05_F02",5,2,789,2
"R05_F02",5,2,790,2
"R05_F02",5,2,791,3
"R05_F02",5,2,792,2
"R05_F02",5,2,793,1
"R05_F02",5,2,794,3
"R05_F02",5,2,795,4
"R05_F02",5,2,796,2
"R05_F02",5,2,797,3
"R05_F02",5,2,798,3
"R05_F02",5,2,799,2
"R05_F02",5,2,800,2
"R05_F02",5,2,801,2
"R05_F02",5,2,802,3
"R05_F02",5,2,803,4
"R05_F02",5,2,804,3
"R05_F02",5,2,805,1
"R05_F02",5,2,806,3
"R05_F02",5,2,807,4
"R05_F02",5,2,808,4
"R05_F02",5,2,809,2
"R05_F02",5,2,810,1
"R05_F02",5,2,811,3
"R05_F02",5,2,812,2
"R05_F02",5,2,817,4
"R05_F02",5,2,818,4
"R05_F02",5,2,821,1
"R05_F02",5,2,822,3
"R05_F02",5,2,823,1
"R05_F02",5,2,824,3
"R05_F02",5,2,827,3
"R05_F02",5,2,828,2
"R05_F02",5,2,829,1
"R05_F02",5,2,830,1
"R05_F02",5,2,832,4
"R05_F02",5,2,833,4
"R05_F02",5,2,835,2
"R05_F02",5,2,837,4
"R05_F02",5,2,838,2
"R05_F02",5,2,839,3
"R05_F02",5,2,840,1
"R05_F02",5,2,841,1
"R05_F02",5,2,842,1
"R05_F02",5,2,843,1
"R05_F02",5,2,845,4
"R05_F02",5,2,846,2
"R05_F02",5,2,847,1
"R05_F02",5,2,848,1
"R05_F02",5,2,849,1
"R05_F02",5,2,850,1
"R05_F02",5,2,851,3
"R05_F02",5,2,852,3
"R05_F02",5,2,853,4
"R05_F02",5,2,854,2
"R05_F02",5,2,855,1
"R05_F02",5,2,856,1
"R05_F02",5,2,857,2
"R05_F02",5,2,859,2
"R05_F02",5,2,860,2
"R05_F02",5,2,861,4
"R05_F02",5,2,863,3
"R05_F02",5,2,864,1
"R05_F02",5,2,865,4
"R05_F02",5,2,866,1
"R05_F02",5,2,867,4
"R05_F02",5,2,868,4
"R05_F02",5,2,869,4
"R05_F02",5,2,870,1
"R05_F02",5,2,873,1
"R05_F02",5,2,875,3
"R05_F02",5,2,876,2
"R05_F02",5,2,877,3
"R05_F02",5,2,878,2
"R05_F02",5,2,880,4
"R05_F02",5,2,881,2
"R05_F02",5,2,882,2
"R05_F02",5,2,883,1
"R05_F02",5,2,886,1
"R05_F02",5,2,887,3
"R05_F02",5,2,888,3
"R05_F02",5,2,889,3
"R05_F02",5,2,891,2
"R05_F02",5,2,893,4
"R05_F02",5,2,895,2
"R05_F02",5,2,896,1
"R05_F02",5,2,897,1
"R05_F02",5,2,899,3
"R05_F02",5,2,900,4
"R05_F02",5,2,902,4
"R05_F02",5,2,903,1
"R05_F02",5,2,904,2
"R05_F02",5,2,905,4
"R05_F02",5,2,906,4
"R05_F02",5,2,907,4
"R05_F02",5,2,908,4
"R05_F02",5,2,910,4
"R05_F02",5,2,911,1
"R05_F02",5,2,912,2
"R05_F02",5,2,913,4
"R05_F02",5,2,915,2
"R05_F02",5,2,916,2
"R05_F02",5,2,917,2
"R05_F02",5,2,918,3
"R05_F02",5,2,919,1
"R05_F02",5,2,920,3
"R05_F02",5,2,922,4
"R05_F02",5,2,923,3
"R05_F02",5,2,924,2
"R05_F02",5,2,925,2
"R05_F02",5,2,926,4
"R05_F02",5,2,927,2
"R05_F02",5,2,928,2
"R05_F02",5,2,929,1
"R05_F02",5,2,930,3
"R05_F02",5,2,931,2
"R05_F02",5,2,933,1
"R05_F02",5,2,934,1
"R05_F02",5,2,936,3
"R05_F02",5,2,938,4
"R05_F02",5,2,939,3
"R05_F02",5,2,940,3
"R05_F02",5,2,941,1
"R05_F02",5,2,942,4
"R05_F02",5,2,944,4
"R05_F02",5,2,945,3
"R05_F02",5,2,946,3
"R05_F02",5,2,947,3
"R05_F02",5,2,948,2
"R05_F02",5,2,950,1
"R05_F02",5,2,952,3
"R05_F02",5,2,953,4
"R05_F02",5,2,954,1
"R05_F02",5,2,955,1
"R05_F02",5,2,956,3
"R05_F02",5,2,958,2
"R05_F02",5,2,960,1
"R05_F02",5,2,963,2
"R05_F02",5,2,964,3
"R05_F02",5,2,965,2
"R05_F02",5,2,966,1
"R05_F02",5,2,967,4
"R05_F02",5,2,968,4
"R05_F02",5,2,969,1
"R05_F02",5,2,970,1
"R05_F02",5,2,971,1
"R05_F02",5,2,973,4
"R05_F02",5,2,974,4
"R05_F02",5,2,975,4
"R05_F02",5,2,976,1
"R05_F02",5,2,977,3
"R05_F02",5,2,978,4
"R05_F02",5,2,979,2
"R05_F02",5,2,981,3
"R05_F02",5,2,982,1
"R05_F02",5,2,983,1
"R05_F02",5,2,984,3
"R05_F02",5,2,987,1
"R05_F02",5,2,988,4
"R05_F02",5,2,990,2
"R05_F02",5,2,991,2
"R05_F02",5,2,993,3
"R05_F02",5,2,994,2
"R05_F02",5,2,995,3
"R05_F02",5,2,996,3
"R05_F02",5,2,997,1
"R05_F02",5,2,999,2
"R05_F02",5,2,1000,3
"R05_F03",5,3,1,2
"R05_F03",5,3,2,1
"R05_F03",5,3,3,3
"R05_F03",5,3,4,4
"R05_F03",5,3,5,1
"R05_F03",5,3,6,1
"R05_F03",5,3,7,2
"R05_F03",5,3,8,2
"R05_F03",5,3,9,2
"R05_F03",5,3,10,3
"R05_F03",5,3,11,4
"R05_F03",5,3,12,1
"R05_F03",5,3,13,1
"R05_F03",5,3,14,3
"R05_F03",5,3,18,1
"R05_F03",5,3,19,4
"R05_F03",5,3,20,2
"R05_F03",5,3,22,4
"R05_F03",5,3,23,3
"R05_F03",5,3,24,3
"R05_F03",5,3,25,2
"R05_F03",5,3,26,1
"R05_F03",5,3,27,4
"R05_F03",5,3,28,4
"R05_F03",5,3,30,2
"R05_F03",5,3,31,3
"R05_F03",5,3,32,2
"R05_F03",5,3,33,1
"R05_F03",5,3,34,3
"R05_F03",5,3,35,3
"R05_F03",5,3,38,2
"R05_F03",5,3,39,1
"R05_F03",5,3,40,2
"R05_F03",5,3,42,3
"R05_F03",5,3,43,1
"R05_F03",5,3,44,1
"R05_F03",5,3,45,4
"R05_F03",5,3,46,4
"R05_F03",5,3,47,2
"R05_F03",5,3,49,1
"R05_F03",5,3,50,3
"R05_F03",5,3,51,4
"R05_F03",5,3,52,3
"R05_F03",5,3,53,3
"R05_F03",5,3,54,2
"R05_F03",5,3,55,3
"R05_F03",5,3,56,3
"R05_F03",5,3,57,2
"R05_F03",5,3,58,1
"R05_F03",5,3,59,2
"R05_F03",5,3,60,4
"R05_F03",5,3,61,3
"R05_F03",5,3,62,2
"R05_F03",5,3,64,4
"R05_F03",5,3,65,1
"R05_F03",5,3,66,1
"R05_F03",5,3,67,3
"R05_F03",5,3,68,2
"R05_F03",5,3,69,3
"R05_F03",5,3,70,2
"R05_F03",5,3,71,4
"R05_F03",5,3,72,4
"R05_F03",5,3,73,4
"R05_F03",5,3,74,1
"R05_F03",5,3,75,3
"R05_F03",5,3,76,2
"R05_F03",5,3,77,1
"R05_F03",5,3,78,1
"R05_F03",5,3,79,1
"R05_F03",5,3,80,4
"R05_F03",5,3,82,3
"R05_F03",5,3,83,2
"R05_F03",5,3,85,4
"R05_F03",5,3,86,1
"R05_F03",5,3,87,4
"R05_F03",5,3,88,3
"R05_F03",5,3,90,4
"R05_F03",5,3,92,2
"R05_F03",5,3,93,1
"R05_F03",5,3,94,1
"R05_F03",5,3,95,4
"R05_F03",5,3,96,1
"R05_F03",5,3,97,2
"R05_F03",5,3,98,1
"R05_F03",5,3,99,4
"R05_F03",5,3,100,2
"R05_F03",5,3,101,1
"R05_F03",5,3,102,1
"R05_F03",5,3,103,1
"R05_F03",5,3,104,4
"R05_F03",5,3,105,2
"R05_F03",5,3,109,3
"R05_F03",5,3,111,4
"R05_F03",5,3,112,3
"R05_F03",5,3,113,4
"R05_F03",5,3,115,1
"R05_F03",5,3,116,3
"R05_F03",5,3,117,3
"R05_F03",5,3,118,4
"R05_F03",5,3,119,4
"R05_F03",5,3,120,4
"R05_F03",5,3,121,1
"R05_F03",5,3,122,1
"R05_F03",5,3,123,4
"R05_F03",5,3,124,2
"R05_F03",5,3,125,2
"R05_F03",5,3,126,3
"R05_F03",5,3,127,1
"R05_F03",5,3,128,3
"R05_F03",5,3,129,3
"R05_F03",5,3,131,3
"R05_F03",5,3,132,3
"R05_F03",5,3,133,2
"R05_F03",5,3,136,4
"R05_F03",5,3,137,3
"R05_F03",5,3,138,3
"R05_F03",5,3,139,2
"R05_F03",5,3,141,1
"R05_F03",5,3,142,1
"R05_F03",5,3,143,2
"R05_F03",5,3,144,3
"R05_F03",5,3,145,4
"R05_F03",5,3,146,3
"R05_F03",5,3,147,1
"R05_F03",5,3,148,2
"R05_F03",5,3,150,1
"R05_F03",5,3,152,4
"R05_F03",5,3,153,2
"R05_F03",5,3,154,1
"R05_F03",5,3,155,4
"R05_F03",5,3,158,3
"R05_F03",5,3,159,1
"R05_F03",5,3,161,3
"R05_F03",5,3,162,1
"R05_F03",5,3,163,4
"R05_F03",5,3,165,4
"R05_F03",5,3,166,1
"R05_F03",5,3,170,3
"R05_F03",5,3,172,3
"R05_F03",5,3,173,4
"R05_F03",5,3,174,3
"R05_F03",5,3,175,1
"R05_F03",5,3,176,4
"R05_F03",5,3,178,2
"R05_F03",5,3,179,4
"R05_F03",5,3,180,1
"R05_F03",5,3,181,4
"R05_F03",5,3,182,2
"R05_F03",5,3,183,4
"R05_F03",5,3,184,4
"R05_F03",5,3,185,1
"R05_F03",5,3,186,3
"R05_F03",5,3,187,1
"R05_F03",5,3,188,2
"R05_F03",5,3,191,2
"R05_F03",5,3,192,1
"R05_F03",5,3,193,1
"R05_F03",5,3,195,3
"R05_F03",5,3,196,2
"R05_F03",5,3,197,3
"R05_F03",5,3,198,2
"R05_F03",5,3,200,1
"R05_F03",5,3,201,2
"R05_F03",5,3,203,2
"R05_F03",5,3,205,2
"R05_F03",5,3,206,2
"R05_F03",5,3,208,4
"R05_F03",5,3,209,3
"R05_F03",5,3,210,1
"R05_F03",5,3,211,1
"R05_F03",5,3,213,2
"R05_F03",5,3,214,3
"R05_F03",5,3,215,2
"R05_F03",5,3,218,2
"R05_F03",5,3,219,4
"R05_F03",5,3,221,2
"R05_F03",5,3,222,3
"R05_F03",5,3,223,4
"R05_F03",5,3,224,1
"R05_F03",5,3,226,1
"R05_F03",5,3,227,4
"R05_F03",5,3,228,4
"R05_F03",5,3,229,1
"R05_F03",5,3,230,3
"R05_F03",5,3,231,3
"R05_F03",5,3,232,1
"R05_F03",5,3,233,1
"R05_F03",5,3,234,2
"R05_F03",5,3,235,3
"R05_F03",5,3,237,1
"R05_F03",5,3,238,3
"R05_F03",5,3,239,4
"R05_F03",5,3,240,1
"R05_F03",5,3,241,4
"R05_F03",5,3,245,3
"R05_F03",5,3,246,4
"R05_F03",5,3,248,4
"R05_F03",5,3,249,3
"R05_F03",5,3,251,1
"R05_F03",5,3,252,4
"R05_F03",5,3,253,2
"R05_F03",5,3,254,4
"R05_F03",5,3,255,1
"R05_F03",5,3,258,4
"R05_F03",5,3,260,3
"R05_F03",5,3,261,3
"R05_F03",5,3,262,1
"R05_F03",5,3,263,1
"R05_F03",5,3,264,4
"R05_F03",5,3,265,2
"R05_F03",5,3,266,4
"R05_F03",5,3,268,3
"R05_F03",5,3,269,2
"R05_F03",5,3,270,3
"R05_F03",5,3,271,3
"R05_F03",5,3,272,4
"R05_F03",5,3,273,3
"R05_F03",5,3,274,2
"R05_F03",5,3,275,3
"R05_F03",5,3,276,2
"R05_F03",5,3,278,3
"R05_F03",5,3,279,2
"R05_F03",5,3,280,3
"R05_F03",5,3,282,2
"R05_F03",5,3,284,1
"R05_F03",5,3,285,4
"R05_F03",5,3,286,1
"R05_F03",5,3,287,4
"R05_F03",5,3,289,1
"R05_F03",5,3,290,2
"R05_F03",5,3,291,3
"R05_F03",5,3,292,2
"R05_F03",5,3,293,2
"R05_F03",5,3,295,1
"R05_F03",5,3,296,2
"R05_F03",5,3,297,1
"R05_F03",5,3,298,3
"R05_F03",5,3,299,3
"R05_F03",5,3,300,2
"R05_F03",5,3,301,2
"R05_F03",5,3,304,4
"R05_F03",5,3,308,1
"R05_F03",5,3,310,3
"R05_F03",5,3,311,1
"R05_F03",5,3,312,1
"R05_F03",5,3,313,3
"R05_F03",5,3,314,3
"R05_F03",5,3,315,3
"R05_F03",5,3,317,1
"R05_F03",5,3,318,3
"R05_F03",5,3,319,2
"R05_F03",5,3,320,4
"R05_F03",5,3,322,4
"R05_F03",5,3,323,4
"R05_F03",5,3,326,1
"R05_F03",5,3,327,1
"R05_F03",5,3,328,1
"R05_F03",5,3,329,4
"R05_F03",5,3,330,4
"R05_F03",5,3,331,4
"R05_F03",5,3,332,4
"R05_F03",5,3,333,1
"R05_F03",5,3,335,3
"R05_F03",5,3,336,1
"R05_F03",5,3,337,3
"R05_F03",5,3,338,1
"R05_F03",5,3,339,2
"R05_F03",5,3,340,3
"R05_F03",5,3,342,1
"R05_F03",5,3,343,1
"R05_F03",5,3,344,3
"R05_F03",5,3,346,2
"R05_F03",5,3,347,2
"R05_F03",5,3,349,4
"R05_F03",5,3,350,2
"R05_F03",5,3,351,2
"R05_F03",5,3,352,2
"R05_F03",5,3,353,3
"R05_F03",5,3,354,4
"R05_F03",5,3,355,4
"R05_F03",5,3,356,1
"R05_F03",5,3,357,4
"R05_F03",5,3,358,2
"R05_F03",5,3,360,2
"R05_F03",5,3,361,2
"R05_F03",5,3,362,2
"R05_F03",5,3,363,4
"R05_F03",5,3,364,2
"R05_F03",5,3,365,3
"R05_F03",5,3,366,4
"R05_F03",5,3,367,2
"R05_F03",5,3,368,2
"R05_F03",5,3,369,4
"R05_F03",5,3,370,3
"R05_F03",5,3,372,3
"R05_F03",5,3,373,2
"R05_F03",5,3,374,2
"R05_F03",5,3,376,3
"R05_F03",5,3,377,1
"R05_F03",5,3,378,4
"R05_F03",5,3,379,3
"R05_F03",5,3,380,2
"R05_F03",5,3,381,4
"R05_F03",5,3,382,4
"R05_F03",5,3,383,4
"R05_F03",5,3,385,3
"R05_F03",5,3,386,1
"R05_F03",5,3,387,2
"R05_F03",5,3,388,3
"R05_F03",5,3,389,1
"R05_F03",5,3,391,3
"R05_F03",5,3,392,4
"R05_F03",5,3,393,4
"R05_F03",5,3,395,4
"R05_F03",5,3,396,3
"R05_F03",5,3,397,3
"R05_F03",5,3,398,4
"R05_F03",5,3,399,3
"R05_F03",5,3,400,2
"R05_F03",5,3,401,1
"R05_F03",5,3,402,1
"R05_F03",5,3,403,1
"R05_F03",5,3,404,3
"R05_F03",5,3,407,1
"R05_F03",5,3,408,3
"R05_F03",5,3,409,3
"R05_F03",5,3,410,3
"R05_F03",5,3,411,1
"R05_F03",5,3,414,2
"R05_F03",5,3,415,4
"R05_F03",5,3,416,2
"R05_F03",5,3,417,3
"R05_F03",5,3,419,2
"R05_F03",5,3,420,2
"R05_F03",5,3,421,3
"R05_F03",5,3,422,1
"R05_F03",5,3,423,1
"R05_F03",5,3,424,2
"R05_F03",5,3,425,1
"R05_F03",5,3,427,3
"R05_F03",5,3,428,2
"R05_F03",5,3,429,4
"R05_F03",5,3,430,1
"R05_F03",5,3,431,1
"R05_F03",5,3,432,3
"R05_F03",5,3,433,3
"R05_F03",5,3,434,3
"R05_F03",5,3,435,2
"R05_F03",5,3,436,2
"R05_F03",5,3,437,3
"R05_F03",5,3,439,2
"R05_F03",5,3,440,3
"R05_F03",5,3,441,3
"R05_F03",5,3,442,4
"R05_F03",5,3,443,1
"R05_F03",5,3,444,1
"R05_F03",5,3,445,1
"R05_F03",5,3,446,2
"R05_F03",5,3,447,3
"R05_F03",5,3,448,3
"R05_F03",5,3,449,1
"R05_F03",5,3,450,1
"R05_F03",5,3,452,1
"R05_F03",5,3,454,2
"R05_F03",5,3,455,4
"R05_F03",5,3,456,3
"R05_F03",5,3,457,1
"R05_F03",5,3,458,2
"R05_F03",5,3,459,2
"R05_F03",5,3,461,4
"R05_F03",5,3,462,4
"R05_F03",5,3,463,1
"R05_F03",5,3,464,1
"R05_F03",5,3,465,1
"R05_F03",5,3,466,1
"R05_F03",5,3,467,3
"R05_F03",5,3,468,1
"R05_F03",5,3,469,4
"R05_F03",5,3,470,3
"R05_F03",5,3,471,3
"R05_F03",5,3,472,4
"R05_F03",5,3,473,2
"R05_F03",5,3,476,2
"R05_F03",5,3,478,4
"R05_F03",5,3,479,2
"R05_F03",5,3,480,1
"R05_F03",5,3,482,1
"R05_F03",5,3,483,4
"R05_F03",5,3,484,1
"R05_F03",5,3,485,3
"R05_F03",5,3,486,1
"R05_F03",5,3,487,3
"R05_F03",5,3,488,2
"R05_F03",5,3,489,2
"R05_F03",5,3,491,2
"R05_F03",5,3,492,1
"R05_F03",5,3,493,1
"R05_F03",5,3,494,1
"R05_F03",5,3,495,3
"R05_F03",5,3,496,2
"R05_F03",5,3,497,2
"R05_F03",5,3,498,3
"R05_F03",5,3,499,4
"R05_F03",5,3,500,2
"R05_F03",5,3,501,2
"R05_F03",5,3,502,3
"R05_F03",5,3,503,2
"R05_F03",5,3,504,2
"R05_F03",5,3,505,1
"R05_F03",5,3,507,2
"R05_F03",5,3,508,1
"R05_F03",5,3,509,1
"R05_F03",5,3,510,2
"R05_F03",5,3,512,3
"R05_F03",5,3,513,4
"R05_F03",5,3,514,4
"R05_F03",5,3,515,4
"R05_F03",5,3,516,4
"R05_F03",5,3,518,3
"R05_F03",5,3,519,1
"R05_F03",5,3,521,3
"R05_F03",5,3,522,1
"R05_F03",5,3,523,2
"R05_F03",5,3,525,3
"R05_F03",5,3,526,2
"R05_F03",5,3,527,2
"R05_F03",5,3,528,2
"R05_F03",5,3,529,4
"R05_F03",5,3,531,1
"R05_F03",5,3,532,4
"R05_F03",5,3,533,2
"R05_F03",5,3,535,3
"R05_F03",5,3,536,1
"R05_F03",5,3,537,4
"R05_F03",5,3,538,3
"R05_F03",5,3,539,2
"R05_F03",5,3,540,4
"R05_F03",5,3,541,2
"R05_F03",5,3,544,2
"R05_F03",5,3,545,3
"R05_F03",5,3,546,1
"R05_F03",5,3,547,3
"R05_F03",5,3,548,4
"R05_F03",5,3,549,1
"R05_F03",5,3,550,3
"R05_F03",5,3,551,3
"R05_F03",5,3,552,1
"R05_F03",5,3,553,2
"R05_F03",5,3,554,4
"R05_F03",5,3,555,2
"R05_F03",5,3,556,1
"R05_F03",5,3,557,4
"R05_F03",5,3,558,2
"R05_F03",5,3,560,2
"R05_F03",5,3,561,1
"R05_F03",5,3,562,3
"R05_F03",5,3,563,2
"R05_F03",5,3,564,4
"R05_F03",5,3,565,3
"R05_F03",5,3,566,1
"R05_F03",5,3,568,4
"R05_F03",5,3,569,2
"R05_F03",5,3,570,3
"R05_F03",5,3,571,1
"R05_F03",5,3,573,2
"R05_F03",5,3,574,2
"R05_F03",5,3,576,4
"R05_F03",5,3,577,3
"R05_F03",5,3,578,1
"R05_F03",5,3,579,2
"R05_F03",5,3,580,2
"R05_F03",5,3,581,2
"R05_F03",5,3,584,1
"R05_F03",5,3,585,4
"R05_F03",5,3,587,3
"R05_F03",5,3,588,4
"R05_F03",5,3,591,4
"R05_F03",5,3,592,2
"R05_F03",5,3,595,1
"R05_F03",5,3,596,2
"R05_F03",5,3,598,1
"R05_F03",5,3,600,2
"R05_F03",5,3,601,4
"R05_F03",5,3,603,1
"R05_F03",5,3,604,4
"R05_F03",5,3,605,4
"R05_F03",5,3,606,4
"R05_F03",5,3,608,4
"R05_F03",5,3,609,1
"R05_F03",5,3,610,3
"R05_F03",5,3,611,1
"R05_F03",5,3,613,1
"R05_F03",5,3,614,1
"R05_F03",5,3,615,1
"R05_F03",5,3,616,2
"R05_F03",5,3,618,3
"R05_F03",5,3,619,2
"R05_F03",5,3,620,4
"R05_F03",5,3,621,4
"R05_F03",5,3,622,4
"R05_F03",5,3,623,2
"R05_F03",5,3,624,4
"R05_F03",5,3,625,3
"R05_F03",5,3,627,4
"R05_F03",5,3,628,2
"R05_F03",5,3,630,4
"R05_F03",5,3,631,4
"R05_F03",5,3,632,2
"R05_F03",5,3,633,3
"R05_F03",5,3,636,2
"R05_F03",5,3,637,3
"R05_F03",5,3,639,1
"R05_F03",5,3,640,1
"R05_F03",5,3,641,4
"R05_F03",5,3,642,4
"R05_F03",5,3,643,3
"R05_F03",5,3,645,2
"R05_F03",5,3,646,2
"R05_F03",5,3,647,2
"R05_F03",5,3,650,4
"R05_F03",5,3,651,3
"R05_F03",5,3,652,3
"R05_F03",5,3,653,4
"R05_F03",5,3,654,1
"R05_F03",5,3,655,2
"R05_F03",5,3,657,4
"R05_F03",5,3,659,1
"R05_F03",5,3,660,4
"R05_F03",5,3,661,2
"R05_F03",5,3,662,4
"R05_F03",5,3,663,3
"R05_F03",5,3,664,1
"R05_F03",5,3,665,4
"R05_F03",5,3,667,4
"R05_F03",5,3,668,4
"R05_F03",5,3,669,4
"R05_F03",5,3,670,3
"R05_F03",5,3,671,2
"R05_F03",5,3,672,1
"R05_F03",5,3,673,1
"R05_F03",5,3,674,2
"R05_F03",5,3,675,3
"R05_F03",5,3,676,1
"R05_F03",5,3,677,3
"R05_F03",5,3,679,3
"R05_F03",5,3,680,2
"R05_F03",5,3,681,2
"R05_F03",5,3,683,1
"R05_F03",5,3,686,3
"R05_F03",5,3,687,1
"R05_F03",5,3,688,3
"R05_F03",5,3,691,1
"R05_F03",5,3,692,2
"R05_F03",5,3,693,4
"R05_F03",5,3,695,4
"R05_F03",5,3,696,1
"R05_F03",5,3,697,4
"R05_F03",5,3,698,1
"R05_F03",5,3,700,2
"R05_F03",5,3,702,2
"R05_F03",5,3,703,4
"R05_F03",5,3,704,3
"R05_F03",5,3,705,4
"R05_F03",5,3,706,2
"R05_F03",5,3,708,4
"R05_F03",5,3,709,2
"R05_F03",5,3,710,4
"R05_F03",5,3,711,3
"R05_F03",5,3,712,2
"R05_F03",5,3,713,4
"R05_F03",5,3,714,1
"R05_F03",5,3,715,3
"R05_F03",5,3,717,4
"R05_F03",5,3,718,4
"R05_F03",5,3,719,2
"R05_F03",5,3,720,3
"R05_F03",5,3,722,1
"R05_F03",5,3,724,3
"R05_F03",5,3,725,4
"R05_F03",5,3,726,3
"R05_F03",5,3,728,3
"R05_F03",5,3,729,1
"R05_F03",5,3,730,3
"R05_F03",5,3,731,4
"R05_F03",5,3,732,1
"R05_F03",5,3,733,3
"R05_F03",5,3,734,2
"R05_F03",5,3,735,1
"R05_F03",5,3,736,1
"R05_F03",5,3,737,1
"R05_F03",5,3,738,3
"R05_F03",5,3,739,2
"R05_F03",5,3,740,1
"R05_F03",5,3,741,1
"R05_F03",5,3,742,1
"R05_F03",5,3,743,4
"R05_F03",5,3,744,1
"R05_F03",5,3,746,2
"R05_F03",5,3,747,1
"R05_F03",5,3,749,3
"R05_F03",5,3,750,4
"R05_F03",5,3,752,3
"R05_F03",5,3,753,1
"R05_F03",5,3,754,3
"R05_F03",5,3,756,3
"R05_F03",5,3,757,4
"R05_F03",5,3,758,1
"R05_F03",5,3,759,2
"R05_F03",5,3,760,3
"R05_F03",5,3,761,1
"R05_F03",5,3,765,4
"R05_F03",5,3,766,4
"R05_F03",5,3,767,4
"R05_F03",5,3,769,2
"R05_F03",5,3,770,4
"R05_F03",5,3,771,4
"R05_F03",5,3,772,3
"R05_F03",5,3,773,2
"R05_F03",5,3,774,4
"R05_F03",5,3,775,1
"R05_F03",5,3,776,1
"R05_F03",5,3,777,2
"R05_F03",5,3,778,3
"R05_F03",5,3,779,2
"R05_F03",5,3,781,2
"R05_F03",5,3,782,2
"R05_F03",5,3,783,2
"R05_F03",5,3,784,4
"R05_F03",5,3,785,1
"R05_F03",5,3,786,2
"R05_F03",5,3,787,3
"R05_F03",5,3,788,3
"R05_F03",5,3,790,1
"R05_F03",5,3,791,4
"R05_F03",5,3,792,4
"R05_F03",5,3,793,1
"R05_F03",5,3,794,4
"R05_F03",5,3,796,2
"R05_F03",5,3,798,3
"R05_F03",5,3,800,3
"R05_F03",5,3,801,2
"R05_F03",5,3,802,3
"R05_F03",5,3,803,2
"R05_F03",5,3,804,1
"R05_F03",5,3,805,3
"R05_F03",5,3,806,4
"R05_F03",5,3,807,3
"R05_F03",5,3,811,3
"R05_F03",5,3,812,1
"R05_F03",5,3,813,4
"R05_F03",5,3,814,3
"R05_F03",5,3,815,4
"R05_F03",5,3,816,1
"R05_F03",5,3,818,2
"R05_F03",5,3,819,2
"R05_F03",5,3,820,3
"R05_F03",5,3,822,2
"R05_F03",5,3,824,3
"R05_F03",5,3,825,1
"R05_F03",5,3,826,4
"R05_F03",5,3,831,3
"R05_F03",5,3,832,2
"R05_F03",5,3,833,3
"R05_F03",5,3,834,3
"R05_F03",5,3,835,2
"R05_F03",5,3,836,3
"R05_F03",5,3,837,1
"R05_F03",5,3,839,4
"R05_F03",5,3,840,3
"R05_F03",5,3,842,4
"R05_F03",5,3,844,3
"R05_F03",5,3,845,2
"R05_F03",5,3,847,4
"R05_F03",5,3,848,2
"R05_F03",5,3,849,4
"R05_F03",5,3,850,4
"R05_F03",5,3,851,3
"R05_F03",5,3,852,2
"R05_F03",5,3,853,1
"R05_F03",5,3,854,2
"R05_F03",5,3,855,2
"R05_F03",5,3,856,4
"R05_F03",5,3,857,4
"R05_F03",5,3,858,4
"R05_F03",5,3,859,4
"R05_F03",5,3,860,1
"R05_F03",5,3,862,2
"R05_F03",5,3,863,1
"R05_F03",5,3,864,3
"R05_F03",5,3,865,4
"R05_F03",5,3,867,2
"R05_F03",5,3,870,2
"R05_F03",5,3,871,2
"R05_F03",5,3,872,3
"R05_F03",5,3,873,2
"R05_F03",5,3,874,2
"R05_F03",5,3,875,4
"R05_F03",5,3,876,1
"R05_F03",5,3,879,3
"R05_F03",5,3,880,3
"R05_F03",5,3,881,4
"R05_F03",5,3,882,2
"R05_F03",5,3,883,1
"R05_F03",5,3,884,2
"R05_F03",5,3,885,2
"R05_F03",5,3,886,4
"R05_F03",5,3,888,2
"R05_F03",5,3,889,3
"R05_F03",5,3,890,3
"R05_F03",5,3,892,4
"R05_F03",5,3,893,3
"R05_F03",5,3,894,3
"R05_F03",5,3,895,3
"R05_F03",5,3,896,4
"R05_F03",5,3,897,2
"R05_F03",5,3,898,4
"R05_F03",5,3,899,4
"R05_F03",5,3,900,1
"R05_F03",5,3,901,1
"R05_F03",5,3,903,4
"R05_F03",5,3,905,1
"R05_F03",5,3,907,4
"R05_F03",5,3,908,2
"R05_F03",5,3,909,3
"R05_F03",5,3,910,2
"R05_F03",5,3,911,4
"R05_F03",5,3,912,1
"R05_F03",5,3,913,1
"R05_F03",5,3,914,2
"R05_F03",5,3,915,1
"R05_F03",5,3,917,3
"R05_F03",5,3,918,2
"R05_F03",5,3,919,4
"R05_F03",5,3,920,2
"R05_F03",5,3,921,4
"R05_F03",5,3,922,1
"R05_F03",5,3,923,4
"R05_F03",5,3,924,4
"R05_F03",5,3,925,2
"R05_F03",5,3,926,4
"R05_F03",5,3,928,3
"R05_F03",5,3,930,3
"R05_F03",5,3,932,3
"R05_F03",5,3,933,1
"R05_F03",5,3,934,4
"R05_F03",5,3,935,3
"R05_F03",5,3,936,2
"R05_F03",5,3,937,4
"R05_F03",5,3,938,1
"R05_F03",5,3,939,2
"R05_F03",5,3,940,4
"R05_F03",5,3,941,3
"R05_F03",5,3,942,3
"R05_F03",5,3,943,2
"R05_F03",5,3,946,4
"R05_F03",5,3,947,1
"R05_F03",5,3,948,1
"R05_F03",5,3,949,1
"R05_F03",5,3,950,3
"R05_F03",5,3,951,1
"R05_F03",5,3,952,3
"R05_F03",5,3,953,1
"R05_F03",5,3,956,1
"R05_F03",5,3,957,1
"R05_F03",5,3,958,3
"R05_F03",5,3,959,2
"R05_F03",5,3,960,3
"R05_F03",5,3,961,4
"R05_F03",5,3,962,4
"R05_F03",5,3,963,2
"R05_F03",5,3,964,2
"R05_F03",5,3,966,4
"R05_F03",5,3,967,4
"R05_F03",5,3,968,2
"R05_F03",5,3,970,3
"R05_F03",5,3,972,4
"R05_F03",5,3,973,1
"R05_F03",5,3,974,3
"R05_F03",5,3,975,4
"R05_F03",5,3,978,3
"R05_F03",5,3,979,1
"R05_F03",5,3,980,2
"R05_F03",5,3,982,2
"R05_F03",5,3,983,2
"R05_F03",5,3,984,4
"R05_F03",5,3,985,4
"R05_F03",5,3,986,1
"R05_F03",5,3,988,4
"R05_F03",5,3,989,1
"R05_F03",5,3,990,4
"R05_F03",5,3,991,1
"R05_F03",5,3,992,1
"R05_F03",5,3,993,1
"R05_F03",5,3,994,3
"R05_F03",5,3,995,1
"R05_F03",5,3,996,3
"R05_F03",5,3,997,4
"R05_F03",5,3,998,4
"R05_F03",5,3,999,3
"R05_F03",5,3,1000,3
"R05_F04",5,4,1,4
"R05_F04",5,4,2,3
"R05_F04",5,4,3,1
"R05_F04",5,4,6,2
"R05_F04",5,4,8,2
"R05_F04",5,4,9,2
"R05_F04",5,4,11,1
"R05_F04",5,4,12,2
"R05_F04",5,4,14,1
"R05_F04",5,4,15,2
"R05_F04",5,4,16,1
"R05_F04",5,4,17,2
"R05_F04",5,4,18,3
"R05_F04",5,4,19,1
"R05_F04",5,4,20,3
"R05_F04",5,4,21,1
"R05_F04",5,4,23,2
"R05_F04",5,4,25,2
"R05_F04",5,4,26,2
"R05_F04",5,4,27,2
"R05_F04",5,4,28,4
"R05_F04",5,4,29,3
"R05_F04",5,4,30,2
"R05_F04",5,4,32,1
"R05_F04",5,4,34,2
"R05_F04",5,4,35,1
"R05_F04",5,4,36,1
"R05_F04",5,4,37,4
"R05_F04",5,4,38,2
"R05_F04",5,4,39,4
"R05_F04",5,4,40,4
"R05_F04",5,4,41,2
"R05_F04",5,4,42,2
"R05_F04",5,4,43,2
"R05_F04",5,4,44,3
"R05_F04",5,4,45,2
"R05_F04",5,4,46,4
"R05_F04",5,4,47,1
"R05_F04",5,4,48,3
"R05_F04",5,4,50,4
"R05_F04",5,4,51,4
"R05_F04",5,4,52,3
"R05_F04",5,4,54,1
"R05_F04",5,4,55,3
"R05_F04",5,4,56,3
"R05_F04",5,4,58,2
"R05_F04",5,4,59,4
"R05_F04",5,4,61,3
"R05_F04",5,4,62,1
"R05_F04",5,4,63,1
"R05_F04",5,4,64,4
"R05_F04",5,4,65,2
"R05_F04",5,4,66,4
"R05_F04",5,4,67,3
"R05_F04",5,4,68,4
"R05_F04",5,4,69,4
"R05_F04",5,4,72,3
"R05_F04",5,4,73,4
"R05_F04",5,4,74,4
"R05_F04",5,4,75,3
"R05_F04",5,4,76,4
"R05_F04",5,4,78,2
"R05_F04",5,4,81,1
"R05_F04",5,4,82,2
"R05_F04",5,4,83,1
"R05_F04",5,4,84,3
"R05_F04",5,4,85,3
"R05_F04",5,4,86,2
"R05_F04",5,4,88,2
"R05_F04",5,4,89,2
"R05_F04",5,4,90,1
"R05_F04",5,4,91,3
"R05_F04",5,4,92,3
"R05_F04",5,4,93,2
"R05_F04",5,4,95,2
"R05_F04",5,4,96,2
"R05_F04",5,4,98,3
"R05_F04",5,4,99,3
"R05_F04",5,4,100,2
"R05_F04",5,4,102,1
"R05_F04",5,4,103,3
"R05_F04",5,4,104,3
"R05_F04",5,4,105,2
"R05_F04",5,4,106,1
"R05_F04",5,4,107,2
"R05_F04",5,4,108,3
"R05_F04",5,4,110,1
"R05_F04",5,4,111,3
"R05_F04",5,4,112,3
"R05_F04",5,4,114,3
"R05_F04",5,4,115,4
"R05_F04",5,4,116,4
"R05_F04",5,4,117,4
"R05_F04",5,4,118,4
"R05_F04",5,4,119,3
"R05_F04",5,4,120,4
"R05_F04",5,4,121,4
"R05_F04",5,4,122,3
"R05_F04",5,4,123,3
"R05_F04",5,4,126,4
"R05_F04",5,4,127,2
"R05_F04",5,4,128,3
"R05_F04",5,4,129,3
"R05_F04",5,4,130,4
"R05_F04",5,4,132,3
"R05_F04",5,4,133,3
"R05_F04",5,4,134,3
"R05_F04",5,4,135,4
"R05_F04",5,4,137,1
"R05_F04",5,4,139,3
"R05_F04",5,4,140,1
"R05_F04",5,4,141,3
"R05_F04",5,4,142,2
"R05_F04",5,4,143,1
"R05_F04",5,4,144,3
"R05_F04",5,4,145,2
"R05_F04",5,4,146,2
"R05_F04",5,4,147,4
"R05_F04",5,4,148,4
"R05_F04",5,4,149,1
"R05_F04",5,4,150,3
"R05_F04",5,4,151,4
"R05_F04",5,4,153,4
"R05_F04",5,4,154,4
"R05_F04",5,4,155,2
"R05_F04",5,4,156,1
"R05_F04",5,4,157,3
"R05_F04",5,4,158,3
"R05_F04",5,4,159,1
"R05_F04",5,4,160,3
"R05_F04",5,4,161,3
"R05_F04",5,4,163,4
"R05_F04",5,4,164,2
"R05_F04",5,4,165,3
"R05_F04",5,4,166,4
"R05_F04",5,4,167,1
"R05_F04",5,4,168,3
"R05_F04",5,4,169,3
"R05_F04",5,4,170,1
"R05_F04",5,4,171,4
"R05_F04",5,4,173,3
"R05_F04",5,4,174,1
"R05_F04",5,4,176,3
"R05_F04",5,4,177,1
"R05_F04",5,4,178,3
"R05_F04",5,4,179,1
"R05_F04",5,4,181,2
"R05_F04",5,4,182,2
"R05_F04",5,4,184,3
"R05_F04",5,4,185,4
"R05_F04",5,4,186,1
"R05_F04",5,4,187,4
"R05_F04",5,4,188,1
"R05_F04",5,4,189,2
"R05_F04",5,4,190,2
"R05_F04",5,4,191,3
"R05_F04",5,4,193,4
"R05_F04",5,4,194,2
"R05_F04",5,4,195,1
"R05_F04",5,4,196,3
"R05_F04",5,4,199,3
"R05_F04",5,4,201,2
"R05_F04",5,4,202,1
"R05_F04",5,4,203,1
"R05_F04",5,4,204,3
"R05_F04",5,4,205,4
"R05_F04",5,4,207,4
"R05_F04",5,4,209,3
"R05_F04",5,4,210,1
"R05_F04",5,4,211,1
"R05_F04",5,4,212,4
"R05_F04",5,4,213,1
"R05_F04",5,4,214,2
"R05_F04",5,4,215,2
"R05_F04",5,4,216,4
"R05_F04",5,4,217,2
"R05_F04",5,4,218,3
"R05_F04",5,4,220,2
"R05_F04",5,4,222,2
"R05_F04",5,4,223,3
"R05_F04",5,4,225,1
"R05_F04",5,4,226,1
"R05_F04",5,4,228,2
"R05_F04",5,4,229,1
"R05_F04",5,4,230,1
"R05_F04",5,4,231,4
"R05_F04",5,4,232,2
"R05_F04",5,4,234,1
"R05_F04",5,4,235,3
"R05_F04",5,4,236,2
"R05_F04",5,4,237,3
"R05_F04",5,4,239,3
"R05_F04",5,4,240,3
"R05_F04",5,4,242,1
"R05_F04",5,4,243,4
"R05_F04",5,4,244,1
"R05_F04",5,4,245,1
"R05_F04",5,4,247,2
"R05_F04",5,4,249,4
"R05_F04",5,4,250,2
"R05_F04",5,4,251,1
"R05_F04",5,4,252,3
"R05_F04",5,4,253,1
"R05_F04",5,4,254,2
"R05_F04",5,4,255,3
"R05_F04",5,4,256,3
"R05_F04",5,4,257,3
"R05_F04",5,4,259,2
"R05_F04",5,4,260,1
"R05_F04",5,4,261,1
"R05_F04",5,4,262,2
"R05_F04",5,4,263,2
"R05_F04",5,4,264,1
"R05_F04",5,4,265,3
"R05_F04",5,4,266,1
"R05_F04",5,4,267,4
"R05_F04",5,4,268,2
"R05_F04",5,4,269,1
"R05_F04",5,4,270,1
"R05_F04",5,4,271,2
"R05_F04",5,4,272,4
"R05_F04",5,4,273,2
"R05_F04",5,4,274,2
"R05_F04",5,4,275,3
"R05_F04",5,4,276,3
"R05_F04",5,4,277,2
"R05_F04",5,4,278,2
"R05_F04",5,4,279,4
"R05_F04",5,4,281,3
"R05_F04",5,4,282,2
"R05_F04",5,4,283,1
"R05_F04",5,4,285,1
"R05_F04",5,4,286,4
"R05_F04",5,4,288,3
"R05_F04",5,4,289,1
"R05_F04",5,4,292,1
"R05_F04",5,4,293,1
"R05_F04",5,4,294,4
"R05_F04",5,4,295,3
"R05_F04",5,4,296,1
"R05_F04",5,4,297,2
"R05_F04",5,4,300,4
"R05_F04",5,4,301,1
"R05_F04",5,4,302,4
"R05_F04",5,4,303,2
"R05_F04",5,4,304,4
"R05_F04",5,4,305,4
"R05_F04",5,4,306,1
"R05_F04",5,4,307,3
"R05_F04",5,4,309,3
"R05_F04",5,4,311,3
"R05_F04",5,4,312,1
"R05_F04",5,4,313,2
"R05_F04",5,4,314,2
"R05_F04",5,4,315,2
"R05_F04",5,4,316,1
"R05_F04",5,4,317,2
"R05_F04",5,4,318,3
"R05_F04",5,4,319,2
"R05_F04",5,4,320,4
"R05_F04",5,4,321,4
"R05_F04",5,4,323,1
"R05_F04",5,4,324,1
"R05_F04",5,4,325,3
"R05_F04",5,4,326,4
"R05_F04",5,4,327,1
"R05_F04",5,4,328,4
"R05_F04",5,4,329,4
"R05_F04",5,4,330,2
"R05_F04",5,4,331,1
"R05_F04",5,4,332,1
"R05_F04",5,4,333,4
"R05_F04",5,4,334,4
"R05_F04",5,4,335,2
"R05_F04",5,4,336,2
"R05_F04",5,4,337,1
"R05_F04",5,4,339,4
"R05_F04",5,4,340,1
"R05_F04",5,4,341,1
"R05_F04",5,4,342,4
"R05_F04",5,4,343,2
"R05_F04",5,4,344,2
"R05_F04",5,4,345,3
"R05_F04",5,4,347,1
"R05_F04",5,4,348,1
"R05_F04",5,4,349,3
"R05_F04",5,4,350,4
"R05_F04",5,4,351,1
"R05_F04",5,4,352,2
"R05_F04",5,4,353,2
"R05_F04",5,4,354,1
"R05_F04",5,4,355,3
"R05_F04",5,4,356,3
"R05_F04",5,4,357,3
"R05_F04",5,4,358,2
"R05_F04",5,4,359,3
"R05_F04",5,4,360,4
"R05_F04",5,4,361,1
"R05_F04",5,4,362,2
"R05_F04",5,4,363,4
"R05_F04",5,4,364,1
"R05_F04",5,4,365,1
"R05_F04",5,4,367,4
"R05_F04",5,4,368,3
"R05_F04",5,4,371,4
"R05_F04",5,4,372,3
"R05_F04",5,4,373,4
"R05_F04",5,4,375,2
"R05_F04",5,4,377,2
"R05_F04",5,4,378,4
"R05_F04",5,4,379,4
"R05_F04",5,4,381,1
"R05_F04",5,4,382,1
"R05_F04",5,4,383,4
"R05_F04",5,4,384,3
"R05_F04",5,4,385,1
"R05_F04",5,4,386,1
"R05_F04",5,4,387,3
"R05_F04",5,4,388,3
"R05_F04",5,4,390,2
"R05_F04",5,4,391,2
"R05_F04",5,4,393,4
"R05_F04",5,4,394,3
"R05_F04",5,4,395,2
"R05_F04",5,4,397,4
"R05_F04",5,4,398,4
"R05_F04",5,4,400,4
"R05_F04",5,4,401,2
"R05_F04",5,4,402,1
"R05_F04",5,4,403,3
"R05_F04",5,4,404,3
"R05_F04",5,4,405,3
"R05_F04",5,4,406,3
"R05_F04",5,4,407,2
"R05_F04",5,4,408,3
"R05_F04",5,4,412,2
"R05_F04",5,4,413,4
"R05_F04",5,4,414,3
"R05_F04",5,4,415,1
"R05_F04",5,4,417,3
"R05_F04",5,4,418,4
"R05_F04",5,4,419,2
"R05_F04",5,4,420,1
"R05_F04",5,4,422,4
"R05_F04",5,4,424,3
"R05_F04",5,4,425,4
"R05_F04",5,4,426,2
"R05_F04",5,4,427,1
"R05_F04",5,4,428,1
"R05_F04",5,4,429,1
"R05_F04",5,4,430,1
"R05_F04",5,4,432,2
"R05_F04",5,4,433,3
"R05_F04",5,4,434,1
"R05_F04",5,4,435,1
"R05_F04",5,4,436,4
"R05_F04",5,4,438,1
"R05_F04",5,4,440,3
"R05_F04",5,4,442,2
"R05_F04",5,4,443,1
"R05_F04",5,4,444,3
"R05_F04",5,4,446,4
"R05_F04",5,4,447,4
"R05_F04",5,4,448,1
"R05_F04",5,4,449,3
"R05_F04",5,4,450,3
"R05_F04",5,4,451,3
"R05_F04",5,4,452,3
"R05_F04",5,4,453,1
"R05_F04",5,4,454,3
"R05_F04",5,4,455,4
"R05_F04",5,4,457,1
"R05_F04",5,4,458,2
"R05_F04",5,4,459,2
"R05_F04",5,4,460,2
"R05_F04",5,4,461,4
"R05_F04",5,4,462,3
"R05_F04",5,4,463,2
"R05_F04",5,4,464,4
"R05_F04",5,4,465,4
"R05_F04",5,4,466,4
"R05_F04",5,4,467,4
"R05_F04",5,4,469,1
"R05_F04",5,4,470,1
"R05_F04",5,4,472,4
"R05_F04",5,4,473,4
"R05_F04",5,4,474,2
"R05_F04",5,4,475,3
"R05_F04",5,4,477,1
"R05_F04",5,4,478,4
"R05_F04",5,4,479,1
"R05_F04",5,4,480,2
"R05_F04",5,4,481,1
"R05_F04",5,4,482,4
"R05_F04",5,4,484,1
"R05_F04",5,4,485,1
"R05_F04",5,4,488,3
"R05_F04",5,4,489,1
"R05_F04",5,4,490,3
"R05_F04",5,4,491,2
"R05_F04",5,4,493,4
"R05_F04",5,4,494,3
"R05_F04",5,4,495,4
"R05_F04",5,4,496,1
"R05_F04",5,4,497,1
"R05_F04",5,4,498,4
"R05_F04",5,4,499,1
"R05_F04",5,4,500,3
"R05_F04",5,4,501,2
"R05_F04",5,4,504,3
"R05_F04",5,4,505,2
"R05_F04",5,4,506,4
"R05_F04",5,4,507,2
"R05_F04",5,4,508,2
"R05_F04",5,4,509,4
"R05_F04",5,4,510,4
"R05_F04",5,4,511,1
"R05_F04",5,4,512,4
"R05_F04",5,4,513,3
"R05_F04",5,4,515,2
"R05_F04",5,4,517,1
"R05_F04",5,4,518,2
"R05_F04",5,4,519,2
"R05_F04",5,4,520,3
"R05_F04",5,4,521,2
"R05_F04",5,4,523,3
"R05_F04",5,4,524,4
"R05_F04",5,4,525,3
"R05_F04",5,4,527,1
"R05_F04",5,4,528,3
"R05_F04",5,4,530,3
"R05_F04",5,4,531,2
"R05_F04",5,4,532,3
"R05_F04",5,4,533,3
"R05_F04",5,4,534,1
"R05_F04",5,4,536,3
"R05_F04",5,4,538,1
"R05_F04",5,4,539,4
"R05_F04",5,4,540,2
"R05_F04",5,4,541,3
"R05_F04",5,4,542,3
"R05_F04",5,4,543,3
"R05_F04",5,4,545,2
"R05_F04",5,4,546,1
"R05_F04",5,4,548,3
"R05_F04",5,4,549,1
"R05_F04",5,4,550,1
"R05_F04",5,4,552,2
"R05_F04",5,4,554,1
"R05_F04",5,4,555,2
"R05_F04",5,4,556,1
"R05_F04",5,4,557,1
"R05_F04",5,4,558,1
"R05_F04",5,4,559,2
"R05_F04",5,4,562,4
"R05_F04",5,4,563,4
"R05_F04",5,4,564,3
"R05_F04",5,4,566,2
"R05_F04",5,4,567,4
"R05_F04",5,4,568,1
"R05_F04",5,4,569,4
"R05_F04",5,4,570,2
"R05_F04",5,4,571,1
"R05_F04",5,4,572,4
"R05_F04",5,4,573,3
"R05_F04",5,4,574,2
"R05_F04",5,4,575,1
"R05_F04",5,4,576,1
"R05_F04",5,4,577,3
"R05_F04",5,4,581,4
"R05_F04",5,4,582,2
"R05_F04",5,4,583,3
"R05_F04",5,4,585,4
"R05_F04",5,4,586,4
"R05_F04",5,4,587,2
"R05_F04",5,4,589,3
"R05_F04",5,4,590,2
"R05_F04",5,4,591,2
"R05_F04",5,4,592,1
"R05_F04",5,4,593,2
"R05_F04",5,4,594,2
"R05_F04",5,4,595,4
"R05_F04",5,4,596,3
"R05_F04",5,4,597,4
"R05_F04",5,4,598,3
"R05_F04",5,4,599,1
"R05_F04",5,4,600,4
"R05_F04",5,4,601,4
"R05_F04",5,4,602,4
"R05_F04",5,4,603,1
"R05_F04",5,4,605,2
"R05_F04",5,4,606,2
"R05_F04",5,4,607,3
"R05_F04",5,4,608,3
"R05_F04",5,4,609,2
"R05_F04",5,4,610,4
"R05_F04",5,4,612,2
"R05_F04",5,4,613,4
"R05_F04",5,4,616,3
"R05_F04",5,4,617,1
"R05_F04",5,4,618,1
"R05_F04",5,4,619,4
"R05_F04",5,4,620,2
"R05_F04",5,4,623,2
"R05_F04",5,4,624,4
"R05_F04",5,4,625,2
"R05_F04",5,4,626,3
"R05_F04",5,4,629,3
"R05_F04",5,4,631,2
"R05_F04",5,4,632,4
"R05_F04",5,4,634,2
"R05_F04",5,4,635,4
"R05_F04",5,4,636,2
"R05_F04",5,4,637,3
"R05_F04",5,4,638,2
"R05_F04",5,4,639,4
"R05_F04",5,4,640,2
"R05_F04",5,4,641,4
"R05_F04",5,4,642,4
"R05_F04",5,4,643,1
"R05_F04",5,4,644,3
"R05_F04",5,4,645,4
"R05_F04",5,4,646,4
"R05_F04",5,4,648,1
"R05_F04",5,4,649,2
"R05_F04",5,4,652,2
"R05_F04",5,4,653,1
"R05_F04",5,4,654,4
"R05_F04",5,4,655,1
"R05_F04",5,4,656,4
"R05_F04",5,4,658,3
"R05_F04",5,4,659,2
"R05_F04",5,4,660,2
"R05_F04",5,4,661,3
"R05_F04",5,4,662,2
"R05_F04",5,4,663,1
"R05_F04",5,4,664,3
"R05_F04",5,4,665,1
"R05_F04",5,4,666,4
"R05_F04",5,4,667,1
"R05_F04",5,4,668,3
"R05_F04",5,4,669,1
"R05_F04",5,4,670,1
"R05_F04",5,4,671,4
"R05_F04",5,4,672,3
"R05_F04",5,4,673,3
"R05_F04",5,4,674,2
"R05_F04",5,4,675,4
"R05_F04",5,4,676,2
"R05_F04",5,4,677,2
"R05_F04",5,4,678,4
"R05_F04",5,4,679,2
"R05_F04",5,4,680,2
"R05_F04",5,4,681,4
"R05_F04",5,4,682,2
"R05_F04",5,4,684,4
"R05_F04",5,4,685,1
"R05_F04",5,4,688,2
"R05_F04",5,4,689,4
"R05_F04",5,4,690,1
"R05_F04",5,4,691,1
"R05_F04",5,4,692,1
"R05_F04",5,4,693,4
"R05_F04",5,4,694,2
"R05_F04",5,4,695,1
"R05_F04",5,4,697,1
"R05_F04",5,4,698,2
"R05_F04",5,4,699,1
"R05_F04",5,4,700,2
"R05_F04",5,4,701,3
"R05_F04",5,4,703,4
"R05_F04",5,4,704,3
"R05_F04",5,4,705,1
"R05_F04",5,4,706,4
"R05_F04",5,4,707,2
"R05_F04",5,4,708,3
"R05_F04",5,4,709,1
"R05_F04",5,4,710,2
"R05_F04",5,4,712,2
"R05_F04",5,4,714,4
"R05_F04",5,4,716,2
"R05_F04",5,4,718,2
"R05_F04",5,4,720,2
"R05_F04",5,4,721,1
"R05_F04",5,4,723,4
"R05_F04",5,4,724,4
"R05_F04",5,4,725,2
"R05_F04",5,4,726,2
"R05_F04",5,4,727,1
"R05_F04",5,4,728,4
"R05_F04",5,4,729,1
"R05_F04",5,4,730,3
"R05_F04",5,4,731,4
"R05_F04",5,4,733,3
"R05_F04",5,4,734,4
"R05_F04",5,4,735,2
"R05_F04",5,4,736,2
"R05_F04",5,4,737,1
"R05_F04",5,4,738,2
"R05_F04",5,4,740,2
"R05_F04",5,4,742,2
"R05_F04",5,4,743,4
"R05_F04",5,4,744,1
"R05_F04",5,4,745,1
"R05_F04",5,4,746,2
"R05_F04",5,4,748,3
"R05_F04",5,4,749,4
"R05_F04",5,4,750,2
"R05_F04",5,4,751,4
"R05_F04",5,4,752,1
"R05_F04",5,4,753,4
"R05_F04",5,4,755,4
"R05_F04",5,4,756,3
"R05_F04",5,4,758,3
"R05_F04",5,4,759,1
"R05_F04",5,4,760,4
"R05_F04",5,4,761,4
"R05_F04",5,4,762,3
"R05_F04",5,4,763,1
"R05_F04",5,4,764,3
"R05_F04",5,4,767,2
"R05_F04",5,4,768,1
"R05_F04",5,4,770,4
"R05_F04",5,4,771,1
"R05_F04",5,4,772,4
"R05_F04",5,4,773,1
"R05_F04",5,4,774,2
"R05_F04",5,4,775,1
"R05_F04",5,4,776,2
"R05_F04",5,4,778,2
"R05_F04",5,4,779,3
"R05_F04",5,4,780,1
"R05_F04",5,4,781,4
"R05_F04",5,4,784,1
"R05_F04",5,4,785,3
"R05_F04",5,4,786,4
"R05_F04",5,4,788,4
"R05_F04",5,4,789,4
"R05_F04",5,4,791,1
"R05_F04",5,4,792,3
"R05_F04",5,4,793,4
"R05_F04",5,4,794,2
"R05_F04",5,4,795,4
"R05_F04",5,4,797,1
"R05_F04",5,4,798,4
"R05_F04",5,4,799,1
"R05_F04",5,4,800,2
"R05_F04",5,4,802,4
"R05_F04",5,4,804,2
"R05_F04",5,4,806,4
"R05_F04",5,4,808,1
"R05_F04",5,4,809,4
"R05_F04",5,4,810,4
"R05_F04",5,4,813,3
"R05_F04",5,4,814,1
"R05_F04",5,4,815,1
"R05_F04",5,4,816,1
"R05_F04",5,4,817,3
"R05_F04",5,4,819,3
"R05_F04",5,4,820,2
"R05_F04",5,4,821,3
"R05_F04",5,4,823,4
"R05_F04",5,4,824,2
"R05_F04",5,4,825,1
"R05_F04",5,4,826,3
"R05_F04",5,4,827,4
"R05_F04",5,4,828,1
"R05_F04",5,4,829,2
"R05_F04",5,4,830,2
"R05_F04",5,4,831,4
"R05_F04",5,4,832,3
"R05_F04",5,4,833,4
"R05_F04",5,4,834,1
"R05_F04",5,4,836,4
"R05_F04",5,4,837,3
"R05_F04",5,4,838,3
"R05_F04",5,4,839,4
"R05_F04",5,4,840,4
"R05_F04",5,4,841,4
"R05_F04",5,4,842,4
"R05_F04",5,4,843,3
"R05_F04",5,4,844,3
"R05_F04",5,4,845,4
"R05_F04",5,4,846,1
"R05_F04",5,4,848,4
"R05_F04",5,4,849,3
"R05_F04",5,4,851,2
"R05_F04",5,4,855,3
"R05_F04",5,4,856,2
"R05_F04",5,4,857,4
"R05_F04",5,4,858,3
"R05_F04",5,4,859,2
"R05_F04",5,4,860,3
"R05_F04",5,4,861,4
"R05_F04",5,4,862,2
"R05_F04",5,4,863,3
"R05_F04",5,4,864,1
"R05_F04",5,4,866,3
"R05_F04",5,4,867,1
"R05_F04",5,4,868,3
"R05_F04",5,4,869,4
"R05_F04",5,4,871,3
"R05_F04",5,4,872,3
"R05_F04",5,4,873,4
"R05_F04",5,4,874,4
"R05_F04",5,4,875,3
"R05_F04",5,4,876,1
"R05_F04",5,4,877,3
"R05_F04",5,4,878,4
"R05_F04",5,4,879,4
"R05_F04",5,4,880,1
"R05_F04",5,4,881,3
"R05_F04",5,4,882,1
"R05_F04",5,4,883,4
"R05_F04",5,4,884,2
"R05_F04",5,4,885,4
"R05_F04",5,4,886,2
"R05_F04",5,4,887,4
"R05_F04",5,4,888,1
"R05_F04",5,4,889,4
"R05_F04",5,4,890,4
"R05_F04",5,4,891,2
"R05_F04",5,4,892,3
"R05_F04",5,4,893,1
"R05_F04",5,4,894,4
"R05_F04",5,4,898,2
"R05_F04",5,4,899,2
"R05_F04",5,4,901,3
"R05_F04",5,4,902,4
"R05_F04",5,4,903,1
"R05_F04",5,4,904,4
"R05_F04",5,4,906,2
"R05_F04",5,4,907,2
"R05_F04",5,4,909,1
"R05_F04",5,4,910,1
"R05_F04",5,4,912,3
"R05_F04",5,4,914,1
"R05_F04",5,4,915,3
"R05_F04",5,4,916,2
"R05_F04",5,4,918,1
"R05_F04",5,4,919,3
"R05_F04",5,4,920,3
"R05_F04",5,4,921,4
"R05_F04",5,4,922,2
"R05_F04",5,4,923,3
"R05_F04",5,4,926,2
"R05_F04",5,4,927,1
"R05_F04",5,4,928,3
"R05_F04",5,4,929,1
"R05_F04",5,4,930,4
"R05_F04",5,4,931,4
"R05_F04",5,4,932,1
"R05_F04",5,4,935,4
"R05_F04",5,4,937,1
"R05_F04",5,4,938,4
"R05_F04",5,4,939,1
"R05_F04",5,4,942,3
"R05_F04",5,4,943,3
"R05_F04",5,4,944,3
"R05_F04",5,4,945,1
"R05_F04",5,4,946,3
"R05_F04",5,4,947,1
"R05_F04",5,4,948,4
"R05_F04",5,4,949,3
"R05_F04",5,4,951,1
"R05_F04",5,4,952,2
"R05_F04",5,4,953,4
"R05_F04",5,4,954,2
"R05_F04",5,4,955,2
"R05_F04",5,4,957,4
"R05_F04",5,4,958,1
"R05_F04",5,4,959,3
"R05_F04",5,4,961,3
"R05_F04",5,4,962,3
"R05_F04",5,4,965,1
"R05_F04",5,4,966,3
"R05_F04",5,4,968,2
"R05_F04",5,4,969,2
"R05_F04",5,4,970,1
"R05_F04",5,4,971,4
"R05_F04",5,4,972,1
"R05_F04",5,4,974,3
"R05_F04",5,4,975,1
"R05_F04",5,4,976,2
"R05_F04",5,4,977,3
"R05_F04",5,4,978,2
"R05_F04",5,4,979,2
"R05_F04",5,4,980,3
"R05_F04",5,4,981,4
"R05_F04",5,4,982,3
"R05_F04",5,4,985,2
"R05_F04",5,4,986,3
"R05_F04",5,4,987,2
"R05_F04",5,4,989,3
"R05_F04",5,4,990,1
"R05_F04",5,4,992,2
"R05_F04",5,4,995,4
"R05_F04",5,4,998,1
"R05_F04",5,4,999,4
"R05_F04",5,4,1000,2
"R05_F05",5,5,1,2
"R05_F05",5,5,3,2
"R05_F05",5,5,4,2
"R05_F05",5,5,5,1
"R05_F05",5,5,6,3
"R05_F05",5,5,7,4
"R05_F05",5,5,8,2
"R05_F05",5,5,9,3
"R05_F05",5,5,10,4
"R05_F05",5,5,11,3
"R05_F05",5,5,13,3
"R05_F05",5,5,14,1
"R05_F05",5,5,15,4
"R05_F05",5,5,16,1
"R05_F05",5,5,17,4
"R05_F05",5,5,18,4
"R05_F05",5,5,19,4
"R05_F05",5,5,20,3
"R05_F05",5,5,21,2
"R05_F05",5,5,22,4
"R05_F05",5,5,23,1
"R05_F05",5,5,24,2
"R05_F05",5,5,25,3
"R05_F05",5,5,27,4
"R05_F05",5,5,29,1
"R05_F05",5,5,31,2
"R05_F05",5,5,32,1
"R05_F05",5,5,33,1
"R05_F05",5,5,34,3
"R05_F05",5,5,35,2
"R05_F05",5,5,36,2
"R05_F05",5,5,37,4
"R05_F05",5,5,38,1
"R05_F05",5,5,39,2
"R05_F05",5,5,40,1
"R05_F05",5,5,41,1
"R05_F05",5,5,43,1
"R05_F05",5,5,44,1
"R05_F05",5,5,45,1
"R05_F05",5,5,46,3
"R05_F05",5,5,48,2
"R05_F05",5,5,49,1
"R05_F05",5,5,51,2
"R05_F05",5,5,53,4
"R05_F05",5,5,54,2
"R05_F05",5,5,55,4
"R05_F05",5,5,56,2
"R05_F05",5,5,57,4
"R05_F05",5,5,59,4
"R05_F05",5,5,60,3
"R05_F05",5,5,61,3
"R05_F05",5,5,63,3
"R05_F05",5,5,65,2
"R05_F05",5,5,66,3
"R05_F05",5,5,70,2
"R05_F05",5,5,71,1
"R05_F05",5,5,72,1
"R05_F05",5,5,76,3
"R05_F05",5,5,77,4
"R05_F05",5,5,78,4
"R05_F05",5,5,79,4
"R05_F05",5,5,80,3
"R05_F05",5,5,81,1
"R05_F05",5,5,84,4
"R05_F05",5,5,85,4
"R05_F05",5,5,86,2
"R05_F05",5,5,87,1
"R05_F05",5,5,88,2
"R05_F05",5,5,89,1
"R05_F05",5,5,90,2
"R05_F05",5,5,91,3
"R05_F05",5,5,94,4
"R05_F05",5,5,95,1
"R05_F05",5,5,96,3
"R05_F05",5,5,97,3
"R05_F05",5,5,98,2
"R05_F05",5,5,99,4
"R05_F05",5,5,100,3
"R05_F05",5,5,101,3
"R05_F05",5,5,103,4
"R05_F05",5,5,104,2
"R05_F05",5,5,105,4
"R05_F05",5,5,106,2
"R05_F05",5,5,107,3
"R05_F05",5,5,108,4
"R05_F05",5,5,109,3
"R05_F05",5,5,110,4
"R05_F05",5,5,112,4
"R05_F05",5,5,113,2
"R05_F05",5,5,114,3
"R05_F05",5,5,115,4
"R05_F05",5,5,116,4
"R05_F05",5,5,117,3
"R05_F05",5,5,118,1
"R05_F05",5,5,119,2
"R05_F05",5,5,121,1
"R05_F05",5,5,122,4
"R05_F05",5,5,123,2
"R05_F05",5,5,124,3
"R05_F05",5,5,125,4
"R05_F05",5,5,126,1
"R05_F05",5,5,128,2
"R05_F05",5,5,129,3
"R05_F05",5,5,130,4
"R05_F05",5,5,131,4
"R05_F05",5,5,132,3
"R05_F05",5,5,134,1
"R05_F05",5,5,135,1
"R05_F05",5,5,136,3
"R05_F05",5,5,138,4
"R05_F05",5,5,139,4
"R05_F05",5,5,140,4
"R05_F05",5,5,142,2
"R05_F05",5,5,143,3
"R05_F05",5,5,144,1
"R05_F05",5,5,146,3
"R05_F05",5,5,147,1
"R05_F05",5,5,149,1
"R05_F05",5,5,150,2
"R05_F05",5,5,151,2
"R05_F05",5,5,152,1
"R05_F05",5,5,153,2
"R05_F05",5,5,155,2
"R05_F05",5,5,156,3
"R05_F05",5,5,157,2
"R05_F05",5,5,158,2
"R05_F05",5,5,160,3
"R05_F05",5,5,161,4
"R05_F05",5,5,162,2
"R05_F05",5,5,163,1
"R05_F05",5,5,164,4
"R05_F05",5,5,165,3
"R05_F05",5,5,167,3
"R05_F05",5,5,168,2
"R05_F05",5,5,169,3
"R05_F05",5,5,171,2
"R05_F05",5,5,172,2
"R05_F05",5,5,173,4
"R05_F05",5,5,174,4
"R05_F05",5,5,175,4
"R05_F05",5,5,176,4
"R05_F05",5,5,177,1
"R05_F05",5,5,178,1
"R05_F05",5,5,179,2
"R05_F05",5,5,180,3
"R05_F05",5,5,181,2
"R05_F05",5,5,182,3
"R05_F05",5,5,183,4
"R05_F05",5,5,184,2
"R05_F05",5,5,186,3
"R05_F05",5,5,187,2
"R05_F05",5,5,189,1
"R05_F05",5,5,190,2
"R05_F05",5,5,191,3
"R05_F05",5,5,192,3
"R05_F05",5,5,193,1
"R05_F05",5,5,194,2
"R05_F05",5,5,196,2
"R05_F05",5,5,197,1
"R05_F05",5,5,198,2
"R05_F05",5,5,199,4
"R05_F05",5,5,200,4
"R05_F05",5,5,201,4
"R05_F05",5,5,202,2
"R05_F05",5,5,204,2
"R05_F05",5,5,206,1
"R05_F05",5,5,207,1
"R05_F05",5,5,208,2
"R05_F05",5,5,209,2
"R05_F05",5,5,211,2
"R05_F05",5,5,212,2
"R05_F05",5,5,213,1
"R05_F05",5,5,214,4
"R05_F05",5,5,215,1
"R05_F05",5,5,216,3
"R05_F05",5,5,217,3
"R05_F05",5,5,218,3
"R05_F05",5,5,219,2
"R05_F05",5,5,220,1
"R05_F05",5,5,221,3
"R05_F05",5,5,222,3
"R05_F05",5,5,223,3
"R05_F05",5,5,224,3
"R05_F05",5,5,225,2
"R05_F05",5,5,226,1
"R05_F05",5,5,227,4
"R05_F05",5,5,228,1
"R05_F05",5,5,229,4
"R05_F05",5,5,230,2
"R05_F05",5,5,231,1
"R05_F05",5,5,232,4
"R05_F05",5,5,233,2
"R05_F05",5,5,234,1
"R05_F05",5,5,235,3
"R05_F05",5,5,236,3
"R05_F05",5,5,238,2
"R05_F05",5,5,240,2
"R05_F05",5,5,241,2
"R05_F05",5,5,242,4
"R05_F05",5,5,243,3
"R05_F05",5,5,244,2
"R05_F05",5,5,246,4
"R05_F05",5,5,247,1
"R05_F05",5,5,248,1
"R05_F05",5,5,250,4
"R05_F05",5,5,251,4
"R05_F05",5,5,256,1
"R05_F05",5,5,257,2
"R05_F05",5,5,258,1
"R05_F05",5,5,259,1
"R05_F05",5,5,261,1
"R05_F05",5,5,262,2
"R05_F05",5,5,265,1
"R05_F05",5,5,266,3
"R05_F05",5,5,267,3
"R05_F05",5,5,268,4
"R05_F05",5,5,269,2
"R05_F05",5,5,270,1
"R05_F05",5,5,271,3
"R05_F05",5,5,272,3
"R05_F05",5,5,275,3
"R05_F05",5,5,276,3
"R05_F05",5,5,277,1
"R05_F05",5,5,280,1
"R05_F05",5,5,281,3
"R05_F05",5,5,282,1
"R05_F05",5,5,283,2
"R05_F05",5,5,284,4
"R05_F05",5,5,287,3
"R05_F05",5,5,288,1
"R05_F05",5,5,289,3
"R05_F05",5,5,290,4
"R05_F05",5,5,291,1
"R05_F05",5,5,292,2
"R05_F05",5,5,293,4
"R05_F05",5,5,294,4
"R05_F05",5,5,296,1
"R05_F05",5,5,297,4
"R05_F05",5,5,298,3
"R05_F05",5,5,299,2
"R05_F05",5,5,300,3
"R05_F05",5,5,301,2
"R05_F05",5,5,302,2
"R05_F05",5,5,303,4
"R05_F05",5,5,305,1
"R05_F05",5,5,306,2
"R05_F05",5,5,307,4
"R05_F05",5,5,308,1
"R05_F05",5,5,309,1
"R05_F05",5,5,310,2
"R05_F05",5,5,311,1
"R05_F05",5,5,314,2
"R05_F05",5,5,315,3
"R05_F05",5,5,316,3
"R05_F05",5,5,317,1
"R05_F05",5,5,318,3
"R05_F05",5,5,321,3
"R05_F05",5,5,322,1
"R05_F05",5,5,324,2
"R05_F05",5,5,325,4
"R05_F05",5,5,329,1
"R05_F05",5,5,330,2
"R05_F05",5,5,331,2
"R05_F05",5,5,333,4
"R05_F05",5,5,334,3
"R05_F05",5,5,337,4
"R05_F05",5,5,338,1
"R05_F05",5,5,339,2
"R05_F05",5,5,341,1
"R05_F05",5,5,343,1
"R05_F05",5,5,345,4
"R05_F05",5,5,346,3
"R05_F05",5,5,347,2
"R05_F05",5,5,348,1
"R05_F05",5,5,349,4
"R05_F05",5,5,350,4
"R05_F05",5,5,352,1
"R05_F05",5,5,353,4
"R05_F05",5,5,355,4
"R05_F05",5,5,357,3
"R05_F05",5,5,359,2
"R05_F05",5,5,360,3
"R05_F05",5,5,362,2
"R05_F05",5,5,364,4
"R05_F05",5,5,365,4
"R05_F05",5,5,366,3
"R05_F05",5,5,369,1
"R05_F05",5,5,370,3
"R05_F05",5,5,371,2
"R05_F05",5,5,373,2
"R05_F05",5,5,374,2
"R05_F05",5,5,375,2
"R05_F05",5,5,376,4
"R05_F05",5,5,379,1
"R05_F05",5,5,380,3
"R05_F05",5,5,381,3
"R05_F05",5,5,382,1
"R05_F05",5,5,384,4
"R05_F05",5,5,385,2
"R05_F05",5,5,387,4
"R05_F05",5,5,388,3
"R05_F05",5,5,389,3
"R05_F05",5,5,390,3
"R05_F05",5,5,391,4
"R05_F05",5,5,392,3
"R05_F05",5,5,393,2
"R05_F05",5,5,394,2
"R05_F05",5,5,395,4
"R05_F05",5,5,396,3
"R05_F05",5,5,397,1
"R05_F05",5,5,399,1
"R05_F05",5,5,403,2
"R05_F05",5,5,405,2
"R05_F05",5,5,406,2
"R05_F05",5,5,408,1
"R05_F05",5,5,409,3
"R05_F05",5,5,410,3
"R05_F05",5,5,411,2
"R05_F05",5,5,412,3
"R05_F05",5,5,413,1
"R05_F05",5,5,414,3
"R05_F05",5,5,415,4
"R05_F05",5,5,416,3
"R05_F05",5,5,417,4
"R05_F05",5,5,418,4
"R05_F05",5,5,419,4
"R05_F05",5,5,420,4
"R05_F05",5,5,421,4
"R05_F05",5,5,423,4
"R05_F05",5,5,425,3
"R05_F05",5,5,426,1
"R05_F05",5,5,427,1
"R05_F05",5,5,428,1
"R05_F05",5,5,429,3
"R05_F05",5,5,431,3
"R05_F05",5,5,432,1
"R05_F05",5,5,433,2
"R05_F05",5,5,434,3
"R05_F05",5,5,435,4
"R05_F05",5,5,436,2
"R05_F05",5,5,437,3
"R05_F05",5,5,438,4
"R05_F05",5,5,439,4
"R05_F05",5,5,440,2
"R05_F05",5,5,441,2
"R05_F05",5,5,443,1
"R05_F05",5,5,445,4
"R05_F05",5,5,446,1
"R05_F05",5,5,447,1
"R05_F05",5,5,449,1
"R05_F05",5,5,450,2
"R05_F05",5,5,451,3
"R05_F05",5,5,452,4
"R05_F05",5,5,453,2
"R05_F05",5,5,454,1
"R05_F05",5,5,455,4
"R05_F05",5,5,456,4
"R05_F05",5,5,458,3
"R05_F05",5,5,459,1
"R05_F05",5,5,460,3
"R05_F05",5,5,461,1
"R05_F05",5,5,462,1
"R05_F05",5,5,463,1
"R05_F05",5,5,464,1
"R05_F05",5,5,468,4
"R05_F05",5,5,470,2
"R05_F05",5,5,471,4
"R05_F05",5,5,472,4
"R05_F05",5,5,474,1
"R05_F05",5,5,475,1
"R05_F05",5,5,476,3
"R05_F05",5,5,477,1
"R05_F05",5,5,478,2
"R05_F05",5,5,479,4
"R05_F05",5,5,480,4
"R05_F05",5,5,481,4
"R05_F05",5,5,482,2
"R05_F05",5,5,483,1
"R05_F05",5,5,484,3
"R05_F05",5,5,485,1
"R05_F05",5,5,486,1
"R05_F05",5,5,487,4
"R05_F05",5,5,488,2
"R05_F05",5,5,489,4
"R05_F05",5,5,490,4
"R05_F05",5,5,491,2
"R05_F05",5,5,492,4
"R05_F05",5,5,493,1
"R05_F05",5,5,494,2
"R05_F05",5,5,495,2
"R05_F05",5,5,496,1
"R05_F05",5,5,497,2
"R05_F05",5,5,498,2
"R05_F05",5,5,500,4
"R05_F05",5,5,501,1
"R05_F05",5,5,502,4
"R05_F05",5,5,503,3
"R05_F05",5,5,504,3
"R05_F05",5,5,505,1
"R05_F05",5,5,506,3
"R05_F05",5,5,508,1
"R05_F05",5,5,511,2
"R05_F05",5,5,513,1
"R05_F05",5,5,514,2
"R05_F05",5,5,515,4
"R05_F05",5,5,516,1
"R05_F05",5,5,517,3
"R05_F05",5,5,519,2
"R05_F05",5,5,520,2
"R05_F05",5,5,521,4
"R05_F05",5,5,522,1
"R05_F05",5,5,523,2
"R05_F05",5,5,524,2
"R05_F05",5,5,525,1
"R05_F05",5,5,526,3
"R05_F05",5,5,527,3
"R05_F05",5,5,528,2
"R05_F05",5,5,529,2
"R05_F05",5,5,530,3
"R05_F05",5,5,531,3
"R05_F05",5,5,532,4
"R05_F05",5,5,533,2
"R05_F05",5,5,534,4
"R05_F05",5,5,535,1
"R05_F05",5,5,537,1
"R05_F05",5,5,538,2
"R05_F05",5,5,539,3
"R05_F05",5,5,540,2
"R05_F05",5,5,541,3
"R05_F05",5,5,542,1
"R05_F05",5,5,543,4
"R05_F05",5,5,544,4
"R05_F05",5,5,547,3
"R05_F05",5,5,548,4
"R05_F05",5,5,549,3
"R05_F05",5,5,551,3
"R05_F05",5,5,552,3
"R05_F05",5,5,553,4
"R05_F05",5,5,556,2
"R05_F05",5,5,557,1
"R05_F05",5,5,558,3
"R05_F05",5,5,559,1
"R05_F05",5,5,560,3
"R05_F05",5,5,561,2
"R05_F05",5,5,562,4
"R05_F05",5,5,563,1
"R05_F05",5,5,564,3
"R05_F05",5,5,565,3
"R05_F05",5,5,567,1
"R05_F05",5,5,568,1
"R05_F05",5,5,572,4
"R05_F05",5,5,573,2
"R05_F05",5,5,575,1
"R05_F05",5,5,576,3
"R05_F05",5,5,578,4
"R05_F05",5,5,579,3
"R05_F05",5,5,580,3
"R05_F05",5,5,582,4
"R05_F05",5,5,583,4
"R05_F05",5,5,584,2
"R05_F05",5,5,585,3
"R05_F05",5,5,586,1
"R05_F05",5,5,587,3
"R05_F05",5,5,588,4
"R05_F05",5,5,589,2
"R05_F05",5,5,590,1
"R05_F05",5,5,591,1
"R05_F05",5,5,593,4
"R05_F05",5,5,594,3
"R05_F05",5,5,595,2
"R05_F05",5,5,596,4
"R05_F05",5,5,597,4
"R05_F05",5,5,599,2
"R05_F05",5,5,600,4
"R05_F05",5,5,602,2
"R05_F05",5,5,604,2
"R05_F05",5,5,605,3
"R05_F05",5,5,606,4
"R05_F05",5,5,607,4
"R05_F05",5,5,611,1
"R05_F05",5,5,612,4
"R05_F05",5,5,613,3
"R05_F05",5,5,614,1
"R05_F05",5,5,615,3
"R05_F05",5,5,616,3
"R05_F05",5,5,617,2
"R05_F05",5,5,618,2
"R05_F05",5,5,619,1
"R05_F05",5,5,620,3
"R05_F05",5,5,621,1
"R05_F05",5,5,622,4
"R05_F05",5,5,623,1
"R05_F05",5,5,624,3
"R05_F05",5,5,625,4
"R05_F05",5,5,626,3
"R05_F05",5,5,627,3
"R05_F05",5,5,628,3
"R05_F05",5,5,629,1
"R05_F05",5,5,630,2
"R05_F05",5,5,631,1
"R05_F05",5,5,632,2
"R05_F05",5,5,633,2
"R05_F05",5,5,634,1
"R05_F05",5,5,635,3
"R05_F05",5,5,636,1
"R05_F05",5,5,637,1
"R05_F05",5,5,638,4
"R05_F05",5,5,639,4
"R05_F05",5,5,641,3
"R05_F05",5,5,642,3
"R05_F05",5,5,643,4
"R05_F05",5,5,644,4
"R05_F05",5,5,647,1
"R05_F05",5,5,648,4
"R05_F05",5,5,649,3
"R05_F05",5,5,650,2
"R05_F05",5,5,651,3
"R05_F05",5,5,652,2
"R05_F05",5,5,653,3
"R05_F05",5,5,654,3
"R05_F05",5,5,656,1
"R05_F05",5,5,657,2
"R05_F05",5,5,658,2
"R05_F05",5,5,659,3
"R05_F05",5,5,661,2
"R05_F05",5,5,662,3
"R05_F05",5,5,663,4
"R05_F05",5,5,665,1
"R05_F05",5,5,666,4
"R05_F05",5,5,668,4
"R05_F05",5,5,669,3
"R05_F05",5,5,670,2
"R05_F05",5,5,671,3
"R05_F05",5,5,673,3
"R05_F05",5,5,674,2
"R05_F05",5,5,675,4
"R05_F05",5,5,676,1
"R05_F05",5,5,677,4
"R05_F05",5,5,678,1
"R05_F05",5,5,681,1
"R05_F05",5,5,682,2
"R05_F05",5,5,683,1
"R05_F05",5,5,684,1
"R05_F05",5,5,685,4
"R05_F05",5,5,686,4
"R05_F05",5,5,687,3
"R05_F05",5,5,688,3
"R05_F05",5,5,689,3
"R05_F05",5,5,690,2
"R05_F05",5,5,694,4
"R05_F05",5,5,695,2
"R05_F05",5,5,696,2
"R05_F05",5,5,697,3
"R05_F05",5,5,698,4
"R05_F05",5,5,699,1
"R05_F05",5,5,701,4
"R05_F05",5,5,702,2
"R05_F05",5,5,703,3
"R05_F05",5,5,704,1
"R05_F05",5,5,705,1
"R05_F05",5,5,706,1
"R05_F05",5,5,707,4
"R05_F05",5,5,708,4
"R05_F05",5,5,709,2
"R05_F05",5,5,711,2
"R05_F05",5,5,713,3
"R05_F05",5,5,714,1
"R05_F05",5,5,715,1
"R05_F05",5,5,716,2
"R05_F05",5,5,717,4
"R05_F05",5,5,719,2
"R05_F05",5,5,721,4
"R05_F05",5,5,722,3
"R05_F05",5,5,723,2
"R05_F05",5,5,725,4
"R05_F05",5,5,726,2
"R05_F05",5,5,727,4
"R05_F05",5,5,728,3
"R05_F05",5,5,730,4
"R05_F05",5,5,732,3
"R05_F05",5,5,733,2
"R05_F05",5,5,734,3
"R05_F05",5,5,735,2
"R05_F05",5,5,736,1
"R05_F05",5,5,737,2
"R05_F05",5,5,739,4
"R05_F05",5,5,741,3
"R05_F05",5,5,744,3
"R05_F05",5,5,745,3
"R05_F05",5,5,747,2
"R05_F05",5,5,748,1
"R05_F05",5,5,749,1
"R05_F05",5,5,751,1
"R05_F05",5,5,752,2
"R05_F05",5,5,753,3
"R05_F05",5,5,754,2
"R05_F05",5,5,755,1
"R05_F05",5,5,757,3
"R05_F05",5,5,759,1
"R05_F05",5,5,761,3
"R05_F05",5,5,762,3
"R05_F05",5,5,763,4
"R05_F05",5,5,764,1
"R05_F05",5,5,765,3
"R05_F05",5,5,766,4
"R05_F05",5,5,768,4
"R05_F05",5,5,769,3
"R05_F05",5,5,770,2
"R05_F05",5,5,771,1
"R05_F05",5,5,772,1
"R05_F05",5,5,773,1
"R05_F05",5,5,774,3
"R05_F05",5,5,776,1
"R05_F05",5,5,777,4
"R05_F05",5,5,778,4
"R05_F05",5,5,779,4
"R05_F05",5,5,780,4
"R05_F05",5,5,782,2
"R05_F05",5,5,783,2
"R05_F05",5,5,784,4
"R05_F05",5,5,785,2
"R05_F05",5,5,786,1
"R05_F05",5,5,787,3
"R05_F05",5,5,788,1
"R05_F05",5,5,789,1
"R05_F05",5,5,790,1
"R05_F05",5,5,792,3
"R05_F05",5,5,794,1
"R05_F05",5,5,795,1
"R05_F05",5,5,796,2
"R05_F05",5,5,797,1
"R05_F05",5,5,799,2
"R05_F05",5,5,801,1
"R05_F05",5,5,802,1
"R05_F05",5,5,803,3
"R05_F05",5,5,805,3
"R05_F05",5,5,807,1
"R05_F05",5,5,808,2
"R05_F05",5,5,809,4
"R05_F05",5,5,810,1
"R05_F05",5,5,811,2
"R05_F05",5,5,812,1
"R05_F05",5,5,813,2
"R05_F05",5,5,814,3
"R05_F05",5,5,815,4
"R05_F05",5,5,816,4
"R05_F05",5,5,817,1
"R05_F05",5,5,818,2
"R05_F05",5,5,819,4
"R05_F05",5,5,820,1
"R05_F05",5,5,821,3
"R05_F05",5,5,822,2
"R05_F05",5,5,823,1
"R05_F05",5,5,824,4
"R05_F05",5,5,825,4
"R05_F05",5,5,826,2
"R05_F05",5,5,827,2
"R05_F05",5,5,828,3
"R05_F05",5,5,829,4
"R05_F05",5,5,830,2
"R05_F05",5,5,831,3
"R05_F05",5,5,833,4
"R05_F05",5,5,834,4
"R05_F05",5,5,835,1
"R05_F05",5,5,836,2
"R05_F05",5,5,837,2
"R05_F05",5,5,838,3
"R05_F05",5,5,840,1
"R05_F05",5,5,841,2
"R05_F05",5,5,843,2
"R05_F05",5,5,844,2
"R05_F05",5,5,846,1
"R05_F05",5,5,847,4
"R05_F05",5,5,848,4
"R05_F05",5,5,849,1
"R05_F05",5,5,850,4
"R05_F05",5,5,852,3
"R05_F05",5,5,853,1
"R05_F05",5,5,854,4
"R05_F05",5,5,856,4
"R05_F05",5,5,857,4
"R05_F05",5,5,858,2
"R05_F05",5,5,859,2
"R05_F05",5,5,861,1
"R05_F05",5,5,862,3
"R05_F05",5,5,865,1
"R05_F05",5,5,866,3
"R05_F05",5,5,868,1
"R05_F05",5,5,869,3
"R05_F05",5,5,870,1
"R05_F05",5,5,871,1
"R05_F05",5,5,872,4
"R05_F05",5,5,873,4
"R05_F05",5,5,874,3
"R05_F05",5,5,875,3
"R05_F05",5,5,876,2
"R05_F05",5,5,877,4
"R05_F05",5,5,878,2
"R05_F05",5,5,879,3
"R05_F05",5,5,882,1
"R05_F05",5,5,883,4
"R05_F05",5,5,884,4
"R05_F05",5,5,885,3
"R05_F05",5,5,886,3
"R05_F05",5,5,887,1
"R05_F05",5,5,890,4
"R05_F05",5,5,891,1
"R05_F05",5,5,892,1
"R05_F05",5,5,893,2
"R05_F05",5,5,894,3
"R05_F05",5,5,895,2
"R05_F05",5,5,896,3
"R05_F05",5,5,897,3
"R05_F05",5,5,898,4
"R05_F05",5,5,899,4
"R05_F05",5,5,900,3
"R05_F05",5,5,901,4
"R05_F05",5,5,902,1
"R05_F05",5,5,903,3
"R05_F05",5,5,904,3
"R05_F05",5,5,905,2
"R05_F05",5,5,906,2
"R05_F05",5,5,908,4
"R05_F05",5,5,909,3
"R05_F05",5,5,911,3
"R05_F05",5,5,912,2
"R05_F05",5,5,913,1
"R05_F05",5,5,914,2
"R05_F05",5,5,916,3
"R05_F05",5,5,917,3
"R05_F05",5,5,921,3
"R05_F05",5,5,923,4
"R05_F05",5,5,924,1
"R05_F05",5,5,925,3
"R05_F05",5,5,926,4
"R05_F05",5,5,927,2
"R05_F05",5,5,928,1
"R05_F05",5,5,929,4
"R05_F05",5,5,930,3
"R05_F05",5,5,931,2
"R05_F05",5,5,932,1
"R05_F05",5,5,933,2
"R05_F05",5,5,934,2
"R05_F05",5,5,935,2
"R05_F05",5,5,936,4
"R05_F05",5,5,937,1
"R05_F05",5,5,938,3
"R05_F05",5,5,940,2
"R05_F05",5,5,941,1
"R05_F05",5,5,942,4
"R05_F05",5,5,943,2
"R05_F05",5,5,944,1
"R05_F05",5,5,945,2
"R05_F05",5,5,947,4
"R05_F05",5,5,949,2
"R05_F05",5,5,950,3
"R05_F05",5,5,951,1
"R05_F05",5,5,953,1
"R05_F05",5,5,954,2
"R05_F05",5,5,955,2
"R05_F05",5,5,956,4
"R05_F05",5,5,957,3
"R05_F05",5,5,958,3
"R05_F05",5,5,959,3
"R05_F05",5,5,960,3
"R05_F05",5,5,961,4
"R05_F05",5,5,962,1
"R05_F05",5,5,963,4
"R05_F05",5,5,964,1
"R05_F05",5,5,965,1
"R05_F05",5,5,966,1
"R05_F05",5,5,967,3
"R05_F05",5,5,968,2
"R05_F05",5,5,969,3
"R05_F05",5,5,970,3
"R05_F05",5,5,971,3
"R05_F05",5,5,972,2
"R05_F05",5,5,973,4
"R05_F05",5,5,975,4
"R05_F05",5,5,976,4
"R05_F05",5,5,977,4
"R05_F05",5,5,979,3
"R05_F05",5,5,980,1
"R05_F05",5,5,981,2
"R05_F05",5,5,982,4
"R05_F05",5,5,983,1
"R05_F05",5,5,984,1
"R05_F05",5,5,985,4
"R05_F05",5,5,986,1
"R05_F05",5,5,987,4
"R05_F05",5,5,988,2
"R05_F05",5,5,989,2
"R05_F05",5,5,991,2
"R05_F05",5,5,992,2
"R05_F05",5,5,993,4
"R05_F05",5,5,994,4
"R05_F05",5,5,996,2
"R05_F05",5,5,997,4
"R05_F05",5,5,998,4
"R05_F05",5,5,999,3
